Original Value,Processed Value
[],CP2D7_HUMAN
[],PIOS1_HUMAN
[],MOTSC_HUMAN
[],CD3CH_HUMAN
[],NBDY_HUMAN
[],CIROP_HUMAN
[],S12A8_HUMAN
[],RBM47_HUMAN
[],IFT56_HUMAN
[],TM129_HUMAN
[],E2F8_HUMAN
[],UBA6_HUMAN
[],ESYT2_HUMAN
[],ESYT3_HUMAN
[],MED19_HUMAN
[],BLT3B_HUMAN
[],POTB3_HUMAN
[],IGLC7_HUMAN
[],SHOT1_HUMAN
[],SC5AA_HUMAN
[],FEZF1_HUMAN
[],T120B_HUMAN
[],CLRN2_HUMAN
[],RHG10_HUMAN
[],IRGM_HUMAN
[],F170A_HUMAN
[],ANO9_HUMAN
[],S22AN_HUMAN
[],ODAM_HUMAN
[],F168B_HUMAN
[],PXDNL_HUMAN
[],HACL2_HUMAN
[],U2QL1_HUMAN
[],SYCE3_HUMAN
[],PKHG3_HUMAN
[],ELOV7_HUMAN
[],SRCRL_HUMAN
[],FSD2_HUMAN
[],SPD2B_HUMAN
[],CBAR1_HUMAN
[],MACD2_HUMAN
[],ZC12D_HUMAN
[],FRMD3_HUMAN
[],CCD78_HUMAN
[],HFM1_HUMAN
[],NBAS_HUMAN
[],SYTC2_HUMAN
[],TM218_HUMAN
[],TESP1_HUMAN
[],HYKK_HUMAN
[],MEIOC_HUMAN
[],CCD66_HUMAN
[],TYW5_HUMAN
[],MBPHL_HUMAN
[],T131L_HUMAN
[],SSPO_HUMAN
[],VWA8_HUMAN
[],LAMB4_HUMAN
[],ISPD_HUMAN
[],F221A_HUMAN
[],GSAP_HUMAN
[],GTPBA_HUMAN
[],WDR91_HUMAN
[],PRS37_HUMAN
[],CC14C_HUMAN
[],MBLC1_HUMAN
[],PM2P1_HUMAN
[],EME2_HUMAN
[],XIRP2_HUMAN
[],POTEF_HUMAN
[],CL18A_HUMAN
[],VP37C_HUMAN
[],ODAD3_HUMAN
[],CFA69_HUMAN
[],PSB11_HUMAN
[],PSD1_HUMAN
[],PEDS1_HUMAN
[],5HT3E_HUMAN
[],CNOT1_HUMAN
[],CRNS1_HUMAN
[],MEG11_HUMAN
[],BDP1_HUMAN
[],F221B_HUMAN
[],CC88B_HUMAN
[],NKX26_HUMAN
[],JUNO_HUMAN
[],FA83G_HUMAN
[],PALM3_HUMAN
[],RBY1B_HUMAN
[],PGP_HUMAN
[],TMM8B_HUMAN
[],RCCD1_HUMAN
[],GG6L9_HUMAN
[],TIKI2_HUMAN
[],TCAF2_HUMAN
[],MFS2B_HUMAN
[],SDHF1_HUMAN
[],PCARE_HUMAN
[],OOEP_HUMAN
[],GGT3_HUMAN
[],TBAL3_HUMAN
[],FBLL1_HUMAN
[],SMHD1_HUMAN
[],CAST2_HUMAN
[],MSGN1_HUMAN
[],MYMK_HUMAN
[],LIRA5_HUMAN
[],U119B_HUMAN
[],WTIP_HUMAN
[],NKX63_HUMAN
[],MET15_HUMAN
[],IRG1_HUMAN
[],LIPT2_HUMAN
[],RASFA_HUMAN
[],PCX2_HUMAN
[],ARI3C_HUMAN
[],CO6A6_HUMAN
[],IFM5_HUMAN
[],TTL13_HUMAN
[],S38A8_HUMAN
[],UBP27_HUMAN
[],TBB8B_HUMAN
[],TTLL8_HUMAN
[],ZSWM8_HUMAN
[],MYH7B_HUMAN
[],RHG32_HUMAN
[],TBKB1_HUMAN
[],SRRM4_HUMAN
[],SOBP_HUMAN
[],P121C_HUMAN
[],WASH1_HUMAN
[],A2ML1_HUMAN
[],CLM7_HUMAN
[],CLCA1_HUMAN
[],OCAT2_HUMAN
[],SFI1_HUMAN
[],ZN785_HUMAN
[],GBRR3_HUMAN
[],CRTP1_HUMAN
[],NEU1B_HUMAN
[],CENPX_HUMAN
[],CMI2B_HUMAN
[],GNAT3_HUMAN
[],FOXI3_HUMAN
[],NOTO_HUMAN
[],BBIP1_HUMAN
[],SMTL1_HUMAN
[],CSKMT_HUMAN
[],VGLL3_HUMAN
[],HECA2_HUMAN
[],P20L1_HUMAN
[],BECN2_HUMAN
[],MEI4_HUMAN
[],GRCR1_HUMAN
[],NUD19_HUMAN
[],KCNU1_HUMAN
[],LEUTX_HUMAN
[],CO6A5_HUMAN
[],IMA8_HUMAN
[],MI4GD_HUMAN
[],AHRR_HUMAN
[],MYO1G_HUMAN
[],DESPR_HUMAN
[],HACD1_HUMAN
[],ESPN_HUMAN
[],MYO9A_HUMAN
[],VWC2L_HUMAN
[],SMIM1_HUMAN
[],ZBT42_HUMAN
[],KDM4E_HUMAN
[],IQIP1_HUMAN
[],TARM1_HUMAN
[],KCJ18_HUMAN
[],GPHRA_HUMAN
[],WASH3_HUMAN
[],PATL2_HUMAN
[],MCRI1_HUMAN
[],KBTBD_HUMAN
[],AK1BF_HUMAN
[],KLRF2_HUMAN
[],MCIN_HUMAN
[],STMP1_HUMAN
[],SO1BT_HUMAN
[],SUMO5_HUMAN
[],TM250_HUMAN
[],TGR3L_HUMAN
[],SIM22_HUMAN
[],IFNL4_HUMAN
[],MIDUO_HUMAN
[],DCDC1_HUMAN
[],DNS2A_HUMAN
[],ADAS_HUMAN
[],UBXN8_HUMAN
[],KIF2A_HUMAN
[],SGK1_HUMAN
[],KITM_HUMAN
[],FZD9_HUMAN
[],DX39A_HUMAN
[],PDLI1_HUMAN
[],BACH_HUMAN
[],GPR25_HUMAN
[],MYO1C_HUMAN
[],MYO1F_HUMAN
[],SNP23_HUMAN
[],HAX1_HUMAN
[],EYA2_HUMAN
[],PLM_HUMAN
[],AIP_HUMAN
[],CCL24_HUMAN
[],GTPB1_HUMAN
[],KCNK1_HUMAN
[],LEG9_HUMAN
[],STXB3_HUMAN
[],MASP2_HUMAN
[],AP4M1_HUMAN
[],ARVC_HUMAN
[],RB27B_HUMAN
[],HRK_HUMAN
[],AP3B1_HUMAN
[],ST2B1_HUMAN
[],TLR4_HUMAN
[],RHOD_HUMAN
[],APBB1_HUMAN
[],LEG8_HUMAN
[],NDUS8_HUMAN
[],HYAS3_HUMAN
[],TR10A_HUMAN
[],IKBE_HUMAN
[],GRM8_HUMAN
[],PSD11_HUMAN
[],PSD12_HUMAN
[],PSMD9_HUMAN
[],RN103_HUMAN
[],BMR1B_HUMAN
[],SIRB1_HUMAN
[],ATOX1_HUMAN
[],AGRP_HUMAN
[],PAR3_HUMAN
[],MEN1_HUMAN
[],CBX4_HUMAN
[],GET1_HUMAN
[],PGRC1_HUMAN
[],SPT5H_HUMAN
[],TAF4_HUMAN
[],GPR31_HUMAN
[],DFFA_HUMAN
[],RFXAP_HUMAN
[],HIP1_HUMAN
[],LFTY2_HUMAN
[],TULP1_HUMAN
[],CLIC1_HUMAN
[],TR11B_HUMAN
[],EIF3F_HUMAN
[],CACB4_HUMAN
[],WWP2_HUMAN
[],CDC7_HUMAN
[],ETV2_HUMAN
[],UPK1A_HUMAN
[],BMAL1_HUMAN
[],PK3CD_HUMAN
[],ODPX_HUMAN
[],S28A1_HUMAN
[],ST1C2_HUMAN
[],MATN2_HUMAN
[],EAA5_HUMAN
[],FOXE1_HUMAN
[],LORF2_HUMAN
[],QSOX1_HUMAN
[],DCTN6_HUMAN
[],ACATN_HUMAN
[],WASL_HUMAN
[],PDE2A_HUMAN
[],FOXN3_HUMAN
[],IPO5_HUMAN
[],RPOM_HUMAN
[],EF2K_HUMAN
[],CCRL2_HUMAN
[],SAP18_HUMAN
[],EMAL1_HUMAN
[],IF2B3_HUMAN
[],DNM1L_HUMAN
[],RTCA_HUMAN
[],P3C2A_HUMAN
[],PLK4_HUMAN
[],SYT5_HUMAN
[],GFRA2_HUMAN
[],LST1_HUMAN
[],P85B_HUMAN
[],GOLI4_HUMAN
[],MANBA_HUMAN
[],TRAF5_HUMAN
[],AGRIN_HUMAN
[],PLOD2_HUMAN
[],MEIS1_HUMAN
[],EXOC5_HUMAN
[],ELL2_HUMAN
[],NPT4_HUMAN
[],BT3A3_HUMAN
[],BT3A1_HUMAN
[],NR5A2_HUMAN
[],NDUA4_HUMAN
[],PSDE_HUMAN
[],ZN593_HUMAN
[],BIN1_HUMAN
[],CLD5_HUMAN
[],IMA4_HUMAN
[],STK25_HUMAN
[],USP9Y_HUMAN
[],BCL9_HUMAN
[],FAAH1_HUMAN
[],KRIT1_HUMAN
[],UPK2_HUMAN
[],NCHL1_HUMAN
[],PESC_HUMAN
[],DLL1_HUMAN
[],CAC1A_HUMAN
[],RCAS1_HUMAN
[],SDCB1_HUMAN
[],PITM1_HUMAN
[],MPP10_HUMAN
[],NOP56_HUMAN
[],DDX3X_HUMAN
[],CXCR6_HUMAN
[],RNT2_HUMAN
[],CCL21_HUMAN
[],MFNG_HUMAN
[],ACKR2_HUMAN
[],GBRP_HUMAN
[],PODXL_HUMAN
[],FCN1_HUMAN
[],CCN1_HUMAN
[],PEX12_HUMAN
[],NPT3_HUMAN
[],PIR_HUMAN
[],CCL22_HUMAN
[],PEX7_HUMAN
[],IMA3_HUMAN
[],SARCO_HUMAN
[],TRI38_HUMAN
[],NFIB_HUMAN
[],E2F3_HUMAN
[],PPP6_HUMAN
[],WN10B_HUMAN
[],NDKM_HUMAN
[],EST2_HUMAN
[],P3C2B_HUMAN
[],MA2B1_HUMAN
[],WNT7A_HUMAN
[],F16P2_HUMAN
[],UBE2C_HUMAN
[],ACACB_HUMAN
[],PDXK_HUMAN
[],SCD_HUMAN
[],DLGP1_HUMAN
[],SH2B2_HUMAN
[],CLD4_HUMAN
[],PLPP1_HUMAN
[],PLPP3_HUMAN
[],ARI1A_HUMAN
[],BHE40_HUMAN
[],SOCS2_HUMAN
[],NRG2_HUMAN
[],SOCS7_HUMAN
[],NCKP5_HUMAN
[],AGRB1_HUMAN
[],CDKA1_HUMAN
[],AQP7_HUMAN
[],DHSD_HUMAN
[],PTPRT_HUMAN
[],C2C2L_HUMAN
[],NEMP1_HUMAN
[],ASTN1_HUMAN
[],FCHO1_HUMAN
[],CUX2_HUMAN
[],TXND9_HUMAN
[],DPYL4_HUMAN
[],SOCS3_HUMAN
[],SOCS6_HUMAN
[],CO72L_HUMAN
[],G3PT_HUMAN
[],HSPB6_HUMAN
[],RHG33_HUMAN
[],ACPM_HUMAN
[],C56D2_HUMAN
[],DC1I1_HUMAN
[],CTRO_HUMAN
[],COPE_HUMAN
[],RFXK_HUMAN
[],NCAN_HUMAN
[],CTDS2_HUMAN
[],UTY_HUMAN
[],GBGT2_HUMAN
[],BORG1_HUMAN
[],AP3D1_HUMAN
[],CCS_HUMAN
[],CXL11_HUMAN
[],CDX4_HUMAN
[],ZN195_HUMAN
[],LCE2B_HUMAN
[],ENPP3_HUMAN
[],ABLM1_HUMAN
[],DVL1_HUMAN
[],DVL2_HUMAN
[],IDLC_HUMAN
[],CHD1_HUMAN
[],CHD2_HUMAN
[],KCNK3_HUMAN
[],GOSR2_HUMAN
[],IRS4_HUMAN
[],TOR1A_HUMAN
[],TOR1B_HUMAN
[],STX16_HUMAN
[],TMG2_HUMAN
[],ADA10_HUMAN
[],ABCD4_HUMAN
[],EI24_HUMAN
[],ENC1_HUMAN
[],PTGES_HUMAN
[],KMT2D_HUMAN
[],ITBP1_HUMAN
[],TRDMT_HUMAN
[],APAF_HUMAN
[],RIOK3_HUMAN
[],IMPA2_HUMAN
[],MP2K7_HUMAN
[],ACOT8_HUMAN
[],CDIPT_HUMAN
[],PDCD5_HUMAN
[],ANM5_HUMAN
[],NHRF1_HUMAN
[],TERT_HUMAN
[],H17B6_HUMAN
[],CHK1_HUMAN
[],TR10B_HUMAN
[],GBRD_HUMAN
[],MEIS2_HUMAN
[],ZN213_HUMAN
[],FPGT_HUMAN
[],TPP1_HUMAN
[],GNB5_HUMAN
[],TCRG1_HUMAN
[],NDC80_HUMAN
[],KIF3C_HUMAN
[],NRP1_HUMAN
[],TNPO2_HUMAN
[],TNF11_HUMAN
[],APOL1_HUMAN
[],HS3S1_HUMAN
[],GDF8_HUMAN
[],UN13B_HUMAN
[],SH21B_HUMAN
[],TR10C_HUMAN
[],RPC1_HUMAN
[],TAAR5_HUMAN
[],RASM_HUMAN
[],CPLX1_HUMAN
[],PHX2A_HUMAN
[],CAN9_HUMAN
[],TSN4_HUMAN
[],PSA7_HUMAN
[],RGRF2_HUMAN
[],SCAM3_HUMAN
[],PPE1_HUMAN
[],PPE2_HUMAN
[],PAHX_HUMAN
[],TR13B_HUMAN
[],FFAR1_HUMAN
[],FFAR3_HUMAN
[],AIM2_HUMAN
[],ZNT4_HUMAN
[],BACH1_HUMAN
[],BCKD_HUMAN
[],IFIT3_HUMAN
[],MGST3_HUMAN
[],GEMI2_HUMAN
[],T4S5_HUMAN
[],IRF6_HUMAN
[],KLF11_HUMAN
[],WNT9A_HUMAN
[],WNT9B_HUMAN
[],TX1B3_HUMAN
[],GIPC1_HUMAN
[],LIN7A_HUMAN
[],PCD17_HUMAN
[],IKKB_HUMAN
[],RGS12_HUMAN
[],TIM23_HUMAN
[],FSCN2_HUMAN
[],HAT1_HUMAN
[],NCTR3_HUMAN
[],UB2L6_HUMAN
[],CSKP_HUMAN
[],PLD2_HUMAN
[],EREG_HUMAN
[],TFEC_HUMAN
[],QCR8_HUMAN
[],ML12B_HUMAN
[],CASQ2_HUMAN
[],LECT2_HUMAN
[],HGS_HUMAN
[],AURKA_HUMAN
[],RAB7L_HUMAN
[],CLGN_HUMAN
[],VP26C_HUMAN
[],MYPT1_HUMAN
[],S27A2_HUMAN
[],GAK_HUMAN
[],AZIN1_HUMAN
[],ZN263_HUMAN
[],HNRDL_HUMAN
[],XPO1_HUMAN
[],BTAF1_HUMAN
[],AT2A1_HUMAN
[],PI51B_HUMAN
[],SYN3_HUMAN
[],ARHGA_HUMAN
[],ZN609_HUMAN
[],ZN646_HUMAN
[],PDZD2_HUMAN
[],SPTN2_HUMAN
[],MAST4_HUMAN
[],SC16A_HUMAN
[],PLXB2_HUMAN
[],AREL1_HUMAN
[],TCPR2_HUMAN
[],SEM3E_HUMAN
[],SR140_HUMAN
[],SET1A_HUMAN
[],N4BP3_HUMAN
[],KDM6B_HUMAN
[],PER2_HUMAN
[],SYNJ2_HUMAN
[],ZBT39_HUMAN
[],SYNEM_HUMAN
[],ZBTB5_HUMAN
[],KIF3B_HUMAN
[],PUR4_HUMAN
[],MCF2L_HUMAN
[],ATS3_HUMAN
[],DCLK1_HUMAN
[],CE290_HUMAN
[],SNPH_HUMAN
[],ERC2_HUMAN
[],ANR28_HUMAN
[],ARHGB_HUMAN
[],MRPP3_HUMAN
[],SMAD7_HUMAN
[],IKKA_HUMAN
[],LSM1_HUMAN
[],FYB1_HUMAN
[],NPC1_HUMAN
[],TBX3_HUMAN
[],PLCB_HUMAN
[],DEGS1_HUMAN
[],ANGP2_HUMAN
[],SCAM1_HUMAN
[],SCAM2_HUMAN
[],NPFF_HUMAN
[],IMA6_HUMAN
[],ARC1B_HUMAN
[],ARPC2_HUMAN
[],ARPC3_HUMAN
[],MUSK_HUMAN
[],MDM4_HUMAN
[],BET1_HUMAN
[],ZBT7B_HUMAN
[],RPAC1_HUMAN
[],PLS1_HUMAN
[],TIF1A_HUMAN
[],LRAD4_HUMAN
[],AXIN1_HUMAN
[],PGRC2_HUMAN
[],TBXT_HUMAN
[],CETN3_HUMAN
[],CTDSL_HUMAN
[],VILL_HUMAN
[],EPHB6_HUMAN
[],SMAD9_HUMAN
[],ADEC1_HUMAN
[],UBD_HUMAN
[],ZBT22_HUMAN
[],RGL2_HUMAN
[],PFD6_HUMAN
[],WDR46_HUMAN
[],GSTA4_HUMAN
[],NKRF_HUMAN
[],GNPAT_HUMAN
[],KMO_HUMAN
[],LAMA5_HUMAN
[],ZN185_HUMAN
[],MATN3_HUMAN
[],CASC3_HUMAN
[],NDUA1_HUMAN
[],VGF_HUMAN
[],OBRG_HUMAN
[],S22A2_HUMAN
[],S22A1_HUMAN
[],CLIC2_HUMAN
[],ACOX3_HUMAN
[],RER1_HUMAN
[],NPHP1_HUMAN
[],SURF4_HUMAN
[],DFB4A_HUMAN
[],MK13_HUMAN
[],ATX7_HUMAN
[],SHOX_HUMAN
[],SPTC1_HUMAN
[],SPTC2_HUMAN
[],TELT_HUMAN
[],FANCG_HUMAN
[],OGT1_HUMAN
[],LX15B_HUMAN
[],PPM1D_HUMAN
[],GRM6_HUMAN
[],SIVA_HUMAN
[],PMM2_HUMAN
[],RA51B_HUMAN
[],RPC7_HUMAN
[],INP4B_HUMAN
[],VA0E1_HUMAN
[],TRI18_HUMAN
[],HMGB3_HUMAN
[],P73_HUMAN
[],FOXN1_HUMAN
[],GPR37_HUMAN
[],PPM1G_HUMAN
[],SHIP2_HUMAN
[],FANCA_HUMAN
[],SOX12_HUMAN
[],EIF3D_HUMAN
[],EIF3H_HUMAN
[],MOT5_HUMAN
[],HDAC3_HUMAN
[],NVL_HUMAN
[],BCAT2_HUMAN
[],SIGL5_HUMAN
[],TYY2_HUMAN
[],BIRC5_HUMAN
[],TMPS2_HUMAN
[],NCAM2_HUMAN
[],IPO8_HUMAN
[],NMDE4_HUMAN
[],STX7_HUMAN
[],TOX3_HUMAN
[],FOXP2_HUMAN
[],MOT4_HUMAN
[],COPT1_HUMAN
[],COPT2_HUMAN
[],MRP3_HUMAN
[],MRP4_HUMAN
[],MRP5_HUMAN
[],CCL25_HUMAN
[],RPA34_HUMAN
[],TLR3_HUMAN
[],MSH4_HUMAN
[],P4HA2_HUMAN
[],SIA8E_HUMAN
[],CCL16_HUMAN
[],MAGB2_HUMAN
[],MAGB4_HUMAN
[],CAN5_HUMAN
[],GLYG2_HUMAN
[],RGS16_HUMAN
[],PA2GX_HUMAN
[],YKT6_HUMAN
[],GSC2_HUMAN
[],INSI1_HUMAN
[],NUP42_HUMAN
[],ARPC5_HUMAN
[],RPB4_HUMAN
[],CLOCK_HUMAN
[],CFLAR_HUMAN
[],FGF10_HUMAN
[],NKX28_HUMAN
[],DDX3Y_HUMAN
[],SOCS1_HUMAN
[],MAFG_HUMAN
[],OGG1_HUMAN
[],CP27B_HUMAN
[],GPR42_HUMAN
[],PDPK1_HUMAN
[],TPSN_HUMAN
[],PER1_HUMAN
[],ZSC9_HUMAN
[],XLRS1_HUMAN
[],FABP7_HUMAN
[],R113A_HUMAN
[],P2RX6_HUMAN
[],KDM6A_HUMAN
[],CLD3_HUMAN
[],FFAR2_HUMAN
[],MEFV_HUMAN
[],KCNN4_HUMAN
[],ENK18_HUMAN
[],DHX15_HUMAN
[],SGSM2_HUMAN
[],MCES_HUMAN
[],ZZEF1_HUMAN
[],ASAP2_HUMAN
[],TET3_HUMAN
[],FLRT2_HUMAN
[],TTI1_HUMAN
[],PLXB1_HUMAN
[],RRP8_HUMAN
[],PJA2_HUMAN
[],SI1L1_HUMAN
[],ZBT24_HUMAN
[],CYB5B_HUMAN
[],PRP4_HUMAN
[],SIA8C_HUMAN
[],CP26A_HUMAN
[],SERA_HUMAN
[],NDUS4_HUMAN
[],RHG06_HUMAN
[],ADA12_HUMAN
[],CRX_HUMAN
[],IRAK2_HUMAN
[],PHF1_HUMAN
[],MTLR_HUMAN
[],GPR39_HUMAN
[],MSH5_HUMAN
[],SEPT4_HUMAN
[],DC1L2_HUMAN
[],KLK10_HUMAN
[],PSMD3_HUMAN
[],HXC11_HUMAN
[],RFOX2_HUMAN
[],PAPS1_HUMAN
[],SIAH2_HUMAN
[],ZNHI1_HUMAN
[],ZW10_HUMAN
[],PROD_HUMAN
[],SPIT1_HUMAN
[],TREA_HUMAN
[],EFS_HUMAN
[],M3K13_HUMAN
[],B4GT5_HUMAN
[],SNUT1_HUMAN
[],SPIT2_HUMAN
[],GPAA1_HUMAN
[],DAPK3_HUMAN
[],TGFI1_HUMAN
[],SRGP3_HUMAN
[],ZN264_HUMAN
[],ZBT43_HUMAN
[],AP5Z1_HUMAN
[],LRRT2_HUMAN
[],CP110_HUMAN
[],ADCY6_HUMAN
[],ARHG9_HUMAN
[],ZSC12_HUMAN
[],CTIF_HUMAN
[],MTSS1_HUMAN
[],ATMIN_HUMAN
[],VIP2_HUMAN
[],AQP9_HUMAN
[],PAX4_HUMAN
[],M3K7_HUMAN
[],FGF16_HUMAN
[],DHH_HUMAN
[],MCA3_HUMAN
[],RIPK2_HUMAN
[],HXA2_HUMAN
[],HXA3_HUMAN
[],RASL2_HUMAN
[],WDR62_HUMAN
[],HNRPR_HUMAN
[],PRPF3_HUMAN
[],TXNL1_HUMAN
[],TPD54_HUMAN
[],EMC8_HUMAN
[],COCH_HUMAN
[],P52K_HUMAN
[],GRID2_HUMAN
[],SYNJ1_HUMAN
[],FIBP_HUMAN
[],IF4G3_HUMAN
[],TBX1_HUMAN
[],MTG8R_HUMAN
[],PPIH_HUMAN
[],KCAB3_HUMAN
[],MGA_HUMAN
[],MBTP2_HUMAN
[],SUV91_HUMAN
[],HTRA2_HUMAN
[],KLF4_HUMAN
[],MS18B_HUMAN
[],ARK72_HUMAN
[],PROM1_HUMAN
[],E41L2_HUMAN
[],TGON2_HUMAN
[],CAC1G_HUMAN
[],RA51C_HUMAN
[],LTOR5_HUMAN
[],B4GA1_HUMAN
[],ADA20_HUMAN
[],TNF12_HUMAN
[],S26A4_HUMAN
[],MED7_HUMAN
[],WIPF1_HUMAN
[],AT8B1_HUMAN
[],B2L11_HUMAN
[],FOXO3_HUMAN
[],KCNQ3_HUMAN
[],KCNQ2_HUMAN
[],CHSTA_HUMAN
[],SMAD6_HUMAN
[],XRCC3_HUMAN
[],XRCC2_HUMAN
[],TGM5_HUMAN
[],SGCE_HUMAN
[],TNF14_HUMAN
[],FRS3_HUMAN
[],LAT_HUMAN
[],RGS14_HUMAN
[],RNF13_HUMAN
[],CAH12_HUMAN
[],AKA10_HUMAN
[],SYT7_HUMAN
[],DENR_HUMAN
[],PPIP1_HUMAN
[],XPOT_HUMAN
[],HAIR_HUMAN
[],SPY2_HUMAN
[],DNPH1_HUMAN
[],DCX_HUMAN
[],GALR2_HUMAN
[],SPY1_HUMAN
[],SPY3_HUMAN
[],OREX_HUMAN
[],OX1R_HUMAN
[],OX2R_HUMAN
[],TIM44_HUMAN
[],TPPC3_HUMAN
[],SNAI2_HUMAN
[],CHM2A_HUMAN
[],NCK2_HUMAN
[],PSCA_HUMAN
[],PLRG1_HUMAN
[],PRC1_HUMAN
[],RGS10_HUMAN
[],ZN207_HUMAN
[],NDUB5_HUMAN
[],NDUB3_HUMAN
[],NDUA2_HUMAN
[],LDB2_HUMAN
[],TCF21_HUMAN
[],GET3_HUMAN
[],BUB1_HUMAN
[],BUB3_HUMAN
[],AKA7A_HUMAN
[],PLPP2_HUMAN
[],SIGL6_HUMAN
[],ST1B1_HUMAN
[],ACTN4_HUMAN
[],MAAI_HUMAN
[],BUD23_HUMAN
[],TLX3_HUMAN
[],TRIA1_HUMAN
[],GATC_HUMAN
[],HTSF1_HUMAN
[],ERD23_HUMAN
[],CIKS_HUMAN
[],CYH3_HUMAN
[],AAKB2_HUMAN
[],CHP2_HUMAN
[],AP1G1_HUMAN
[],OR1F1_HUMAN
[],STX6_HUMAN
[],SNG1_HUMAN
[],SNG2_HUMAN
[],SNG3_HUMAN
[],TLX2_HUMAN
[],SGTA_HUMAN
[],LIAS_HUMAN
[],ENSA_HUMAN
[],MCAT_HUMAN
[],SYNC_HUMAN
[],DYRK3_HUMAN
[],KRT86_HUMAN
[],SPOP_HUMAN
[],MYO1B_HUMAN
[],SSNA1_HUMAN
[],PM34_HUMAN
[],CPSF5_HUMAN
[],LANC1_HUMAN
[],STRN_HUMAN
[],U3IP2_HUMAN
[],SCO2_HUMAN
[],HYAL3_HUMAN
[],CF410_HUMAN
[],AKAP8_HUMAN
[],B3GT2_HUMAN
[],G6PT1_HUMAN
[],ANGL7_HUMAN
[],ZBT14_HUMAN
[],IDH3B_HUMAN
[],NRDC_HUMAN
[],CALU_HUMAN
[],EDIL3_HUMAN
[],ATP9B_HUMAN
[],SAHH2_HUMAN
[],CD5L_HUMAN
[],S28A2_HUMAN
[],CREB3_HUMAN
[],XPP2_HUMAN
[],KIF1C_HUMAN
[],TLL1_HUMAN
[],PRIC3_HUMAN
[],GAS2_HUMAN
[],EXTL3_HUMAN
[],ORC5_HUMAN
[],TYOBP_HUMAN
[],VEGFD_HUMAN
[],CHST1_HUMAN
[],AIRE_HUMAN
[],NDUS5_HUMAN
[],EFNA2_HUMAN
[],PDE6D_HUMAN
[],CXL13_HUMAN
[],ORC4_HUMAN
[],PEX1_HUMAN
[],RAD21_HUMAN
[],AK1BA_HUMAN
[],TIM8A_HUMAN
[],KALRN_HUMAN
[],DHX16_HUMAN
[],ZNRD2_HUMAN
[],TM11D_HUMAN
[],MYPT2_HUMAN
[],BNI3L_HUMAN
[],3BP5_HUMAN
[],PLIN1_HUMAN
[],AGRB2_HUMAN
[],AGRB3_HUMAN
[],H6ST1_HUMAN
[],MED14_HUMAN
[],SOX15_HUMAN
[],KPRB_HUMAN
[],FGF17_HUMAN
[],KLK8_HUMAN
[],PRKN_HUMAN
[],SMCA5_HUMAN
[],ADCY3_HUMAN
[],GRIN2_HUMAN
[],JIP4_HUMAN
[],ZN292_HUMAN
[],KIF5C_HUMAN
[],ST18_HUMAN
[],NUAK1_HUMAN
[],MGRN1_HUMAN
[],SI1L3_HUMAN
[],ZC3H1_HUMAN
[],TYW4_HUMAN
[],TRAK2_HUMAN
[],KATIP_HUMAN
[],ZN500_HUMAN
[],AQR_HUMAN
[],MAST3_HUMAN
[],CE104_HUMAN
[],AT10A_HUMAN
[],OPA1_HUMAN
[],ZEB2_HUMAN
[],GANP_HUMAN
[],PI51C_HUMAN
[],KIF1B_HUMAN
[],MABP1_HUMAN
[],MARH6_HUMAN
[],KDM1A_HUMAN
[],TBCD4_HUMAN
[],PHLP1_HUMAN
[],FZD6_HUMAN
[],NUPR1_HUMAN
[],CCG3_HUMAN
[],HBP1_HUMAN
[],GDF9_HUMAN
[],NMD3B_HUMAN
[],NOBOX_HUMAN
[],AT8B3_HUMAN
[],FADS1_HUMAN
[],PEPL_HUMAN
[],GSDME_HUMAN
[],EVI5_HUMAN
[],LY75_HUMAN
[],NRP2_HUMAN
[],DSCAM_HUMAN
[],MA1A2_HUMAN
[],BRNP1_HUMAN
[],G137B_HUMAN
[],DLX3_HUMAN
[],ZIC3_HUMAN
[],PLXC1_HUMAN
[],MPZL2_HUMAN
[],ACSL4_HUMAN
[],SNX3_HUMAN
[],CUBN_HUMAN
[],DOK2_HUMAN
[],STX10_HUMAN
[],NPHN_HUMAN
[],OGA_HUMAN
[],ADCY9_HUMAN
[],VINEX_HUMAN
[],HNRPQ_HUMAN
[],TPST1_HUMAN
[],PRP17_HUMAN
[],B4GT3_HUMAN
[],B4GT4_HUMAN
[],4EBP3_HUMAN
[],CRBL2_HUMAN
[],NEMF_HUMAN
[],CIDEA_HUMAN
[],GMDS_HUMAN
[],FOXD2_HUMAN
[],NMT2_HUMAN
[],CCNT1_HUMAN
[],GREM1_HUMAN
[],BUB1B_HUMAN
[],PLOD3_HUMAN
[],IF4E2_HUMAN
[],CCNT2_HUMAN
[],TLR5_HUMAN
[],TLR2_HUMAN
[],GFRA3_HUMAN
[],DIAP1_HUMAN
[],SEP15_HUMAN
[],TSN1_HUMAN
[],TSN2_HUMAN
[],AP180_HUMAN
[],EXOC3_HUMAN
[],UD19_HUMAN
[],PDE8A_HUMAN
[],KLH41_HUMAN
[],LMX1B_HUMAN
[],PLIN3_HUMAN
[],FCMR_HUMAN
[],MOT2_HUMAN
[],RAD1_HUMAN
[],REV3L_HUMAN
[],JAK2_HUMAN
[],MAFK_HUMAN
[],ANM3_HUMAN
[],MUSC_HUMAN
[],PEX10_HUMAN
[],IMA7_HUMAN
[],SRPX2_HUMAN
[],UGDH_HUMAN
[],TPST2_HUMAN
[],ABCC9_HUMAN
[],LPXN_HUMAN
[],CTND1_HUMAN
[],NCKX1_HUMAN
[],ICMT_HUMAN
[],CC14B_HUMAN
[],PLPL9_HUMAN
[],HCN1_HUMAN
[],SNX2_HUMAN
[],GALR3_HUMAN
[],CYTIP_HUMAN
[],HPGDS_HUMAN
[],DPM1_HUMAN
[],USO1_HUMAN
[],S19A2_HUMAN
[],RT14_HUMAN
[],TOM1_HUMAN
[],TBX19_HUMAN
[],HNRC1_HUMAN
[],H2B1K_HUMAN
[],F262_HUMAN
[],CCD22_HUMAN
[],PQBP1_HUMAN
[],PAGE4_HUMAN
[],TI17B_HUMAN
[],PRAF2_HUMAN
[],DKC1_HUMAN
[],CAC1F_HUMAN
[],IF2P_HUMAN
[],ZG16_HUMAN
[],TRI13_HUMAN
[],GAS7_HUMAN
[],EDF1_HUMAN
[],KIN17_HUMAN
[],DIAP2_HUMAN
[],SH21A_HUMAN
[],MMP20_HUMAN
[],G37L1_HUMAN
[],DNJA2_HUMAN
[],BRD4_HUMAN
[],CUTA_HUMAN
[],OPHN1_HUMAN
[],RAMP1_HUMAN
[],RAMP2_HUMAN
[],RAMP3_HUMAN
[],SHOX2_HUMAN
[],NSMA_HUMAN
[],TBL1X_HUMAN
[],B4GT2_HUMAN
[],CATL2_HUMAN
[],HUS1_HUMAN
[],PFD1_HUMAN
[],PP1RB_HUMAN
[],KCJ13_HUMAN
[],RNH1_HUMAN
[],CTNS_HUMAN
[],NBN_HUMAN
[],NOL3_HUMAN
[],KERA_HUMAN
[],SCN2B_HUMAN
[],DTNB_HUMAN
[],MCE1_HUMAN
[],FCG3B_HUMAN
[],LIRA1_HUMAN
[],LIRB3_HUMAN
[],LIRB5_HUMAN
[],ABCB7_HUMAN
[],MITF_HUMAN
[],HSF2B_HUMAN
[],KI21B_HUMAN
[],PLCH2_HUMAN
[],SRGP2_HUMAN
[],PLXA2_HUMAN
[],CAPON_HUMAN
[],IGSF3_HUMAN
[],SDC3_HUMAN
[],AUXI_HUMAN
[],XYLK_HUMAN
[],TMCC2_HUMAN
[],FKTN_HUMAN
[],LRP3_HUMAN
[],ADA23_HUMAN
[],ADA11_HUMAN
[],MTG16_HUMAN
[],WDR1_HUMAN
[],FZD7_HUMAN
[],SLIT1_HUMAN
[],SLIT3_HUMAN
[],LRP4_HUMAN
[],AOC2_HUMAN
[],ATP9A_HUMAN
[],LDB3_HUMAN
[],N4BP1_HUMAN
[],ROCK2_HUMAN
[],MFA3L_HUMAN
[],CLAP2_HUMAN
[],PTCD1_HUMAN
[],COBL_HUMAN
[],ASTN2_HUMAN
[],CPNE3_HUMAN
[],ZBED4_HUMAN
[],DEPD5_HUMAN
[],ATG13_HUMAN
[],ICOSL_HUMAN
[],LIPA3_HUMAN
[],HIP1R_HUMAN
[],OBSL1_HUMAN
[],BRE1B_HUMAN
[],PHF2_HUMAN
[],ZC11A_HUMAN
[],RFIP3_HUMAN
[],CAND2_HUMAN
[],SOCS5_HUMAN
[],NPHP4_HUMAN
[],KDM4A_HUMAN
[],DJC13_HUMAN
[],PHAR2_HUMAN
[],PP6R2_HUMAN
[],ATS4_HUMAN
[],CNOT3_HUMAN
[],CREST_HUMAN
[],ANR17_HUMAN
[],SIN3B_HUMAN
[],AT2C2_HUMAN
[],DNJB6_HUMAN
[],XYLB_HUMAN
[],PX11A_HUMAN
[],LRP5_HUMAN
[],TM127_HUMAN
[],COQ9_HUMAN
[],GGCT_HUMAN
[],NDUS7_HUMAN
[],GA45B_HUMAN
[],RTN2_HUMAN
[],NDUS2_HUMAN
[],CAD16_HUMAN
[],GLRA3_HUMAN
[],ZPR1_HUMAN
[],UBP12_HUMAN
[],DUS11_HUMAN
[],NIPS2_HUMAN
[],SNN_HUMAN
[],SEM7A_HUMAN
[],HMMR_HUMAN
[],LIPA2_HUMAN
[],CILP1_HUMAN
[],PDCD6_HUMAN
[],LX12B_HUMAN
[],GCYB2_HUMAN
[],FKBP6_HUMAN
[],TBCA_HUMAN
[],VATG1_HUMAN
[],VPS4B_HUMAN
[],ENTP6_HUMAN
[],ENTP3_HUMAN
[],ENTP5_HUMAN
[],PROP1_HUMAN
[],ZN217_HUMAN
[],PITX3_HUMAN
[],TP4A3_HUMAN
[],AVIL_HUMAN
[],H2AY_HUMAN
[],SH3L1_HUMAN
[],FLNB_HUMAN
[],NCOR1_HUMAN
[],VAMP4_HUMAN
[],NDUS6_HUMAN
[],PEX14_HUMAN
[],TRIM3_HUMAN
[],ULK1_HUMAN
[],TULP3_HUMAN
[],LAT3_HUMAN
[],CISY_HUMAN
[],SC22B_HUMAN
[],DEAF1_HUMAN
[],PR40A_HUMAN
[],HYPM_HUMAN
[],TACC1_HUMAN
[],NDK6_HUMAN
[],DPOLQ_HUMAN
[],CDC45_HUMAN
[],GGYF1_HUMAN
[],MSPD3_HUMAN
[],LRCH4_HUMAN
[],MTX2_HUMAN
[],VP26A_HUMAN
[],NDUB1_HUMAN
[],MPPB_HUMAN
[],TECTA_HUMAN
[],MAF_HUMAN
[],USH2A_HUMAN
[],SAP30_HUMAN
[],MED24_HUMAN
[],KTNA1_HUMAN
[],RDH16_HUMAN
[],ERN1_HUMAN
[],E2F6_HUMAN
[],CRLF1_HUMAN
[],NR1I2_HUMAN
[],LGR5_HUMAN
[],PSIP1_HUMAN
[],ERLN1_HUMAN
[],TAD2A_HUMAN
[],SUPT3_HUMAN
[],GPC4_HUMAN
[],NDUS3_HUMAN
[],SRS10_HUMAN
[],GEMI_HUMAN
[],CLN5_HUMAN
[],HSBP1_HUMAN
[],CLD11_HUMAN
[],TNR21_HUMAN
[],ECI2_HUMAN
[],KHDR3_HUMAN
[],TADA3_HUMAN
[],TAF5L_HUMAN
[],EED_HUMAN
[],BAF_HUMAN
[],SF3B1_HUMAN
[],CSDE1_HUMAN
[],DAB1_HUMAN
[],WBP4_HUMAN
[],SG2A1_HUMAN
[],STX11_HUMAN
[],SKAP2_HUMAN
[],JERKY_HUMAN
[],PRKRA_HUMAN
[],RF1M_HUMAN
[],RPC9_HUMAN
[],ITA10_HUMAN
[],LRP6_HUMAN
[],KS6A5_HUMAN
[],MED6_HUMAN
[],MYCB2_HUMAN
[],FOXH1_HUMAN
[],PGRP1_HUMAN
[],KBL_HUMAN
[],SPAG6_HUMAN
[],GCM2_HUMAN
[],UBP2_HUMAN
[],NPM3_HUMAN
[],LYPA1_HUMAN
[],LFTY1_HUMAN
[],ERAL1_HUMAN
[],DEDD_HUMAN
[],PRDM1_HUMAN
[],REM1_HUMAN
[],CREG1_HUMAN
[],UPK3A_HUMAN
[],FCN3_HUMAN
[],CTAG2_HUMAN
[],U520_HUMAN
[],MTU1_HUMAN
[],TIPRL_HUMAN
[],OFD1_HUMAN
[],TM1L1_HUMAN
[],KS6A4_HUMAN
[],RFPL1_HUMAN
[],RFPL3_HUMAN
[],SURF6_HUMAN
[],PPM1B_HUMAN
[],ADAP1_HUMAN
[],UTP20_HUMAN
[],NU155_HUMAN
[],XRP2_HUMAN
[],CXB3_HUMAN
[],STK16_HUMAN
[],WDHD1_HUMAN
[],CRTAP_HUMAN
[],S2512_HUMAN
[],P3C2G_HUMAN
[],S22A3_HUMAN
[],B3GL1_HUMAN
[],TRPA1_HUMAN
[],RA51D_HUMAN
[],PALM_HUMAN
[],RHBL1_HUMAN
[],RENR_HUMAN
[],GRAP2_HUMAN
[],RNH2A_HUMAN
[],CD123_HUMAN
[],UDB17_HUMAN
[],ZMY10_HUMAN
[],PR15A_HUMAN
[],CAN15_HUMAN
[],BCAR3_HUMAN
[],POP7_HUMAN
[],RPP40_HUMAN
[],EIF3G_HUMAN
[],EIF3J_HUMAN
[],CBR3_HUMAN
[],CNMD_HUMAN
[],PSD10_HUMAN
[],CIB2_HUMAN
[],KLF7_HUMAN
[],UPK1B_HUMAN
[],AP1G2_HUMAN
[],FACE1_HUMAN
[],SC5D_HUMAN
[],PPR37_HUMAN
[],TPC6A_HUMAN
[],CEAM4_HUMAN
[],IDHC_HUMAN
[],GATB_HUMAN
[],SCO1_HUMAN
[],CP7B1_HUMAN
[],ATRN_HUMAN
[],RBBP9_HUMAN
[],STAM2_HUMAN
[],TNF13_HUMAN
[],AL1L1_HUMAN
[],TUSC2_HUMAN
[],ST1C4_HUMAN
[],GABR2_HUMAN
[],MMP23_HUMAN
[],DGAT1_HUMAN
[],SOAT2_HUMAN
[],CCNK_HUMAN
[],DHRS3_HUMAN
[],DGKI_HUMAN
[],PAK3_HUMAN
[],PRAF3_HUMAN
[],RGS9_HUMAN
[],SERF1_HUMAN
[],DYSF_HUMAN
[],PIAS1_HUMAN
[],PIAS2_HUMAN
[],SPF27_HUMAN
[],DCTN3_HUMAN
[],BODG_HUMAN
[],DNJC8_HUMAN
[],SPF30_HUMAN
[],RAD17_HUMAN
[],ATP5H_HUMAN
[],LYZL6_HUMAN
[],CABYR_HUMAN
[],FLOT1_HUMAN
[],CDKA2_HUMAN
[],TRIO_HUMAN
[],ATP5L_HUMAN
[],AKAP3_HUMAN
[],MPDZ_HUMAN
[],SNPC5_HUMAN
[],CBPD_HUMAN
[],SASH3_HUMAN
[],GLRX3_HUMAN
[],KRT34_HUMAN
[],KRT36_HUMAN
[],KRT37_HUMAN
[],KRT38_HUMAN
[],RL1D1_HUMAN
[],WFS1_HUMAN
[],ANXA9_HUMAN
[],CLPX_HUMAN
[],NCTR1_HUMAN
[],CDKL5_HUMAN
[],NEBL_HUMAN
[],NEUL1_HUMAN
[],S14L2_HUMAN
[],STC2_HUMAN
[],ERG24_HUMAN
[],RNF8_HUMAN
[],SYUG_HUMAN
[],CIAO1_HUMAN
[],PDE5A_HUMAN
[],DFFB_HUMAN
[],CCN5_HUMAN
[],ZFAN5_HUMAN
[],RGS20_HUMAN
[],S22A5_HUMAN
[],PDE9A_HUMAN
[],BEST1_HUMAN
[],FGF18_HUMAN
[],SRP72_HUMAN
[],JTB_HUMAN
[],CYTF_HUMAN
[],DXO_HUMAN
[],TRPM2_HUMAN
[],DDAH1_HUMAN
[],RECQ4_HUMAN
[],RECQ5_HUMAN
[],RMP_HUMAN
[],B3GA3_HUMAN
[],ST17B_HUMAN
[],ECM2_HUMAN
[],MTA2_HUMAN
[],DPM2_HUMAN
[],AQP8_HUMAN
[],CNTN5_HUMAN
[],UBP1_HUMAN
[],AL1A2_HUMAN
[],STK10_HUMAN
[],ACL6B_HUMAN
[],KPCD3_HUMAN
[],GFPT2_HUMAN
[],RGS11_HUMAN
[],TPPP_HUMAN
[],BAIP3_HUMAN
[],SLIT2_HUMAN
[],ATG12_HUMAN
[],NOL4_HUMAN
[],LTN1_HUMAN
[],AT10B_HUMAN
[],TOM70_HUMAN
[],PKHG5_HUMAN
[],IPO13_HUMAN
[],DDHD2_HUMAN
[],MYO1D_HUMAN
[],TOX4_HUMAN
[],RHBT1_HUMAN
[],DEND_HUMAN
[],MICA2_HUMAN
[],SC24D_HUMAN
[],NFASC_HUMAN
[],ST65G_HUMAN
[],FCSD2_HUMAN
[],UFL1_HUMAN
[],SRBS2_HUMAN
[],TMCC1_HUMAN
[],PHF14_HUMAN
[],SASH1_HUMAN
[],TM63A_HUMAN
[],FARP2_HUMAN
[],UBXN7_HUMAN
[],KLH18_HUMAN
[],ZN432_HUMAN
[],LRIG2_HUMAN
[],TOX_HUMAN
[],SUN1_HUMAN
[],ERLN2_HUMAN
[],PRP6_HUMAN
[],DKK1_HUMAN
[],AGRL1_HUMAN
[],ABCA8_HUMAN
[],PCF11_HUMAN
[],FRYL_HUMAN
[],NFAT5_HUMAN
[],ENDD1_HUMAN
[],CDK14_HUMAN
[],GLCE_HUMAN
[],GLSK_HUMAN
[],HAUS5_HUMAN
[],ABLM3_HUMAN
[],SLIK3_HUMAN
[],RNF37_HUMAN
[],KDM4B_HUMAN
[],RHBT3_HUMAN
[],SO2B1_HUMAN
[],MTCL2_HUMAN
[],UBP19_HUMAN
[],WDR47_HUMAN
[],TRI37_HUMAN
[],AP2A2_HUMAN
[],SC31A_HUMAN
[],CMTA2_HUMAN
[],CSTN1_HUMAN
[],CE152_HUMAN
[],ARHGF_HUMAN
[],SLIK5_HUMAN
[],HEXI1_HUMAN
[],SOX30_HUMAN
[],UPP2_HUMAN
[],OR2A4_HUMAN
[],ZO3_HUMAN
[],INMT_HUMAN
[],DIRA1_HUMAN
[],RPP14_HUMAN
[],CCNB2_HUMAN
[],KCNK2_HUMAN
[],YIF1A_HUMAN
[],UBR5_HUMAN
[],REC8_HUMAN
[],FSBP_HUMAN
[],NKX22_HUMAN
[],SCAF4_HUMAN
[],ZN202_HUMAN
[],S1PR2_HUMAN
[],NDUB6_HUMAN
[],MFN2_HUMAN
[],DUS14_HUMAN
[],SPN1_HUMAN
[],TNF15_HUMAN
[],RIMB1_HUMAN
[],ARK73_HUMAN
[],UBE4B_HUMAN
[],ZFPL1_HUMAN
[],ELP1_HUMAN
[],GBRAP_HUMAN
[],NDUA3_HUMAN
[],NDUB4_HUMAN
[],NDUB8_HUMAN
[],SCEL_HUMAN
[],CAC1H_HUMAN
[],NDUA7_HUMAN
[],VAMP5_HUMAN
[],UNC5C_HUMAN
[],CSPG5_HUMAN
[],RTN3_HUMAN
[],KLHL2_HUMAN
[],RHIT_HUMAN
[],LETM1_HUMAN
[],PCDH8_HUMAN
[],EPN2_HUMAN
[],STBD1_HUMAN
[],LERL1_HUMAN
[],ZRAB2_HUMAN
[],SNX4_HUMAN
[],ZWINT_HUMAN
[],VENTX_HUMAN
[],LC7L3_HUMAN
[],KI20A_HUMAN
[],APOL3_HUMAN
[],LRAT_HUMAN
[],SPDEF_HUMAN
[],KIF4A_HUMAN
[],MBD4_HUMAN
[],MTMR5_HUMAN
[],GOSR1_HUMAN
[],KAT7_HUMAN
[],MRP6_HUMAN
[],I18RA_HUMAN
[],GA45G_HUMAN
[],UCP5_HUMAN
[],KCNH1_HUMAN
[],ATE1_HUMAN
[],PDE8B_HUMAN
[],5HT3B_HUMAN
[],GRP1_HUMAN
[],TNKS1_HUMAN
[],CCDB1_HUMAN
[],LYPD3_HUMAN
[],EPM2A_HUMAN
[],KCNK5_HUMAN
[],VAPB_HUMAN
[],RASL1_HUMAN
[],SNAPN_HUMAN
[],MPZL1_HUMAN
[],NDUC2_HUMAN
[],NDUAA_HUMAN
[],FKBP9_HUMAN
[],CELF2_HUMAN
[],PAPS2_HUMAN
[],ABCBB_HUMAN
[],SIX3_HUMAN
[],SMC2_HUMAN
[],ATG7_HUMAN
[],TACC2_HUMAN
[],TRI16_HUMAN
[],SYFM_HUMAN
[],ZBT7A_HUMAN
[],LYPA2_HUMAN
[],IPO7_HUMAN
[],ARI2_HUMAN
[],CXB5_HUMAN
[],TFIP8_HUMAN
[],M3K6_HUMAN
[],CCN4_HUMAN
[],CCN6_HUMAN
[],GDF11_HUMAN
[],SLU7_HUMAN
[],BMP10_HUMAN
[],AGM1_HUMAN
[],GCNT3_HUMAN
[],MOCS3_HUMAN
[],RPGF3_HUMAN
[],UTS2_HUMAN
[],CD2B2_HUMAN
[],MED26_HUMAN
[],ZFYV9_HUMAN
[],CNIH1_HUMAN
[],TNF6B_HUMAN
[],ZIC2_HUMAN
[],BRI3_HUMAN
[],SOX14_HUMAN
[],SVIL_HUMAN
[],PIGN_HUMAN
[],PPN_HUMAN
[],BAG4_HUMAN
[],AHSA1_HUMAN
[],NPT2B_HUMAN
[],APOM_HUMAN
[],LCA5L_HUMAN
[],ATS2_HUMAN
[],CXB6_HUMAN
[],PARN_HUMAN
[],PSMG1_HUMAN
[],MATN4_HUMAN
[],LARG1_HUMAN
[],FMNL1_HUMAN
[],GNAS3_HUMAN
[],SGPL1_HUMAN
[],CLD7_HUMAN
[],SIX6_HUMAN
[],CNEP1_HUMAN
[],ABCA1_HUMAN
[],G6PE_HUMAN
[],CLD9_HUMAN
[],SC24A_HUMAN
[],SC24B_HUMAN
[],AGRL2_HUMAN
[],VNN1_HUMAN
[],VNN2_HUMAN
[],CLD14_HUMAN
[],CBX6_HUMAN
[],GTR10_HUMAN
[],NADK_HUMAN
[],TYDP2_HUMAN
[],SFT2B_HUMAN
[],MPC2_HUMAN
[],MET18_HUMAN
[],ETHE1_HUMAN
[],ACSL3_HUMAN
[],KLF8_HUMAN
[],RPA1_HUMAN
[],PCNT_HUMAN
[],YETS4_HUMAN
[],ADCY5_HUMAN
[],CNOT4_HUMAN
[],STABP_HUMAN
[],NET1_HUMAN
[],FSTL3_HUMAN
[],CPSF4_HUMAN
[],NFAC1_HUMAN
[],VATG2_HUMAN
[],ASML_HUMAN
[],ECEL1_HUMAN
[],CDS2_HUMAN
[],EYA4_HUMAN
[],K2C75_HUMAN
[],CEP43_HUMAN
[],BRD1_HUMAN
[],APBB3_HUMAN
[],RPP29_HUMAN
[],LY86_HUMAN
[],HERC2_HUMAN
[],CXL14_HUMAN
[],RAB3D_HUMAN
[],ERR2_HUMAN
[],SNP29_HUMAN
[],CRTAM_HUMAN
[],CPNE6_HUMAN
[],OXSR1_HUMAN
[],GGPPS_HUMAN
[],FGF19_HUMAN
[],LDOC1_HUMAN
[],SEM4F_HUMAN
[],PTBP3_HUMAN
[],IL33_HUMAN
[],STR3N_HUMAN
[],LSM8_HUMAN
[],AP2A1_HUMAN
[],WIZ_HUMAN
[],RIGI_HUMAN
[],ZMYM6_HUMAN
[],STAU1_HUMAN
[],TTC4_HUMAN
[],NDST3_HUMAN
[],TM50A_HUMAN
[],CAVN2_HUMAN
[],CER1_HUMAN
[],BAG2_HUMAN
[],BAG3_HUMAN
[],M4K4_HUMAN
[],DCMC_HUMAN
[],QORL1_HUMAN
[],AIFM1_HUMAN
[],CLD1_HUMAN
[],CLIC3_HUMAN
[],EMAL2_HUMAN
[],LATS1_HUMAN
[],GNA14_HUMAN
[],GUC1C_HUMAN
[],UCP4_HUMAN
[],NUD14_HUMAN
[],TSN15_HUMAN
[],TSN12_HUMAN
[],BPNT1_HUMAN
[],SNAI1_HUMAN
[],FADS2_HUMAN
[],DDAH2_HUMAN
[],G6B_HUMAN
[],LY66C_HUMAN
[],LY66D_HUMAN
[],ABHGA_HUMAN
[],GPAN1_HUMAN
[],FRITZ_HUMAN
[],TXD12_HUMAN
[],DLGP3_HUMAN
[],NOE2_HUMAN
[],TRUB2_HUMAN
[],ECD_HUMAN
[],MOT3_HUMAN
[],TTLL1_HUMAN
[],EPPI_HUMAN
[],SYF2_HUMAN
[],CBX7_HUMAN
[],TGM3L_HUMAN
[],TBX18_HUMAN
[],EOMES_HUMAN
[],NCTR2_HUMAN
[],TBX6_HUMAN
[],ONEC2_HUMAN
[],FTCD_HUMAN
[],ITGBL_HUMAN
[],FBLN4_HUMAN
[],SG1D1_HUMAN
[],LGI1_HUMAN
[],BY55_HUMAN
[],BMP15_HUMAN
[],S1PR4_HUMAN
[],RECK_HUMAN
[],MBD3_HUMAN
[],TOP3B_HUMAN
[],TCL1B_HUMAN
[],NUDT3_HUMAN
[],F107A_HUMAN
[],CH25H_HUMAN
[],AGR2_HUMAN
[],DRC4_HUMAN
[],APCL_HUMAN
[],PTTG1_HUMAN
[],I18BP_HUMAN
[],BCL10_HUMAN
[],NDUBA_HUMAN
[],HAND1_HUMAN
[],CLPT1_HUMAN
[],ZBED1_HUMAN
[],MOC2B_HUMAN
[],TOM40_HUMAN
[],NAPSA_HUMAN
[],PX11B_HUMAN
[],PAK4_HUMAN
[],WNT11_HUMAN
[],DNAL4_HUMAN
[],CHK2_HUMAN
[],APBA3_HUMAN
[],ACL6A_HUMAN
[],CCNE2_HUMAN
[],B3GT4_HUMAN
[],NSD2_HUMAN
[],MOC2A_HUMAN
[],HMHB1_HUMAN
[],CYB_HUMAN
[],CYB5_HUMAN
[],ADH1B_HUMAN
[],ADH1G_HUMAN
[],LDHA_HUMAN
[],AL1A1_HUMAN
[],DHE3_HUMAN
[],DYR_HUMAN
[],NB5R3_HUMAN
[],GSHR_HUMAN
[],COX1_HUMAN
[],COX2_HUMAN
[],COX3_HUMAN
[],PH4H_HUMAN
[],SODC_HUMAN
[],CERU_HUMAN
[],FA8_HUMAN
[],OTC_HUMAN
[],F13A_HUMAN
[],PNPH_HUMAN
[],HPRT_HUMAN
[],AATM_HUMAN
[],ABL1_HUMAN
[],EGFR_HUMAN
[],MOS_HUMAN
[],PGK1_HUMAN
[],KAD1_HUMAN
[],LALBA_HUMAN
[],THRB_HUMAN
[],C1R_HUMAN
[],HPT_HUMAN
[],HPTR_HUMAN
[],FA9_HUMAN
[],FA10_HUMAN
[],CFAD_HUMAN
[],PLMN_HUMAN
[],FA12_HUMAN
[],UROK_HUMAN
[],TPA_HUMAN
[],CFAB_HUMAN
[],RENI_HUMAN
[],ADA_HUMAN
[],ATP6_HUMAN
[],CAH1_HUMAN
[],CAH2_HUMAN
[],ASSY_HUMAN
[],OAS1_HUMAN
[],ISK1_HUMAN
[],ANT3_HUMAN
[],A1AT_HUMAN
[],AACT_HUMAN
[],ANGT_HUMAN
[],A2MG_HUMAN
[],CO3_HUMAN
[],CO5_HUMAN
[],TIMP1_HUMAN
[],CYTC_HUMAN
[],CYTS_HUMAN
[],CYTN_HUMAN
[],CYTA_HUMAN
[],KNG1_HUMAN
[],FOS_HUMAN
[],MYC_HUMAN
[],RASN_HUMAN
[],RASH_HUMAN
[],RASK_HUMAN
[],PDGFB_HUMAN
[],LDLR_HUMAN
[],EGF_HUMAN
[],TGFA_HUMAN
[],TGFB1_HUMAN
[],NGF_HUMAN
[],GON1_HUMAN
[],ANF_HUMAN
[],NEU1_HUMAN
[],NEU2_HUMAN
[],COLI_HUMAN
[],PENK_HUMAN
[],PDYN_HUMAN
[],GLHA_HUMAN
[],TSHB_HUMAN
[],FSHB_HUMAN
[],LSHB_HUMAN
[],PRL_HUMAN
[],SOMA_HUMAN
[],SOM2_HUMAN
[],CALC_HUMAN
[],THYG_HUMAN
[],PTHY_HUMAN
[],GLUC_HUMAN
[],VIP_HUMAN
[],SLIB_HUMAN
[],PAHO_HUMAN
[],NPY_HUMAN
[],INS_HUMAN
[],IGF2_HUMAN
[],GAST_HUMAN
[],TNFB_HUMAN
[],TNFA_HUMAN
[],IFNA1_HUMAN
[],IFNA2_HUMAN
[],IFNA7_HUMAN
[],IFN21_HUMAN
[],IFN14_HUMAN
[],IFN17_HUMAN
[],IFNB_HUMAN
[],IFNG_HUMAN
[],IL1A_HUMAN
[],IL1B_HUMAN
[],EPO_HUMAN
[],IL2RA_HUMAN
[],IGJ_HUMAN
[],KVD33_HUMAN
[],KV133_HUMAN
[],KV139_HUMAN
[],KV105_HUMAN
[],KVD28_HUMAN
[],KV320_HUMAN
[],LV144_HUMAN
[],LV147_HUMAN
[],LV151_HUMAN
[],LV214_HUMAN
[],LV223_HUMAN
[],LV211_HUMAN
[],LV208_HUMAN
[],LV657_HUMAN
[],CD4_HUMAN
[],CD8A_HUMAN
[],HV169_HUMAN
[],HV323_HUMAN
[],HV330_HUMAN
[],HV333_HUMAN
[],HV307_HUMAN
[],HV270_HUMAN
[],HV205_HUMAN
[],HV459_HUMAN
[],PIGR_HUMAN
[],IGKC_HUMAN
[],TRAC_HUMAN
[],TRBC1_HUMAN
[],IGHE_HUMAN
[],IGHG1_HUMAN
[],IGHG2_HUMAN
[],IGHG3_HUMAN
[],IGHG4_HUMAN
[],IGHM_HUMAN
[],IGHA1_HUMAN
[],IGHA2_HUMAN
[],IGHD_HUMAN
[],HLAB_HUMAN
[],HLAH_HUMAN
[],DRA_HUMAN
[],DQA2_HUMAN
[],DQA1_HUMAN
[],DRB1_HUMAN
[],DQB1_HUMAN
[],HBAZ_HUMAN
[],HBD_HUMAN
[],HBE_HUMAN
[],MYG_HUMAN
[],CO1A1_HUMAN
[],CO2A1_HUMAN
[],CO3A1_HUMAN
[],CO4A1_HUMAN
[],CRYAA_HUMAN
[],CRYAB_HUMAN
[],K1C14_HUMAN
[],K2C6A_HUMAN
[],LMNA_HUMAN
[],SPTA1_HUMAN
[],TNNC2_HUMAN
[],APOA1_HUMAN
[],APOE_HUMAN
[],APOA2_HUMAN
[],APOC1_HUMAN
[],APOC2_HUMAN
[],APOC3_HUMAN
[],FIBA_HUMAN
[],FIBB_HUMAN
[],FIBG_HUMAN
[],MBP_HUMAN
[],MYP2_HUMAN
[],ACHA_HUMAN
[],GLPA_HUMAN
[],B3AT_HUMAN
[],CRP_HUMAN
[],SAMP_HUMAN
[],C1QA_HUMAN
[],C1QB_HUMAN
[],C1QC_HUMAN
[],CO9_HUMAN
[],APOH_HUMAN
[],A2GL_HUMAN
[],FINC_HUMAN
[],RET4_HUMAN
[],AMBP_HUMAN
[],A1AG1_HUMAN
[],FETUA_HUMAN
[],TTHY_HUMAN
[],ALBU_HUMAN
[],FETA_HUMAN
[],VTDB_HUMAN
[],CXCL7_HUMAN
[],PLF4_HUMAN
[],CXL10_HUMAN
[],TFR1_HUMAN
[],TRFE_HUMAN
[],TRFL_HUMAN
[],HEMO_HUMAN
[],FRIL_HUMAN
[],FRIH_HUMAN
[],MT2_HUMAN
[],STAT_HUMAN
[],PRPC_HUMAN
[],PRB2_HUMAN
[],SMR3B_HUMAN
[],OSTCN_HUMAN
[],ESR1_HUMAN
[],NU1M_HUMAN
[],NU2M_HUMAN
[],NU3M_HUMAN
[],NU4LM_HUMAN
[],NU4M_HUMAN
[],NU5M_HUMAN
[],NU6M_HUMAN
[],ATP8_HUMAN
[],ANGI_HUMAN
[],FA11_HUMAN
[],KLKB1_HUMAN
[],MMP1_HUMAN
[],MIS_HUMAN
[],SLPI_HUMAN
[],OPSB_HUMAN
[],OPSR_HUMAN
[],OPSG_HUMAN
[],C4BPA_HUMAN
[],VTNC_HUMAN
[],HMDH_HUMAN
[],CATA_HUMAN
[],RAF1_HUMAN
[],TDT_HUMAN
[],PA21B_HUMAN
[],GBA1_HUMAN
[],FUCO_HUMAN
[],PROC_HUMAN
[],ALDOA_HUMAN
[],CYTB_HUMAN
[],ANXA1_HUMAN
[],PDGFA_HUMAN
[],REL2_HUMAN
[],APOB_HUMAN
[],COL_HUMAN
[],CSF2_HUMAN
[],GCR_HUMAN
[],TFF1_HUMAN
[],PRIO_HUMAN
[],SODM_HUMAN
[],LCAT_HUMAN
[],OAT_HUMAN
[],KITH_HUMAN
[],HRG_HUMAN
[],MYCN_HUMAN
[],MAS_HUMAN
[],THY1_HUMAN
[],A1BG_HUMAN
[],HG2A_HUMAN
[],CD3D_HUMAN
[],K2C6B_HUMAN
[],K2C1_HUMAN
[],S100B_HUMAN
[],VWF_HUMAN
[],SHBG_HUMAN
[],SEMG1_HUMAN
[],PRP1_HUMAN
[],TBB4A_HUMAN
[],G3P_HUMAN
[],ARLY_HUMAN
[],HLAA_HUMAN
[],DPB1_HUMAN
[],HSP1_HUMAN
[],PRM2_HUMAN
[],ERBB2_HUMAN
[],WNT1_HUMAN
[],NTRK1_HUMAN
[],CPNS1_HUMAN
[],P53_HUMAN
[],MT1A_HUMAN
[],MT1E_HUMAN
[],MT1F_HUMAN
[],AMYP_HUMAN
[],HSPB1_HUMAN
[],CP1A1_HUMAN
[],TYSY_HUMAN
[],CY24B_HUMAN
[],RPN1_HUMAN
[],RPN2_HUMAN
[],GNAI2_HUMAN
[],H2A1B_HUMAN
[],B3A2_HUMAN
[],GLPC_HUMAN
[],IFNW1_HUMAN
[],IFNA4_HUMAN
[],IGF1_HUMAN
[],AT1A1_HUMAN
[],AT1B1_HUMAN
[],SCG1_HUMAN
[],ALDOB_HUMAN
[],A4_HUMAN
[],ARGI1_HUMAN
[],APOD_HUMAN
[],ALDH2_HUMAN
[],CP17A_HUMAN
[],ITB3_HUMAN
[],ITB2_HUMAN
[],CP11A_HUMAN
[],S10A8_HUMAN
[],INHA_HUMAN
[],IL4_HUMAN
[],IL5_HUMAN
[],HMGN1_HUMAN
[],PAI2_HUMAN
[],PAI1_HUMAN
[],KPCG_HUMAN
[],ADT2_HUMAN
[],IPSP_HUMAN
[],IC1_HUMAN
[],CFAI_HUMAN
[],F13B_HUMAN
[],ISG15_HUMAN
[],LEG2_HUMAN
[],PERM_HUMAN
[],PCCA_HUMAN
[],PCCB_HUMAN
[],CP1A2_HUMAN
[],CP2E1_HUMAN
[],PPBT_HUMAN
[],PPB1_HUMAN
[],IF2A_HUMAN
[],HMGN2_HUMAN
[],FGF1_HUMAN
[],IL6_HUMAN
[],EDN1_HUMAN
[],ICAM1_HUMAN
[],RLA1_HUMAN
[],RLA2_HUMAN
[],RLA0_HUMAN
[],7B2_HUMAN
[],JUN_HUMAN
[],FABPH_HUMAN
[],RPC4_HUMAN
[],REG1A_HUMAN
[],TETN_HUMAN
[],LA_HUMAN
[],AT5G1_HUMAN
[],DQB2_HUMAN
[],THBG_HUMAN
[],HEP2_HUMAN
[],AP2A_HUMAN
[],ITB1_HUMAN
[],KPCB_HUMAN
[],K1C18_HUMAN
[],K2C8_HUMAN
[],CRBA1_HUMAN
[],CASB_HUMAN
[],CALB1_HUMAN
[],MYL1_HUMAN
[],HEPS_HUMAN
[],CO5A2_HUMAN
[],GLPB_HUMAN
[],CD1A_HUMAN
[],CD5_HUMAN
[],DCUP_HUMAN
[],UD2B4_HUMAN
[],INSR_HUMAN
[],LCK_HUMAN
[],FYN_HUMAN
[],CHLE_HUMAN
[],AGAL_HUMAN
[],CCKN_HUMAN
[],KV401_HUMAN
[],DOA_HUMAN
[],GELS_HUMAN
[],RB_HUMAN
[],PRGR_HUMAN
[],PTMA_HUMAN
[],CDK1_HUMAN
[],ATPB_HUMAN
[],CO2_HUMAN
[],S10A9_HUMAN
[],S10A6_HUMAN
[],APOA4_HUMAN
[],CD2_HUMAN
[],IF4E_HUMAN
[],CEAM5_HUMAN
[],KCRM_HUMAN
[],ENOA_HUMAN
[],FCER2_HUMAN
[],PYGL_HUMAN
[],G6PI_HUMAN
[],DPOLB_HUMAN
[],NPM_HUMAN
[],TPM3_HUMAN
[],ITAV_HUMAN
[],CRF_HUMAN
[],LIPL_HUMAN
[],HEXA_HUMAN
[],KLK1_HUMAN
[],CALCA_HUMAN
[],H2B1J_HUMAN
[],GDN_HUMAN
[],LIPF_HUMAN
[],HYEP_HUMAN
[],TY3H_HUMAN
[],ACBP_HUMAN
[],FABPL_HUMAN
[],LDHB_HUMAN
[],NFL_HUMAN
[],NFM_HUMAN
[],CENPB_HUMAN
[],PERT_HUMAN
[],GPX1_HUMAN
[],TRBM_HUMAN
[],PGK2_HUMAN
[],PROS_HUMAN
[],PDIA1_HUMAN
[],KLK3_HUMAN
[],H10_HUMAN
[],ASGR1_HUMAN
[],ASGR2_HUMAN
[],CRGC_HUMAN
[],CRGD_HUMAN
[],ADH1A_HUMAN
[],FES_HUMAN
[],CSF1R_HUMAN
[],CATD_HUMAN
[],ANXA2_HUMAN
[],CO8A_HUMAN
[],CO8B_HUMAN
[],GP1BA_HUMAN
[],CO8G_HUMAN
[],CAN1_HUMAN
[],TBB5_HUMAN
[],MT1B_HUMAN
[],CAH3_HUMAN
[],INVO_HUMAN
[],TRY1_HUMAN
[],TRY2_HUMAN
[],GRP_HUMAN
[],CASK_HUMAN
[],ACHG_HUMAN
[],ADRB2_HUMAN
[],PGS2_HUMAN
[],SAP_HUMAN
[],HEXB_HUMAN
[],CATL1_HUMAN
[],PROF1_HUMAN
[],PMGE_HUMAN
[],APT_HUMAN
[],CD3E_HUMAN
[],SYEP_HUMAN
[],CATB_HUMAN
[],LDHC_HUMAN
[],HS90A_HUMAN
[],GALT_HUMAN
[],HNRPC_HUMAN
[],UROM_HUMAN
[],QCR6_HUMAN
[],LAMB1_HUMAN
[],YES_HUMAN
[],LYN_HUMAN
[],RET_HUMAN
[],TPM2_HUMAN
[],FUMH_HUMAN
[],PSPB_HUMAN
[],ERCC1_HUMAN
[],TSP1_HUMAN
[],RNAS1_HUMAN
[],CXB1_HUMAN
[],SP1_HUMAN
[],ZFY_HUMAN
[],IGF1R_HUMAN
[],OPSD_HUMAN
[],MSMB_HUMAN
[],CO1A2_HUMAN
[],ANXA6_HUMAN
[],RHOC_HUMAN
[],TNR16_HUMAN
[],GLI1_HUMAN
[],ACM2_HUMAN
[],ACM4_HUMAN
[],DAF_HUMAN
[],MDR1_HUMAN
[],CBG_HUMAN
[],4F2_HUMAN
[],CEL2A_HUMAN
[],CEL2B_HUMAN
[],MCR_HUMAN
[],BGLR_HUMAN
[],PFKAM_HUMAN
[],HS90B_HUMAN
[],SRPRA_HUMAN
[],ASNS_HUMAN
[],ELNE_HUMAN
[],SYPH_HUMAN
[],MMP2_HUMAN
[],MMP3_HUMAN
[],GSTA1_HUMAN
[],SODE_HUMAN
[],CATG_HUMAN
[],ADH4_HUMAN
[],HEM3_HUMAN
[],NEP_HUMAN
[],INHBA_HUMAN
[],MGP_HUMAN
[],ITA2B_HUMAN
[],APOA_HUMAN
[],ODPA_HUMAN
[],PLEK_HUMAN
[],CD14_HUMAN
[],CO4A2_HUMAN
[],CY1_HUMAN
[],PTPRC_HUMAN
[],RU2B_HUMAN
[],MET_HUMAN
[],TRFM_HUMAN
[],ADRB1_HUMAN
[],MYL3_HUMAN
[],CFAH_HUMAN
[],FGF4_HUMAN
[],RU17_HUMAN
[],HCK_HUMAN
[],FCG3A_HUMAN
[],ITA5_HUMAN
[],NFIC_HUMAN
[],VIME_HUMAN
[],CP3A4_HUMAN
[],CP21A_HUMAN
[],A2AP_HUMAN
[],IL3_HUMAN
[],RS17_HUMAN
[],FA7_HUMAN
[],K1C19_HUMAN
[],K2C7_HUMAN
[],GNAI3_HUMAN
[],ANXA5_HUMAN
[],K1C16_HUMAN
[],IBP1_HUMAN
[],STS_HUMAN
[],CEL3B_HUMAN
[],RSSA_HUMAN
[],IL6RA_HUMAN
[],5HT1A_HUMAN
[],ABHD2_HUMAN
[],ACM5_HUMAN
[],ADA2A_HUMAN
[],ROS1_HUMAN
[],NMB_HUMAN
[],CD63_HUMAN
[],PKHD1_HUMAN
[],SNRPA_HUMAN
[],HXD4_HUMAN
[],HXC4_HUMAN
[],FGF2_HUMAN
[],HXB5_HUMAN
[],PO2F2_HUMAN
[],ENOG_HUMAN
[],HBAT_HUMAN
[],THIK_HUMAN
[],SRP19_HUMAN
[],DOPO_HUMAN
[],GSTA2_HUMAN
[],GSTP1_HUMAN
[],CYTT_HUMAN
[],RU1C_HUMAN
[],MMP7_HUMAN
[],MMP10_HUMAN
[],CD48_HUMAN
[],VILI_HUMAN
[],GROA_HUMAN
[],LEG1_HUMAN
[],DHPR_HUMAN
[],HMGB1_HUMAN
[],STP1_HUMAN
[],RET1_HUMAN
[],PAEP_HUMAN
[],F16P1_HUMAN
[],GNAO_HUMAN
[],SPRC_HUMAN
[],GSTM1_HUMAN
[],TPM1_HUMAN
[],CLCA_HUMAN
[],CLCB_HUMAN
[],ANXA4_HUMAN
[],INHBB_HUMAN
[],CN37_HUMAN
[],WNT2_HUMAN
[],CD7_HUMAN
[],HMOX1_HUMAN
[],CSF1_HUMAN
[],PGFRB_HUMAN
[],DLDH_HUMAN
[],HXB7_HUMAN
[],ROA1_HUMAN
[],RU2A_HUMAN
[],CATH_HUMAN
[],COX6C_HUMAN
[],GIP_HUMAN
[],SECR_HUMAN
[],CD3G_HUMAN
[],TACD2_HUMAN
[],FGR_HUMAN
[],LPH_HUMAN
[],C1S_HUMAN
[],PARP1_HUMAN
[],DPOLA_HUMAN
[],IFI6_HUMAN
[],IFIT2_HUMAN
[],IFIT1_HUMAN
[],LOX5_HUMAN
[],CSF3_HUMAN
[],PPBI_HUMAN
[],UCHL1_HUMAN
[],FURIN_HUMAN
[],LKHA4_HUMAN
[],ALDOC_HUMAN
[],NUDT7_HUMAN
[],RB40L_HUMAN
[],CO4A_HUMAN
[],CO4B_HUMAN
[],H2AZ_HUMAN
[],H2A1_HUMAN
[],WEE2_HUMAN
[],TFPT_HUMAN
[],SBK3_HUMAN
[],FBSP1_HUMAN
[],H2AB1_HUMAN
[],H2AB2_HUMAN
[],OST4_HUMAN
[],CISD3_HUMAN
[],SLN14_HUMAN
[],ATX1L_HUMAN
[],ELFN1_HUMAN
[],CC172_HUMAN
[],ZN688_HUMAN
[],PA24B_HUMAN
[],JMJD7_HUMAN
[],MYZAP_HUMAN
[],GRL1A_HUMAN
[],UBFL1_HUMAN
[],IGLC1_HUMAN
[],GPHRB_HUMAN
[],PRR35_HUMAN
[],GSTT2_HUMAN
[],CFC1_HUMAN
[],UBB_HUMAN
[],UBC_HUMAN
[],PRS56_HUMAN
[],TPC2A_HUMAN
[],TPC2B_HUMAN
[],NARR_HUMAN
[],RBY1A_HUMAN
[],RBY1C_HUMAN
[],PEPA4_HUMAN
[],PEPA3_HUMAN
[],PEPA5_HUMAN
[],SAA1_HUMAN
[],SAA2_HUMAN
[],SRG2C_HUMAN
[],ELA_HUMAN
[],SETLP_HUMAN
[],CSH1_HUMAN
[],CSH2_HUMAN
[],ST1A3_HUMAN
[],ST1A4_HUMAN
[],AA3R_HUMAN
[],TMIG3_HUMAN
[],HS71A_HUMAN
[],HS71B_HUMAN
[],PYDC4_HUMAN
[],DWORF_HUMAN
[],CGB3_HUMAN
[],IGG1_HUMAN
[],IGLC2_HUMAN
[],IGLC3_HUMAN
[],CALM1_HUMAN
[],CALM2_HUMAN
[],CALM3_HUMAN
[],SLUR2_HUMAN
[],LYNX1_HUMAN
[],ERPG3_HUMAN
[],SCHI1_HUMAN
[],RPAC2_HUMAN
[],ECE2_HUMAN
[],EFMT4_HUMAN
[],EFCE2_HUMAN
[],TBA3C_HUMAN
[],TBA3D_HUMAN
[],H3Y1_HUMAN
[],NT2NB_HUMAN
[],NT2NC_HUMAN
[],H3Y2_HUMAN
[],DT3UO_HUMAN
[],TRAR1_HUMAN
[],TRBR1_HUMAN
[],UD2A1_HUMAN
[],UD2A2_HUMAN
[],AMY1B_HUMAN
[],AMY1C_HUMAN
[],TRAR2_HUMAN
[],TRBR2_HUMAN
[],AMY1A_HUMAN
[],GLI2_HUMAN
[],GLI3_HUMAN
[],ZSC22_HUMAN
[],ZBT48_HUMAN
[],PYY_HUMAN
[],CALCB_HUMAN
[],ADX_HUMAN
[],RAP2A_HUMAN
[],SRGN_HUMAN
[],GRAB_HUMAN
[],IL8_HUMAN
[],CCL3_HUMAN
[],RNAS2_HUMAN
[],RO60_HUMAN
[],PRB4_HUMAN
[],COX8A_HUMAN
[],MYB_HUMAN
[],MYBA_HUMAN
[],MYBB_HUMAN
[],LYAG_HUMAN
[],VPK10_HUMAN
[],ANDR_HUMAN
[],RARA_HUMAN
[],RRAS_HUMAN
[],HLAC_HUMAN
[],ACRO_HUMAN
[],ARAF_HUMAN
[],H14_HUMAN
[],BCL2_HUMAN
[],OSTP_HUMAN
[],ODP2_HUMAN
[],ARRS_HUMAN
[],PTPRF_HUMAN
[],NR2F6_HUMAN
[],COT1_HUMAN
[],THIO_HUMAN
[],TGFB3_HUMAN
[],COX5B_HUMAN
[],PPGB_HUMAN
[],MGST1_HUMAN
[],CP2C8_HUMAN
[],CP2D6_HUMAN
[],TAU_HUMAN
[],CO7_HUMAN
[],KAP0_HUMAN
[],CMGA_HUMAN
[],TFPI1_HUMAN
[],PPBN_HUMAN
[],PF4V_HUMAN
[],KIT_HUMAN
[],RET3_HUMAN
[],HEM4_HUMAN
[],CD28_HUMAN
[],FGF6_HUMAN
[],ESTD_HUMAN
[],CH60_HUMAN
[],RARB_HUMAN
[],THA_HUMAN
[],THB_HUMAN
[],CLUS_HUMAN
[],MCF2_HUMAN
[],GHR_HUMAN
[],IRF1_HUMAN
[],HPLN1_HUMAN
[],MLRV_HUMAN
[],CD8B_HUMAN
[],IAPP_HUMAN
[],BIP_HUMAN
[],LAMC1_HUMAN
[],CD37_HUMAN
[],MYH3_HUMAN
[],PNMT_HUMAN
[],PPAL_HUMAN
[],MTAP2_HUMAN
[],HSP7C_HUMAN
[],LIPC_HUMAN
[],EGR2_HUMAN
[],GTR1_HUMAN
[],GTR2_HUMAN
[],GTR3_HUMAN
[],EPB41_HUMAN
[],UMPS_HUMAN
[],ODPB_HUMAN
[],ODB2_HUMAN
[],ITAM_HUMAN
[],PYGB_HUMAN
[],PYGM_HUMAN
[],MBL2_HUMAN
[],ACM1_HUMAN
[],ACHB_HUMAN
[],RALA_HUMAN
[],RALB_HUMAN
[],ARY2_HUMAN
[],BCR_HUMAN
[],SPTB1_HUMAN
[],LAMP1_HUMAN
[],ERG_HUMAN
[],PIM1_HUMAN
[],ACADM_HUMAN
[],FGFR1_HUMAN
[],TOP1_HUMAN
[],TOP2A_HUMAN
[],G6PD_HUMAN
[],UBL4A_HUMAN
[],PSG1_HUMAN
[],VDR_HUMAN
[],ERR1_HUMAN
[],FGF3_HUMAN
[],GNAT1_HUMAN
[],PYC_HUMAN
[],CP2A6_HUMAN
[],CP19A_HUMAN
[],DMD_HUMAN
[],C1TC_HUMAN
[],CETP_HUMAN
[],PERE_HUMAN
[],UTER_HUMAN
[],PSPC_HUMAN
[],CP2C9_HUMAN
[],MPRI_HUMAN
[],ADHX_HUMAN
[],KPSH1_HUMAN
[],CDK4_HUMAN
[],SRF_HUMAN
[],CD20_HUMAN
[],PRPS2_HUMAN
[],CD79A_HUMAN
[],DCOR_HUMAN
[],PABP1_HUMAN
[],PCNA_HUMAN
[],VPREB_HUMAN
[],FGF5_HUMAN
[],K2C3_HUMAN
[],NFH_HUMAN
[],CX6A1_HUMAN
[],HARS1_HUMAN
[],FABPI_HUMAN
[],COBA1_HUMAN
[],CO6A1_HUMAN
[],CO6A2_HUMAN
[],CO6A3_HUMAN
[],ADT1_HUMAN
[],ADT3_HUMAN
[],FA5_HUMAN
[],IMDH2_HUMAN
[],TPR_HUMAN
[],RLBP1_HUMAN
[],PTHR_HUMAN
[],PIP_HUMAN
[],KCRB_HUMAN
[],FCGR1_HUMAN
[],FCG2A_HUMAN
[],FCERA_HUMAN
[],ANXA3_HUMAN
[],MYCL_HUMAN
[],KCRU_HUMAN
[],GRAA_HUMAN
[],BMP2_HUMAN
[],BMP4_HUMAN
[],BMP3_HUMAN
[],ODBA_HUMAN
[],ECP_HUMAN
[],SKI_HUMAN
[],SKIL_HUMAN
[],ACTN1_HUMAN
[],ACE_HUMAN
[],MYL4_HUMAN
[],CADH1_HUMAN
[],DEF4_HUMAN
[],MYH1_HUMAN
[],MYH7_HUMAN
[],SRC_HUMAN
[],PEPD_HUMAN
[],XRCC6_HUMAN
[],LYL1_HUMAN
[],XRCC5_HUMAN
[],UNG_HUMAN
[],NR2C1_HUMAN
[],COX41_HUMAN
[],IFM1_HUMAN
[],HEM1_HUMAN
[],GP1BB_HUMAN
[],IL7_HUMAN
[],CCL4_HUMAN
[],GILT_HUMAN
[],MYF5_HUMAN
[],HXD8_HUMAN
[],TDGF1_HUMAN
[],LAMP2_HUMAN
[],RINI_HUMAN
[],BMP1_HUMAN
[],CY24A_HUMAN
[],CCL2_HUMAN
[],CCL5_HUMAN
[],SCG2_HUMAN
[],MYH6_HUMAN
[],MYH8_HUMAN
[],CFTR_HUMAN
[],CP4B1_HUMAN
[],NCAM1_HUMAN
[],ICAM2_HUMAN
[],CSPG2_HUMAN
[],ITA4_HUMAN
[],RARG_HUMAN
[],AT1A3_HUMAN
[],EF2_HUMAN
[],MT1G_HUMAN
[],K1C10_HUMAN
[],K1C13_HUMAN
[],K2C5_HUMAN
[],PDIA4_HUMAN
[],CO6_HUMAN
[],P4HA1_HUMAN
[],ZNF35_HUMAN
[],PPA5_HUMAN
[],CEAM1_HUMAN
[],TCTP_HUMAN
[],HEM2_HUMAN
[],ONCM_HUMAN
[],TF_HUMAN
[],PRG2_HUMAN
[],HLAE_HUMAN
[],DRB4_HUMAN
[],DOB_HUMAN
[],PLSL_HUMAN
[],PLST_HUMAN
[],ACPH_HUMAN
[],ETFA_HUMAN
[],TNNT1_HUMAN
[],GYS1_HUMAN
[],KAP2_HUMAN
[],SC5A1_HUMAN
[],ANXA8_HUMAN
[],ENOB_HUMAN
[],COBA2_HUMAN
[],ADRB3_HUMAN
[],T2FB_HUMAN
[],CD59_HUMAN
[],YJU2B_HUMAN
[],MTDC_HUMAN
[],3BHS1_HUMAN
[],DHB1_HUMAN
[],CATE_HUMAN
[],GFAP_HUMAN
[],EDN3_HUMAN
[],LYAM1_HUMAN
[],MIF_HUMAN
[],FOLR2_HUMAN
[],CD99_HUMAN
[],HGF_HUMAN
[],PERF_HUMAN
[],GLU2B_HUMAN
[],IRF2_HUMAN
[],HCLS1_HUMAN
[],FPPS_HUMAN
[],TRI27_HUMAN
[],CBPM_HUMAN
[],CX7A2_HUMAN
[],SUIS_HUMAN
[],AT1B2_HUMAN
[],DRD2_HUMAN
[],NID1_HUMAN
[],AK1A1_HUMAN
[],PA2GA_HUMAN
[],NCF1_HUMAN
[],INSRR_HUMAN
[],KPYM_HUMAN
[],ENPL_HUMAN
[],CCNB1_HUMAN
[],MYL6B_HUMAN
[],HXB3_HUMAN
[],HXB2_HUMAN
[],HXB1_HUMAN
[],GLUT4_HUMAN
[],RSMB_HUMAN
[],TYRO_HUMAN
[],IDE_HUMAN
[],GPIX_HUMAN
[],IL1R1_HUMAN
[],MMP9_HUMAN
[],IL2RB_HUMAN
[],CX6B1_HUMAN
[],PO2F1_HUMAN
[],HNRPL_HUMAN
[],GBRA1_HUMAN
[],SYDC_HUMAN
[],I23O1_HUMAN
[],OXDA_HUMAN
[],ETS1_HUMAN
[],PLAK_HUMAN
[],QCR7_HUMAN
[],LIF_HUMAN
[],ETS2_HUMAN
[],BRAF_HUMAN
[],CBPA1_HUMAN
[],CBPB1_HUMAN
[],FABP4_HUMAN
[],GLNA_HUMAN
[],ALDR_HUMAN
[],AMPN_HUMAN
[],PVR_HUMAN
[],RAC2_HUMAN
[],CBPN_HUMAN
[],ERF3A_HUMAN
[],MYOD1_HUMAN
[],MYOG_HUMAN
[],IL9_HUMAN
[],PGAM2_HUMAN
[],INGR1_HUMAN
[],ARSA_HUMAN
[],B4GT1_HUMAN
[],PPAP_HUMAN
[],EZRI_HUMAN
[],VATB1_HUMAN
[],FOLR1_HUMAN
[],ATF2_HUMAN
[],UCHL3_HUMAN
[],KCNE1_HUMAN
[],CD19_HUMAN
[],FOSL1_HUMAN
[],FOSL2_HUMAN
[],PGDH_HUMAN
[],VAV_HUMAN
[],ELN_HUMAN
[],CSF2R_HUMAN
[],AREG_HUMAN
[],HIS1_HUMAN
[],HIS3_HUMAN
[],MCP_HUMAN
[],NDKA_HUMAN
[],C11B1_HUMAN
[],NQO1_HUMAN
[],GNS_HUMAN
[],ZN250_HUMAN
[],VEGFA_HUMAN
[],PHKG2_HUMAN
[],CD1E_HUMAN
[],CD1D_HUMAN
[],IGLL1_HUMAN
[],ZEP1_HUMAN
[],ARSB_HUMAN
[],PAX1_HUMAN
[],RS2_HUMAN
[],CHIN_HUMAN
[],ITF2_HUMAN
[],SIAT1_HUMAN
[],RAG1_HUMAN
[],TFE2_HUMAN
[],DESP_HUMAN
[],RFA2_HUMAN
[],MUC1_HUMAN
[],COX7C_HUMAN
[],GATA1_HUMAN
[],TIMP2_HUMAN
[],LOX15_HUMAN
[],ANPRA_HUMAN
[],CD44_HUMAN
[],NQO2_HUMAN
[],H2AX_HUMAN
[],LYAM3_HUMAN
[],PGCA_HUMAN
[],F261_HUMAN
[],ITB4_HUMAN
[],LEUK_HUMAN
[],CBR1_HUMAN
[],ANK1_HUMAN
[],ACADS_HUMAN
[],CREB1_HUMAN
[],LIPP_HUMAN
[],PGFRA_HUMAN
[],BGAL_HUMAN
[],PECA1_HUMAN
[],PP2BB_HUMAN
[],NCK1_HUMAN
[],GCFC2_HUMAN
[],KCNA2_HUMAN
[],H15_HUMAN
[],H13_HUMAN
[],H12_HUMAN
[],CTLA4_HUMAN
[],EPCAM_HUMAN
[],NCPR_HUMAN
[],BGAT_HUMAN
[],DPEP1_HUMAN
[],EPB42_HUMAN
[],MGMT_HUMAN
[],PRLR_HUMAN
[],TSHR_HUMAN
[],PDE6A_HUMAN
[],NEC2_HUMAN
[],GBB3_HUMAN
[],LYAM2_HUMAN
[],FER_HUMAN
[],AT2A2_HUMAN
[],CL3L1_HUMAN
[],UD2B7_HUMAN
[],CD36_HUMAN
[],ANFB_HUMAN
[],CBPE_HUMAN
[],IL7RA_HUMAN
[],PLCG2_HUMAN
[],FAAA_HUMAN
[],STMN1_HUMAN
[],YBOX3_HUMAN
[],ZFX_HUMAN
[],ZNF12_HUMAN
[],ZNF16_HUMAN
[],ZNF17_HUMAN
[],ZNF18_HUMAN
[],ZNF19_HUMAN
[],ZNF20_HUMAN
[],ZNF23_HUMAN
[],ZNF24_HUMAN
[],ZNF3_HUMAN
[],ZSC20_HUMAN
[],ZNF32_HUMAN
[],NAGAB_HUMAN
[],HSP76_HUMAN
[],RHOQ_HUMAN
[],HMGA1_HUMAN
[],TMM11_HUMAN
[],AATC_HUMAN
[],INAR1_HUMAN
[],BPI_HUMAN
[],KPCA_HUMAN
[],JUNB_HUMAN
[],ITA2_HUMAN
[],CXA1_HUMAN
[],ANPRC_HUMAN
[],ASM_HUMAN
[],UBF1_HUMAN
[],HXB8_HUMAN
[],HXB9_HUMAN
[],HXB4_HUMAN
[],HXB6_HUMAN
[],AK1C4_HUMAN
[],JUND_HUMAN
[],KCRS_HUMAN
[],TAL1_HUMAN
[],ATF7_HUMAN
[],NDUB7_HUMAN
[],SYN1_HUMAN
[],KAPCA_HUMAN
[],TYRP1_HUMAN
[],CAN2_HUMAN
[],KCNA6_HUMAN
[],DESM_HUMAN
[],CEBPB_HUMAN
[],NEUM_HUMAN
[],HLAG_HUMAN
[],PTN2_HUMAN
[],DCAM_HUMAN
[],ATTY_HUMAN
[],TPH1_HUMAN
[],ACHB2_HUMAN
[],PYRG1_HUMAN
[],EGLN_HUMAN
[],DDX5_HUMAN
[],PFKAL_HUMAN
[],XBP1_HUMAN
[],SAP3_HUMAN
[],CR1_HUMAN
[],LEG3_HUMAN
[],IBP3_HUMAN
[],SPI1_HUMAN
[],VGFR1_HUMAN
[],PRS6A_HUMAN
[],TCPA_HUMAN
[],PTN1_HUMAN
[],LOX12_HUMAN
[],IBP2_HUMAN
[],ERCC2_HUMAN
[],BMP7_HUMAN
[],RL35A_HUMAN
[],ITB5_HUMAN
[],ARF4_HUMAN
[],ADA2B_HUMAN
[],RL7_HUMAN
[],EGR1_HUMAN
[],VINC_HUMAN
[],GPX2_HUMAN
[],S5A1_HUMAN
[],LBP_HUMAN
[],PTPRA_HUMAN
[],ARY1_HUMAN
[],GBRB1_HUMAN
[],GBRG2_HUMAN
[],PACA_HUMAN
[],IL1RA_HUMAN
[],CNRG_HUMAN
[],ITB6_HUMAN
[],RHCE_HUMAN
[],SON_HUMAN
[],NELFE_HUMAN
[],RL17_HUMAN
[],LAG3_HUMAN
[],PGAM1_HUMAN
[],RCC1_HUMAN
[],ADA2C_HUMAN
[],SDC1_HUMAN
[],ATF1_HUMAN
[],ATF3_HUMAN
[],ATF4_HUMAN
[],ATF6A_HUMAN
[],DNLI1_HUMAN
[],ATP5J_HUMAN
[],XRCC1_HUMAN
[],K1C15_HUMAN
[],K2C4_HUMAN
[],AMD_HUMAN
[],CADH2_HUMAN
[],TSN8_HUMAN
[],GNAZ_HUMAN
[],GNAT2_HUMAN
[],C11B2_HUMAN
[],ML12A_HUMAN
[],DCHS_HUMAN
[],PLCG1_HUMAN
[],UD16_HUMAN
[],EPOR_HUMAN
[],TNNI1_HUMAN
[],LFA3_HUMAN
[],VCAM1_HUMAN
[],NUCL_HUMAN
[],HXK1_HUMAN
[],RPB3_HUMAN
[],RPAB1_HUMAN
[],CD53_HUMAN
[],NDUV2_HUMAN
[],ELK1_HUMAN
[],TNNI3_HUMAN
[],TNR1A_HUMAN
[],GGT1_HUMAN
[],ERCC3_HUMAN
[],RO52_HUMAN
[],TFEB_HUMAN
[],E2AK2_HUMAN
[],FUT1_HUMAN
[],TFE3_HUMAN
[],WT1_HUMAN
[],HME2_HUMAN
[],SPEE_HUMAN
[],SL9A1_HUMAN
[],A1AG2_HUMAN
[],CSK22_HUMAN
[],RXRA_HUMAN
[],AOC1_HUMAN
[],ITIH2_HUMAN
[],ITIH1_HUMAN
[],CEL_HUMAN
[],NFKB1_HUMAN
[],CXCL2_HUMAN
[],CXCL3_HUMAN
[],NCF2_HUMAN
[],FST_HUMAN
[],ELAF_HUMAN
[],TYPH_HUMAN
[],AT2B1_HUMAN
[],CR2_HUMAN
[],DPA1_HUMAN
[],IF2B_HUMAN
[],TCO1_HUMAN
[],TCO2_HUMAN
[],ANXA7_HUMAN
[],SDHL_HUMAN
[],CD33_HUMAN
[],PEPC_HUMAN
[],KLK2_HUMAN
[],ISK2_HUMAN
[],CAP7_HUMAN
[],TBP_HUMAN
[],TRYB2_HUMAN
[],CCNA2_HUMAN
[],PO3F3_HUMAN
[],PO3F2_HUMAN
[],CD22_HUMAN
[],BTF3_HUMAN
[],AL5AP_HUMAN
[],ACM3_HUMAN
[],TNR1B_HUMAN
[],RAB3A_HUMAN
[],RAB3B_HUMAN
[],RAB4A_HUMAN
[],RAB5A_HUMAN
[],RAB6A_HUMAN
[],TKN1_HUMAN
[],NR1D1_HUMAN
[],TRH_HUMAN
[],PRVA_HUMAN
[],MSH3_HUMAN
[],MX1_HUMAN
[],MX2_HUMAN
[],ANPRB_HUMAN
[],PSB1_HUMAN
[],MPRD_HUMAN
[],ATP4A_HUMAN
[],H2A1D_HUMAN
[],COX5A_HUMAN
[],LMNB1_HUMAN
[],ITAL_HUMAN
[],ITAX_HUMAN
[],DDC_HUMAN
[],GRAH_HUMAN
[],HXA5_HUMAN
[],PZP_HUMAN
[],BCL3_HUMAN
[],MIME_HUMAN
[],NTF3_HUMAN
[],MAK_HUMAN
[],EDN2_HUMAN
[],CAN3_HUMAN
[],IL11_HUMAN
[],ICAL_HUMAN
[],CP2B6_HUMAN
[],CP3A5_HUMAN
[],HNF1A_HUMAN
[],EFNA1_HUMAN
[],IMDH1_HUMAN
[],A1ATR_HUMAN
[],CO9A1_HUMAN
[],C4BPB_HUMAN
[],CP2A7_HUMAN
[],CO5A1_HUMAN
[],MAG_HUMAN
[],NEBU_HUMAN
[],FILA_HUMAN
[],ASPG_HUMAN
[],RASA1_HUMAN
[],PHOS_HUMAN
[],CD3Z_HUMAN
[],PRPS3_HUMAN
[],CD11B_HUMAN
[],ENDOU_HUMAN
[],MAL_HUMAN
[],FUT3_HUMAN
[],PTN_HUMAN
[],GSTM3_HUMAN
[],VATB2_HUMAN
[],VATC1_HUMAN
[],CSRP1_HUMAN
[],FLNA_HUMAN
[],NF1_HUMAN
[],AOFA_HUMAN
[],ACOHC_HUMAN
[],MDR3_HUMAN
[],NK2R_HUMAN
[],S1PR1_HUMAN
[],FPR1_HUMAN
[],AGT1_HUMAN
[],CNR1_HUMAN
[],SYT1_HUMAN
[],TNAP3_HUMAN
[],SCF_HUMAN
[],5NTD_HUMAN
[],SAT1_HUMAN
[],TAF1_HUMAN
[],GPDA_HUMAN
[],EPHA1_HUMAN
[],DRD1_HUMAN
[],C5AR1_HUMAN
[],TA2R_HUMAN
[],MK_HUMAN
[],ZP3_HUMAN
[],MSRE_HUMAN
[],FGF7_HUMAN
[],VDAC1_HUMAN
[],FGFR2_HUMAN
[],PGS1_HUMAN
[],SIAL_HUMAN
[],RYR1_HUMAN
[],CD72_HUMAN
[],ERBB3_HUMAN
[],SDHB_HUMAN
[],DRD4_HUMAN
[],DRD5_HUMAN
[],CD9_HUMAN
[],MATN1_HUMAN
[],ODBB_HUMAN
[],COMT_HUMAN
[],TGM2_HUMAN
[],KCNA3_HUMAN
[],BMP5_HUMAN
[],BMP6_HUMAN
[],MUTA_HUMAN
[],OSBP1_HUMAN
[],PIMT_HUMAN
[],PERL_HUMAN
[],FUT4_HUMAN
[],FBRL_HUMAN
[],PUR2_HUMAN
[],TENX_HUMAN
[],CADH3_HUMAN
[],PUR6_HUMAN
[],IL10_HUMAN
[],ACES_HUMAN
[],IDS_HUMAN
[],SCP2_HUMAN
[],UD11_HUMAN
[],UD14_HUMAN
[],UBA1_HUMAN
[],GPX3_HUMAN
[],CCL1_HUMAN
[],NDKB_HUMAN
[],ENPP1_HUMAN
[],USF1_HUMAN
[],FGFR4_HUMAN
[],KCNA4_HUMAN
[],KCNA5_HUMAN
[],GALA_HUMAN
[],H1T_HUMAN
[],SPR1B_HUMAN
[],HEM0_HUMAN
[],ADRO_HUMAN
[],FGFR3_HUMAN
[],KAPCG_HUMAN
[],ROA2_HUMAN
[],RFX1_HUMAN
[],CCNO_HUMAN
[],CP7A1_HUMAN
[],CBL_HUMAN
[],IBP4_HUMAN
[],KAPCB_HUMAN
[],QCR2_HUMAN
[],GTR5_HUMAN
[],TGM1_HUMAN
[],NR4A1_HUMAN
[],CAH4_HUMAN
[],GNLY_HUMAN
[],AAAD_HUMAN
[],CPN2_HUMAN
[],EVI2A_HUMAN
[],HEMH_HUMAN
[],LSHR_HUMAN
[],PROZ_HUMAN
[],MMP8_HUMAN
[],MRC1_HUMAN
[],CRYGS_HUMAN
[],XPA_HUMAN
[],HV102_HUMAN
[],AMPD1_HUMAN
[],EST1_HUMAN
[],FBLN1_HUMAN
[],TCEA1_HUMAN
[],PGH1_HUMAN
[],ITA6_HUMAN
[],SFPQ_HUMAN
[],TBG1_HUMAN
[],KELL_HUMAN
[],CAH6_HUMAN
[],PPIB_HUMAN
[],S10A1_HUMAN
[],SRCH_HUMAN
[],KALM_HUMAN
[],MAOM_HUMAN
[],GCSP_HUMAN
[],SYWC_HUMAN
[],RS3_HUMAN
[],MYF6_HUMAN
[],GLRA1_HUMAN
[],GLRA2_HUMAN
[],GCSH_HUMAN
[],CBLN1_HUMAN
[],KS6B1_HUMAN
[],JAK1_HUMAN
[],PTPRB_HUMAN
[],PTPRD_HUMAN
[],PTPRE_HUMAN
[],PTPRG_HUMAN
[],PTPRZ_HUMAN
[],LORI_HUMAN
[],SP100_HUMAN
[],CRCM_HUMAN
[],TNFL4_HUMAN
[],NFYA_HUMAN
[],OMGP_HUMAN
[],SAHH_HUMAN
[],H2B1O_HUMAN
[],COF1_HUMAN
[],BDNF_HUMAN
[],ANFC_HUMAN
[],IF4B_HUMAN
[],HAP40_HUMAN
[],AT2B4_HUMAN
[],IP3KA_HUMAN
[],DGKA_HUMAN
[],PAX7_HUMAN
[],PAX3_HUMAN
[],VAMP1_HUMAN
[],GATA2_HUMAN
[],GATA3_HUMAN
[],CPT2_HUMAN
[],KTHY_HUMAN
[],RIR1_HUMAN
[],PRPH2_HUMAN
[],FSHR_HUMAN
[],CMA1_HUMAN
[],SC6A2_HUMAN
[],IL32_HUMAN
[],LAMA2_HUMAN
[],GBRR1_HUMAN
[],FCAR_HUMAN
[],PRTN3_HUMAN
[],ZBT25_HUMAN
[],ALAT1_HUMAN
[],CX7A1_HUMAN
[],COX7B_HUMAN
[],MMP11_HUMAN
[],CCND1_HUMAN
[],RAE1_HUMAN
[],CRHBP_HUMAN
[],ERD21_HUMAN
[],IL4RA_HUMAN
[],CP3A7_HUMAN
[],COT2_HUMAN
[],GA45A_HUMAN
[],EDNRB_HUMAN
[],EF1B_HUMAN
[],AT5F1_HUMAN
[],THAS_HUMAN
[],AKAP5_HUMAN
[],IBP6_HUMAN
[],IBP5_HUMAN
[],PPAC_HUMAN
[],KPCL_HUMAN
[],THIL_HUMAN
[],TENA_HUMAN
[],MYL9_HUMAN
[],DNAS1_HUMAN
[],CCNC_HUMAN
[],CCNE1_HUMAN
[],CP2F1_HUMAN
[],RPB1_HUMAN
[],CDK2_HUMAN
[],HRH2_HUMAN
[],CXCR1_HUMAN
[],CXCR2_HUMAN
[],APC_HUMAN
[],CD24_HUMAN
[],CO8A2_HUMAN
[],FPR3_HUMAN
[],FPR2_HUMAN
[],GUC2C_HUMAN
[],ARBK1_HUMAN
[],ADA1D_HUMAN
[],EDNRA_HUMAN
[],NK1R_HUMAN
[],PTAFR_HUMAN
[],ACKR3_HUMAN
[],PAR1_HUMAN
[],MYP0_HUMAN
[],MCM3_HUMAN
[],NFYB_HUMAN
[],ZA2G_HUMAN
[],THTM_HUMAN
[],LAMA1_HUMAN
[],RS12_HUMAN
[],BRD2_HUMAN
[],TNR6_HUMAN
[],TYY1_HUMAN
[],DNJB1_HUMAN
[],DNJB2_HUMAN
[],ATPA_HUMAN
[],MT3_HUMAN
[],CATS_HUMAN
[],PSA1_HUMAN
[],PSA2_HUMAN
[],PSA3_HUMAN
[],PSA4_HUMAN
[],RBTN2_HUMAN
[],RBTN1_HUMAN
[],S100P_HUMAN
[],UCP1_HUMAN
[],NPY1R_HUMAN
[],CO5A3_HUMAN
[],TNR5_HUMAN
[],IKBA_HUMAN
[],ITA3_HUMAN
[],ITB7_HUMAN
[],ITB8_HUMAN
[],PTX3_HUMAN
[],MOES_HUMAN
[],PTN3_HUMAN
[],DDX6_HUMAN
[],CTNA2_HUMAN
[],DNMT1_HUMAN
[],PAX6_HUMAN
[],U2AF2_HUMAN
[],KRA59_HUMAN
[],RL13_HUMAN
[],RAE2_HUMAN
[],ELAV4_HUMAN
[],ASPX_HUMAN
[],3BHS2_HUMAN
[],IVD_HUMAN
[],CNTF_HUMAN
[],S10A4_HUMAN
[],MGAT1_HUMAN
[],HMGB2_HUMAN
[],PTBP1_HUMAN
[],SYTC_HUMAN
[],SYVC_HUMAN
[],EF1G_HUMAN
[],TTP_HUMAN
[],PPLA_HUMAN
[],NKG2A_HUMAN
[],NKG2C_HUMAN
[],NKG2D_HUMAN
[],CD27_HUMAN
[],FKBP2_HUMAN
[],HGFL_HUMAN
[],IL3RA_HUMAN
[],CNTFR_HUMAN
[],CRBB3_HUMAN
[],AVR2A_HUMAN
[],STOM_HUMAN
[],KAD4_HUMAN
[],PON1_HUMAN
[],ANX13_HUMAN
[],AOFB_HUMAN
[],1433T_HUMAN
[],IF_HUMAN
[],MK03_HUMAN
[],MARK3_HUMAN
[],VATL_HUMAN
[],G0S2_HUMAN
[],CALL3_HUMAN
[],DPP4_HUMAN
[],GDF1_HUMAN
[],ARNT_HUMAN
[],CERS1_HUMAN
[],RL10_HUMAN
[],CO8A1_HUMAN
[],RFA1_HUMAN
[],APEX1_HUMAN
[],CD82_HUMAN
[],DCK_HUMAN
[],PYR1_HUMAN
[],CALR_HUMAN
[],PDE4A_HUMAN
[],MAP4_HUMAN
[],CALX_HUMAN
[],PROP_HUMAN
[],IL1R2_HUMAN
[],P85A_HUMAN
[],IP3KB_HUMAN
[],AOAH_HUMAN
[],PSB8_HUMAN
[],PSB9_HUMAN
[],PSA5_HUMAN
[],DMA_HUMAN
[],DMB_HUMAN
[],PIT1_HUMAN
[],PSB4_HUMAN
[],PSB6_HUMAN
[],PSB5_HUMAN
[],GSTM2_HUMAN
[],5HT1D_HUMAN
[],5HT1B_HUMAN
[],5HT2A_HUMAN
[],ABCD3_HUMAN
[],TMOD1_HUMAN
[],ITPI2_HUMAN
[],LYOX_HUMAN
[],ELK4_HUMAN
[],CYTD_HUMAN
[],PEX2_HUMAN
[],CLAT_HUMAN
[],ACADL_HUMAN
[],NDUS1_HUMAN
[],ADH6_HUMAN
[],5HT2C_HUMAN
[],NMBR_HUMAN
[],DPOD1_HUMAN
[],TEAD1_HUMAN
[],HXD9_HUMAN
[],HXD10_HUMAN
[],MSX1_HUMAN
[],SMCA1_HUMAN
[],GBRB3_HUMAN
[],GBRR2_HUMAN
[],MK01_HUMAN
[],DUS1_HUMAN
[],5HT1E_HUMAN
[],GRAN_HUMAN
[],MZF1_HUMAN
[],RXRB_HUMAN
[],ERCC5_HUMAN
[],RBL1_HUMAN
[],GRN_HUMAN
[],PTPRM_HUMAN
[],AMPL_HUMAN
[],DHI1_HUMAN
[],CD34_HUMAN
[],CD38_HUMAN
[],TNR8_HUMAN
[],CD1B_HUMAN
[],CD1C_HUMAN
[],CXB2_HUMAN
[],S10A2_HUMAN
[],PTN4_HUMAN
[],T2EA_HUMAN
[],T2EB_HUMAN
[],NEC1_HUMAN
[],PCSK6_HUMAN
[],TPP2_HUMAN
[],IMPA1_HUMAN
[],AA2AR_HUMAN
[],AA2BR_HUMAN
[],CCN2_HUMAN
[],EPHA2_HUMAN
[],EPHA3_HUMAN
[],EPHA8_HUMAN
[],EPHB2_HUMAN
[],PTN6_HUMAN
[],SHC1_HUMAN
[],NK3R_HUMAN
[],3MG_HUMAN
[],RABP2_HUMAN
[],ARI4A_HUMAN
[],KDM5A_HUMAN
[],LTK_HUMAN
[],CO4A5_HUMAN
[],TKT_HUMAN
[],IL12A_HUMAN
[],IL12B_HUMAN
[],CASP1_HUMAN
[],NOS3_HUMAN
[],NOS1_HUMAN
[],SPB3_HUMAN
[],LMOD1_HUMAN
[],RBMS1_HUMAN
[],PML_HUMAN
[],TYK2_HUMAN
[],KAIN_HUMAN
[],EF1D_HUMAN
[],OAS2_HUMAN
[],ODPAT_HUMAN
[],CD40L_HUMAN
[],MARCS_HUMAN
[],AQP1_HUMAN
[],CNGA1_HUMAN
[],GNA11_HUMAN
[],AL4A1_HUMAN
[],PBLD_HUMAN
[],ERP29_HUMAN
[],PRDX6_HUMAN
[],BLVRB_HUMAN
[],PRDX5_HUMAN
[],DOPD_HUMAN
[],GFRP_HUMAN
[],PRDX3_HUMAN
[],ATPD_HUMAN
[],RL12_HUMAN
[],ECHM_HUMAN
[],KCY_HUMAN
[],PEBP1_HUMAN
[],PDIA3_HUMAN
[],2AAA_HUMAN
[],2AAB_HUMAN
[],CD6_HUMAN
[],CDC27_HUMAN
[],FCERG_HUMAN
[],CCND2_HUMAN
[],CCND3_HUMAN
[],WEE1_HUMAN
[],MIP_HUMAN
[],MPIP1_HUMAN
[],MPIP2_HUMAN
[],MPIP3_HUMAN
[],PPIF_HUMAN
[],BKRB2_HUMAN
[],NKTR_HUMAN
[],NMT1_HUMAN
[],HLAF_HUMAN
[],V2R_HUMAN
[],HMOX2_HUMAN
[],PURA2_HUMAN
[],UFO_HUMAN
[],SC6A1_HUMAN
[],ACHA5_HUMAN
[],AMRP_HUMAN
[],TSPO_HUMAN
[],AA1R_HUMAN
[],GRPR_HUMAN
[],AGTR1_HUMAN
[],OXYR_HUMAN
[],PUR8_HUMAN
[],KPYR_HUMAN
[],CLIP1_HUMAN
[],SORCN_HUMAN
[],GNA15_HUMAN
[],GSTT1_HUMAN
[],ILEU_HUMAN
[],GCH1_HUMAN
[],CTR1_HUMAN
[],AL1B1_HUMAN
[],AL3A1_HUMAN
[],SSR1_HUMAN
[],SSR2_HUMAN
[],RPB2_HUMAN
[],ACHB4_HUMAN
[],5HT1F_HUMAN
[],GNRHR_HUMAN
[],CALCR_HUMAN
[],NTR1_HUMAN
[],NEUT_HUMAN
[],LCN1_HUMAN
[],SDHA_HUMAN
[],COR1A_HUMAN
[],GDIA_HUMAN
[],S10A7_HUMAN
[],MK04_HUMAN
[],METK2_HUMAN
[],S5A2_HUMAN
[],HXD3_HUMAN
[],HXA10_HUMAN
[],HXA7_HUMAN
[],HXA9_HUMAN
[],HXA11_HUMAN
[],HXA13_HUMAN
[],HXC8_HUMAN
[],HXC9_HUMAN
[],HXC13_HUMAN
[],TLX1_HUMAN
[],KAP1_HUMAN
[],KAP3_HUMAN
[],CPSM_HUMAN
[],RIR2_HUMAN
[],CD52_HUMAN
[],FGF9_HUMAN
[],SSR4_HUMAN
[],CASQ1_HUMAN
[],SDC4_HUMAN
[],TIA1_HUMAN
[],FMO4_HUMAN
[],FMO3_HUMAN
[],ZEP2_HUMAN
[],SC5A2_HUMAN
[],SC6A6_HUMAN
[],GBRA5_HUMAN
[],SC6A4_HUMAN
[],DNJA1_HUMAN
[],AKT1_HUMAN
[],AKT2_HUMAN
[],IL2RG_HUMAN
[],QCR1_HUMAN
[],3HIDH_HUMAN
[],PUR9_HUMAN
[],ABC3A_HUMAN
[],HNRH3_HUMAN
[],HNRH1_HUMAN
[],CASPE_HUMAN
[],1433B_HUMAN
[],1433S_HUMAN
[],STIP1_HUMAN
[],S10AB_HUMAN
[],FCG2B_HUMAN
[],FCG2C_HUMAN
[],CEAM8_HUMAN
[],L1CAM_HUMAN
[],I5P2_HUMAN
[],PRDX2_HUMAN
[],ARRB2_HUMAN
[],GLPK_HUMAN
[],CCKAR_HUMAN
[],GASR_HUMAN
[],VIPR1_HUMAN
[],OTX1_HUMAN
[],OTX2_HUMAN
[],MC4R_HUMAN
[],CCR1_HUMAN
[],BRS3_HUMAN
[],CCR7_HUMAN
[],GP183_HUMAN
[],ACHA3_HUMAN
[],GRK4_HUMAN
[],CXCR5_HUMAN
[],CDD_HUMAN
[],DCTD_HUMAN
[],P5CR1_HUMAN
[],NAC1_HUMAN
[],GBP1_HUMAN
[],GBP2_HUMAN
[],ELF1_HUMAN
[],SSR3_HUMAN
[],HPPD_HUMAN
[],TF2H1_HUMAN
[],STX2_HUMAN
[],IFNA8_HUMAN
[],DSG3_HUMAN
[],IL3RB_HUMAN
[],CGL_HUMAN
[],ICAM3_HUMAN
[],RL9_HUMAN
[],CD70_HUMAN
[],TNFL8_HUMAN
[],MC5R_HUMAN
[],C2TA_HUMAN
[],ACSL1_HUMAN
[],CADH5_HUMAN
[],KINH_HUMAN
[],CSTF2_HUMAN
[],LSP1_HUMAN
[],CP2CI_HUMAN
[],CP2CJ_HUMAN
[],DUT_HUMAN
[],GCYA2_HUMAN
[],MRP1_HUMAN
[],CD80_HUMAN
[],S10A5_HUMAN
[],S10A3_HUMAN
[],H2B1B_HUMAN
[],ABCD1_HUMAN
[],MA1A1_HUMAN
[],ERD22_HUMAN
[],TTK_HUMAN
[],MCM4_HUMAN
[],MCM5_HUMAN
[],MCM7_HUMAN
[],GALNS_HUMAN
[],RNAS4_HUMAN
[],NTF4_HUMAN
[],SDC2_HUMAN
[],CD68_HUMAN
[],GLYC_HUMAN
[],GLYM_HUMAN
[],GBRA3_HUMAN
[],EVI2B_HUMAN
[],HYES_HUMAN
[],RYK_HUMAN
[],HS71L_HUMAN
[],HSP74_HUMAN
[],GRK5_HUMAN
[],MPI_HUMAN
[],5HT7R_HUMAN
[],CNR2_HUMAN
[],TRFR_HUMAN
[],OR1D2_HUMAN
[],PE2R1_HUMAN
[],CRFR1_HUMAN
[],TRY3_HUMAN
[],GPC1_HUMAN
[],BTC_HUMAN
[],PROF2_HUMAN
[],UBP6_HUMAN
[],CXA4_HUMAN
[],CAH5A_HUMAN
[],CAH8_HUMAN
[],CTNA1_HUMAN
[],CTNB1_HUMAN
[],IL13_HUMAN
[],BMI1_HUMAN
[],PCGF2_HUMAN
[],NOS2_HUMAN
[],PHB1_HUMAN
[],PTN7_HUMAN
[],SPB6_HUMAN
[],MERL_HUMAN
[],RADI_HUMAN
[],RECO_HUMAN
[],RFA3_HUMAN
[],SFTPD_HUMAN
[],RFC4_HUMAN
[],RFC2_HUMAN
[],RFC1_HUMAN
[],RL22_HUMAN
[],T2FA_HUMAN
[],SPRE_HUMAN
[],ADML_HUMAN
[],SPR1A_HUMAN
[],SPR2A_HUMAN
[],SSR5_HUMAN
[],ADA1A_HUMAN
[],PGH2_HUMAN
[],HRH1_HUMAN
[],ADA1B_HUMAN
[],OPRM_HUMAN
[],RORA_HUMAN
[],PE2R4_HUMAN
[],APJ_HUMAN
[],TSP2_HUMAN
[],TSP4_HUMAN
[],HXD12_HUMAN
[],HXD13_HUMAN
[],DRD3_HUMAN
[],IDUA_HUMAN
[],SCN1A_HUMAN
[],SCN4A_HUMAN
[],UD13_HUMAN
[],UD15_HUMAN
[],CBS_HUMAN
[],CLCN1_HUMAN
[],K1C9_HUMAN
[],MSX2_HUMAN
[],FBN1_HUMAN
[],FBN2_HUMAN
[],HXK4_HUMAN
[],PCKGC_HUMAN
[],IRS1_HUMAN
[],GDE_HUMAN
[],G6PC1_HUMAN
[],MYH9_HUMAN
[],MYH10_HUMAN
[],TIE1_HUMAN
[],COPB2_HUMAN
[],ACTN2_HUMAN
[],SOAT1_HUMAN
[],ADDA_HUMAN
[],ADDB_HUMAN
[],BASI_HUMAN
[],TIMP3_HUMAN
[],ARBK2_HUMAN
[],FUS_HUMAN
[],DDIT3_HUMAN
[],NU214_HUMAN
[],DEK_HUMAN
[],CYLC1_HUMAN
[],ATP7B_HUMAN
[],HNF1B_HUMAN
[],SOX5_HUMAN
[],SOX6_HUMAN
[],SOX18_HUMAN
[],SOX11_HUMAN
[],MYH11_HUMAN
[],GLRX1_HUMAN
[],ZNF93_HUMAN
[],CHKA_HUMAN
[],PPM1A_HUMAN
[],ALS_HUMAN
[],AHR_HUMAN
[],K1C20_HUMAN
[],K22E_HUMAN
[],PDE6B_HUMAN
[],HMGCL_HUMAN
[],VGFR3_HUMAN
[],VGFR2_HUMAN
[],PRS7_HUMAN
[],MOT8_HUMAN
[],CH3L1_HUMAN
[],GGT2_HUMAN
[],GGT5_HUMAN
[],CXA5_HUMAN
[],CXG1_HUMAN
[],TCF7_HUMAN
[],ARL2_HUMAN
[],ARL3_HUMAN
[],TRI23_HUMAN
[],MP2K2_HUMAN
[],ZNF76_HUMAN
[],ATPG_HUMAN
[],VATE1_HUMAN
[],ACHA7_HUMAN
[],HEM6_HUMAN
[],ARRC_HUMAN
[],RL4_HUMAN
[],8ODP_HUMAN
[],LONM_HUMAN
[],PGM1_HUMAN
[],PP1G_HUMAN
[],FLT3_HUMAN
[],BMR1A_HUMAN
[],ACV1B_HUMAN
[],TGFR1_HUMAN
[],TNR3_HUMAN
[],SPB5_HUMAN
[],RPB9_HUMAN
[],PEDF_HUMAN
[],SRBP1_HUMAN
[],ODO2_HUMAN
[],GMPR1_HUMAN
[],GPX4_HUMAN
[],FHR2_HUMAN
[],ACVL1_HUMAN
[],DHB3_HUMAN
[],DHB2_HUMAN
[],SCNNA_HUMAN
[],SRP14_HUMAN
[],TGFR2_HUMAN
[],NUP62_HUMAN
[],PPARG_HUMAN
[],HPCL1_HUMAN
[],FDFT_HUMAN
[],ZEB1_HUMAN
[],PIGA_HUMAN
[],V1AR_HUMAN
[],TAGL2_HUMAN
[],TALDO_HUMAN
[],SYUA_HUMAN
[],ETFB_HUMAN
[],RBMX_HUMAN
[],BRCA1_HUMAN
[],GNAL_HUMAN
[],COIL_HUMAN
[],VKGC_HUMAN
[],INGR2_HUMAN
[],HYALP_HUMAN
[],ITAE_HUMAN
[],LICH_HUMAN
[],VATA_HUMAN
[],HSPA9_HUMAN
[],IF4A3_HUMAN
[],SMBP2_HUMAN
[],CDN1A_HUMAN
[],RS19_HUMAN
[],RL3_HUMAN
[],COFA1_HUMAN
[],COIA1_HUMAN
[],GRIK1_HUMAN
[],MPV17_HUMAN
[],OST48_HUMAN
[],AN32A_HUMAN
[],FEN1_HUMAN
[],PA2G5_HUMAN
[],CUX1_HUMAN
[],MMP12_HUMAN
[],GDNF_HUMAN
[],CAPG_HUMAN
[],CAP2_HUMAN
[],TYRP2_HUMAN
[],ADCY8_HUMAN
[],IL6RB_HUMAN
[],GPV_HUMAN
[],CEAM3_HUMAN
[],CEAM6_HUMAN
[],TACT_HUMAN
[],NCYM_HUMAN
[],TXLNA_HUMAN
[],TPO_HUMAN
[],TCPZ_HUMAN
[],TPOR_HUMAN
[],CD79B_HUMAN
[],NNMT_HUMAN
[],IFI27_HUMAN
[],PSB10_HUMAN
[],VHL_HUMAN
[],ADH7_HUMAN
[],PBX1_HUMAN
[],PBX2_HUMAN
[],PBX3_HUMAN
[],RL13A_HUMAN
[],ARL1_HUMAN
[],ARL4A_HUMAN
[],MLH1_HUMAN
[],STAT3_HUMAN
[],UBP8_HUMAN
[],PEX19_HUMAN
[],S26A3_HUMAN
[],MDHC_HUMAN
[],MDHM_HUMAN
[],IL15_HUMAN
[],RFC5_HUMAN
[],RFC3_HUMAN
[],ECHA_HUMAN
[],PMEL_HUMAN
[],CCNF_HUMAN
[],IF2G_HUMAN
[],ID1_HUMAN
[],OPRD_HUMAN
[],OPRK_HUMAN
[],OPRX_HUMAN
[],LEP_HUMAN
[],ETV5_HUMAN
[],ETV3_HUMAN
[],CASR_HUMAN
[],AQP2_HUMAN
[],BCL6_HUMAN
[],CETN2_HUMAN
[],ETV6_HUMAN
[],EIF2D_HUMAN
[],OX2G_HUMAN
[],MNDA_HUMAN
[],PERI_HUMAN
[],RGS2_HUMAN
[],WNT5A_HUMAN
[],PTGDS_HUMAN
[],BUD31_HUMAN
[],SOX3_HUMAN
[],UBA7_HUMAN
[],NAA10_HUMAN
[],KDM5C_HUMAN
[],P2RY2_HUMAN
[],HNF4A_HUMAN
[],IPP2_HUMAN
[],ABEC1_HUMAN
[],CSK_HUMAN
[],PLPL4_HUMAN
[],GARS_HUMAN
[],SYIC_HUMAN
[],NBL1_HUMAN
[],TNFL9_HUMAN
[],M3K8_HUMAN
[],FOLR3_HUMAN
[],S19A1_HUMAN
[],EIF1_HUMAN
[],PACR_HUMAN
[],VIPR2_HUMAN
[],GRM5_HUMAN
[],5HT2B_HUMAN
[],CCR2_HUMAN
[],TSN7_HUMAN
[],KPCI_HUMAN
[],MC3R_HUMAN
[],ELK3_HUMAN
[],ACTY_HUMAN
[],CD86_HUMAN
[],ECI1_HUMAN
[],ASIP_HUMAN
[],LAP2A_HUMAN
[],LAP2B_HUMAN
[],STAT1_HUMAN
[],STAT6_HUMAN
[],STA5A_HUMAN
[],GRIA1_HUMAN
[],GRIA2_HUMAN
[],GRIA3_HUMAN
[],MTREX_HUMAN
[],AK1C3_HUMAN
[],RHG25_HUMAN
[],PK3CA_HUMAN
[],PK3CB_HUMAN
[],MTOR_HUMAN
[],PI4KA_HUMAN
[],EPS15_HUMAN
[],AF9_HUMAN
[],CASP3_HUMAN
[],CASP2_HUMAN
[],DPP6_HUMAN
[],RS27_HUMAN
[],MATK_HUMAN
[],TEC_HUMAN
[],TXK_HUMAN
[],ABL2_HUMAN
[],FRK_HUMAN
[],HELZ_HUMAN
[],CNDD3_HUMAN
[],I12R1_HUMAN
[],LIFR_HUMAN
[],LPPRC_HUMAN
[],THIM_HUMAN
[],RL35_HUMAN
[],WASP_HUMAN
[],CDN2A_HUMAN
[],CDN2B_HUMAN
[],CDN2C_HUMAN
[],PCP_HUMAN
[],CXCL5_HUMAN
[],NSG1_HUMAN
[],HD_HUMAN
[],ECE1_HUMAN
[],MTHR_HUMAN
[],EAA1_HUMAN
[],EAA2_HUMAN
[],EAA3_HUMAN
[],SATT_HUMAN
[],GDF5_HUMAN
[],LIS1_HUMAN
[],GUC1A_HUMAN
[],PF2R_HUMAN
[],PE2R3_HUMAN
[],PE2R2_HUMAN
[],PI2R_HUMAN
[],MUC18_HUMAN
[],DCC_HUMAN
[],CACP_HUMAN
[],CAH7_HUMAN
[],GLP1R_HUMAN
[],CATO_HUMAN
[],CATK_HUMAN
[],MATR3_HUMAN
[],MSH2_HUMAN
[],GRK6_HUMAN
[],BTD_HUMAN
[],ETV4_HUMAN
[],GPDM_HUMAN
[],SSRA_HUMAN
[],SSRB_HUMAN
[],CRBB2_HUMAN
[],RAD52_HUMAN
[],AL3B1_HUMAN
[],NR4A2_HUMAN
[],MAGA1_HUMAN
[],MAGA2_HUMAN
[],MAGA3_HUMAN
[],MAGA4_HUMAN
[],MAGA6_HUMAN
[],MAGA8_HUMAN
[],MAGAB_HUMAN
[],MAGAC_HUMAN
[],PTN9_HUMAN
[],ZAP70_HUMAN
[],KSYK_HUMAN
[],RANG_HUMAN
[],TNR4_HUMAN
[],NAMPT_HUMAN
[],KI2L1_HUMAN
[],KI2L3_HUMAN
[],KI3L1_HUMAN
[],KI3L2_HUMAN
[],KI2S2_HUMAN
[],KI2S4_HUMAN
[],AFAM_HUMAN
[],LPAR6_HUMAN
[],ACHA4_HUMAN
[],PRS6B_HUMAN
[],GATA4_HUMAN
[],NKX21_HUMAN
[],EFTS_HUMAN
[],TNNT3_HUMAN
[],TNNT2_HUMAN
[],ACY2_HUMAN
[],MMP13_HUMAN
[],ABCG1_HUMAN
[],PPIC_HUMAN
[],VDAC2_HUMAN
[],ACDSB_HUMAN
[],CBX5_HUMAN
[],UBP5_HUMAN
[],MK08_HUMAN
[],MK09_HUMAN
[],MP2K4_HUMAN
[],KI67_HUMAN
[],KPB2_HUMAN
[],KPB1_HUMAN
[],S15A1_HUMAN
[],RAGP1_HUMAN
[],RECQ1_HUMAN
[],NOP2_HUMAN
[],GPR3_HUMAN
[],CML2_HUMAN
[],CCR10_HUMAN
[],GPR4_HUMAN
[],XCR1_HUMAN
[],5HT3A_HUMAN
[],ATRX_HUMAN
[],CRK_HUMAN
[],CRKL_HUMAN
[],IF2M_HUMAN
[],BAG6_HUMAN
[],GSTM5_HUMAN
[],NSF_HUMAN
[],CDN1B_HUMAN
[],NOTC1_HUMAN
[],ASMT_HUMAN
[],BKRB1_HUMAN
[],IEX1_HUMAN
[],SO1A2_HUMAN
[],MP2K3_HUMAN
[],BRCC3_HUMAN
[],RL27A_HUMAN
[],RL5_HUMAN
[],RL21_HUMAN
[],RL28_HUMAN
[],RS9_HUMAN
[],RS5_HUMAN
[],RS10_HUMAN
[],MAP1B_HUMAN
[],GNPI1_HUMAN
[],NEDD4_HUMAN
[],YAP1_HUMAN
[],UTRN_HUMAN
[],IQGA1_HUMAN
[],3HAO_HUMAN
[],GLYG_HUMAN
[],STT3A_HUMAN
[],GALR1_HUMAN
[],MSS4_HUMAN
[],CASA1_HUMAN
[],PA24A_HUMAN
[],RPGP1_HUMAN
[],CAZA2_HUMAN
[],CAPZB_HUMAN
[],RGR_HUMAN
[],IF1AX_HUMAN
[],GBRA2_HUMAN
[],GBRB2_HUMAN
[],GLR_HUMAN
[],SCTR_HUMAN
[],AL1A3_HUMAN
[],SYQ_HUMAN
[],5HT5A_HUMAN
[],P2RY1_HUMAN
[],V1BR_HUMAN
[],CDX1_HUMAN
[],RL29_HUMAN
[],ID4_HUMAN
[],LEG7_HUMAN
[],TISD_HUMAN
[],UCRI_HUMAN
[],XDH_HUMAN
[],XCL1_HUMAN
[],TNFL6_HUMAN
[],SC6A8_HUMAN
[],MTR1A_HUMAN
[],ATPO_HUMAN
[],KCNJ1_HUMAN
[],KCNJ4_HUMAN
[],KCNJ6_HUMAN
[],CBPA2_HUMAN
[],GRIA4_HUMAN
[],LIMS1_HUMAN
[],SDF1_HUMAN
[],S6A12_HUMAN
[],S6A11_HUMAN
[],SC6A9_HUMAN
[],NPBW1_HUMAN
[],NPBW2_HUMAN
[],PPCE_HUMAN
[],MAOX_HUMAN
[],CXA8_HUMAN
[],GLRB_HUMAN
[],GBRA4_HUMAN
[],IREB2_HUMAN
[],AT5G3_HUMAN
[],T4S4_HUMAN
[],REG1B_HUMAN
[],TFPI2_HUMAN
[],LEPR_HUMAN
[],RFX2_HUMAN
[],RFX3_HUMAN
[],RFX5_HUMAN
[],PI42A_HUMAN
[],SOX2_HUMAN
[],SOX9_HUMAN
[],RXRG_HUMAN
[],COPD_HUMAN
[],AL3B2_HUMAN
[],LSS_HUMAN
[],PP2BC_HUMAN
[],GSH1_HUMAN
[],GSH0_HUMAN
[],CD151_HUMAN
[],PCP4_HUMAN
[],KCNJ5_HUMAN
[],GIPR_HUMAN
[],KCNC1_HUMAN
[],KCNJ3_HUMAN
[],INAR2_HUMAN
[],NRIP1_HUMAN
[],TPC10_HUMAN
[],PSMD8_HUMAN
[],SPB4_HUMAN
[],SPB10_HUMAN
[],PRC2A_HUMAN
[],GSHB_HUMAN
[],TCPE_HUMAN
[],NMU_HUMAN
[],PTSS1_HUMAN
[],EAA4_HUMAN
[],K2C6C_HUMAN
[],NEST_HUMAN
[],HSP13_HUMAN
[],GCST_HUMAN
[],KC1A_HUMAN
[],KC1D_HUMAN
[],IDHP_HUMAN
[],PK3CG_HUMAN
[],PIPNB_HUMAN
[],MASP1_HUMAN
[],LHX1_HUMAN
[],CCN3_HUMAN
[],B3A3_HUMAN
[],SL9A3_HUMAN
[],T23O_HUMAN
[],TNNI2_HUMAN
[],AGRE5_HUMAN
[],TRPC1_HUMAN
[],DPOD2_HUMAN
[],MRP_HUMAN
[],HCAR3_HUMAN
[],PAXI_HUMAN
[],CAMLG_HUMAN
[],NR2C2_HUMAN
[],MAPK2_HUMAN
[],NPY2R_HUMAN
[],DNSL1_HUMAN
[],AL9A1_HUMAN
[],PTH2R_HUMAN
[],RL34_HUMAN
[],TGM4_HUMAN
[],CX3C1_HUMAN
[],RPIA_HUMAN
[],LMAN1_HUMAN
[],NRAM1_HUMAN
[],NRAM2_HUMAN
[],MTR1B_HUMAN
[],NASP_HUMAN
[],FMO5_HUMAN
[],FAS_HUMAN
[],PO3F4_HUMAN
[],CDK8_HUMAN
[],FNTA_HUMAN
[],FNTB_HUMAN
[],DHYS_HUMAN
[],TCPG_HUMAN
[],ARRB1_HUMAN
[],EFTU_HUMAN
[],AMPH_HUMAN
[],AL7A1_HUMAN
[],UB2R1_HUMAN
[],CY561_HUMAN
[],DHE4_HUMAN
[],CENPA_HUMAN
[],CENPF_HUMAN
[],SRP09_HUMAN
[],UBE2A_HUMAN
[],PCY1A_HUMAN
[],SYAC_HUMAN
[],SYCC_HUMAN
[],SYHM_HUMAN
[],SYSC_HUMAN
[],PPM1F_HUMAN
[],DGKG_HUMAN
[],TTPA_HUMAN
[],HXA1_HUMAN
[],EVX1_HUMAN
[],MA2A2_HUMAN
[],PRI1_HUMAN
[],PRI2_HUMAN
[],CASP4_HUMAN
[],KC1E_HUMAN
[],STAR_HUMAN
[],CXCR3_HUMAN
[],PRLHR_HUMAN
[],GPR15_HUMAN
[],ARL4D_HUMAN
[],CTCF_HUMAN
[],CEBPA_HUMAN
[],CEBPD_HUMAN
[],PSB3_HUMAN
[],PSB2_HUMAN
[],MCM2_HUMAN
[],TSP3_HUMAN
[],COMP_HUMAN
[],ACADV_HUMAN
[],ACOT2_HUMAN
[],VPS41_HUMAN
[],TMEDA_HUMAN
[],RBM25_HUMAN
[],NUMB_HUMAN
[],RGS6_HUMAN
[],CLK1_HUMAN
[],CLK2_HUMAN
[],CLK3_HUMAN
[],PLGF_HUMAN
[],VEGFB_HUMAN
[],VEGFC_HUMAN
[],PSN1_HUMAN
[],EI2BB_HUMAN
[],FLT3L_HUMAN
[],HINT1_HUMAN
[],TIG1_HUMAN
[],FHIT_HUMAN
[],NU153_HUMAN
[],RBP2_HUMAN
[],RGS19_HUMAN
[],RGS3_HUMAN
[],RGS4_HUMAN
[],RGS7_HUMAN
[],PSN2_HUMAN
[],TSC2_HUMAN
[],NDUV1_HUMAN
[],GSK3A_HUMAN
[],GSK3B_HUMAN
[],WHR1_HUMAN
[],TAF6_HUMAN
[],KLK7_HUMAN
[],GRAK_HUMAN
[],ST1E1_HUMAN
[],IOD1_HUMAN
[],MCSP_HUMAN
[],5NTC_HUMAN
[],SPS1_HUMAN
[],SEPP1_HUMAN
[],ZN165_HUMAN
[],CAMP_HUMAN
[],MTHFS_HUMAN
[],GUAA_HUMAN
[],DNLI3_HUMAN
[],DNLI4_HUMAN
[],CDN1C_HUMAN
[],MRE11_HUMAN
[],ENTP1_HUMAN
[],AGTR2_HUMAN
[],KHK_HUMAN
[],HNMT_HUMAN
[],GNAQ_HUMAN
[],GBG4_HUMAN
[],GBG10_HUMAN
[],IDH3A_HUMAN
[],MNX1_HUMAN
[],MEOX1_HUMAN
[],MEOX2_HUMAN
[],ST1A1_HUMAN
[],ST1A2_HUMAN
[],CRIP1_HUMAN
[],MMP14_HUMAN
[],PPOX_HUMAN
[],NPY4R_HUMAN
[],GDIB_HUMAN
[],EMD_HUMAN
[],5HT6R_HUMAN
[],CPT1A_HUMAN
[],GATM_HUMAN
[],S26A2_HUMAN
[],SPB8_HUMAN
[],SPB9_HUMAN
[],SERPH_HUMAN
[],LHX2_HUMAN
[],CSRP3_HUMAN
[],PDLI4_HUMAN
[],F10A1_HUMAN
[],MXI1_HUMAN
[],PEX5_HUMAN
[],ERF_HUMAN
[],ETV1_HUMAN
[],VASP_HUMAN
[],ASCL1_HUMAN
[],DYN2_HUMAN
[],MAP2_HUMAN
[],AP4A_HUMAN
[],TNF10_HUMAN
[],TUB_HUMAN
[],CDK7_HUMAN
[],TOB1_HUMAN
[],BPL1_HUMAN
[],KNTC1_HUMAN
[],RASF2_HUMAN
[],CDK9_HUMAN
[],LRBA_HUMAN
[],R144A_HUMAN
[],BCAM_HUMAN
[],PPT1_HUMAN
[],RL14_HUMAN
[],TCPQ_HUMAN
[],TCPD_HUMAN
[],AT1A2_HUMAN
[],ANX11_HUMAN
[],PAPOA_HUMAN
[],FXR1_HUMAN
[],FXR2_HUMAN
[],GRAM_HUMAN
[],RAB5C_HUMAN
[],RAB7A_HUMAN
[],RAB9A_HUMAN
[],RAB13_HUMAN
[],RAB28_HUMAN
[],RB27A_HUMAN
[],PDE6C_HUMAN
[],FABP6_HUMAN
[],ATP4B_HUMAN
[],SCNNB_HUMAN
[],SCNNG_HUMAN
[],SCNND_HUMAN
[],PLCD1_HUMAN
[],DAP1_HUMAN
[],RT29_HUMAN
[],RORG_HUMAN
[],BLK_HUMAN
[],DUS3_HUMAN
[],INSL3_HUMAN
[],MMP15_HUMAN
[],MMP16_HUMAN
[],NOVA1_HUMAN
[],DNA2_HUMAN
[],SMCA2_HUMAN
[],SMCA4_HUMAN
[],IDH3G_HUMAN
[],GALK1_HUMAN
[],SSRD_HUMAN
[],BAP31_HUMAN
[],P2RX1_HUMAN
[],TPMT_HUMAN
[],P2RY4_HUMAN
[],BRCA2_HUMAN
[],CP2J2_HUMAN
[],RENBP_HUMAN
[],MECP2_HUMAN
[],HCFC1_HUMAN
[],IRAK1_HUMAN
[],CAV2_HUMAN
[],AL3A2_HUMAN
[],SSDH_HUMAN
[],GPC3_HUMAN
[],DHB4_HUMAN
[],PSMD7_HUMAN
[],UB2D1_HUMAN
[],CCL11_HUMAN
[],GPM6A_HUMAN
[],CCR3_HUMAN
[],CCR4_HUMAN
[],CCR5_HUMAN
[],CCR6_HUMAN
[],CCR8_HUMAN
[],CCR9_HUMAN
[],SUOX_HUMAN
[],SPHM_HUMAN
[],ARSL_HUMAN
[],STA5B_HUMAN
[],APLP1_HUMAN
[],UBP11_HUMAN
[],KCNQ1_HUMAN
[],CLCN2_HUMAN
[],CLCN3_HUMAN
[],CLCN4_HUMAN
[],CLCN5_HUMAN
[],CLCN6_HUMAN
[],CLCN7_HUMAN
[],CLCKA_HUMAN
[],CLCKB_HUMAN
[],PLXA3_HUMAN
[],DYLT3_HUMAN
[],VAMP7_HUMAN
[],GP143_HUMAN
[],XK_HUMAN
[],KS6A3_HUMAN
[],BMX_HUMAN
[],ZNF41_HUMAN
[],AFF2_HUMAN
[],PRKX_HUMAN
[],AFF1_HUMAN
[],AFF3_HUMAN
[],ADCY7_HUMAN
[],GUC2F_HUMAN
[],NR0B1_HUMAN
[],TKTL1_HUMAN
[],AK1D1_HUMAN
[],HDGF_HUMAN
[],TDGF3_HUMAN
[],CASP5_HUMAN
[],LUM_HUMAN
[],PRELP_HUMAN
[],CNN1_HUMAN
[],CCNH_HUMAN
[],MAT1_HUMAN
[],NEK2_HUMAN
[],NEK3_HUMAN
[],NEK4_HUMAN
[],CCNG1_HUMAN
[],UB2E1_HUMAN
[],NDUA8_HUMAN
[],ROA3_HUMAN
[],FUT6_HUMAN
[],MYOM1_HUMAN
[],RND2_HUMAN
[],6PGD_HUMAN
[],HNRPM_HUMAN
[],IMA1_HUMAN
[],IMA5_HUMAN
[],NCBP2_HUMAN
[],GDS1_HUMAN
[],JAK3_HUMAN
[],DGKE_HUMAN
[],RPAB3_HUMAN
[],RPB11_HUMAN
[],MP2K6_HUMAN
[],GDIR1_HUMAN
[],GDIR2_HUMAN
[],CTR2_HUMAN
[],AGFG1_HUMAN
[],HNRPF_HUMAN
[],STAT2_HUMAN
[],TF2AA_HUMAN
[],T2AG_HUMAN
[],MSH6_HUMAN
[],KIF11_HUMAN
[],VAV2_HUMAN
[],ZN133_HUMAN
[],ZN140_HUMAN
[],ZN131_HUMAN
[],ZN135_HUMAN
[],ZN138_HUMAN
[],ZN143_HUMAN
[],RBM5_HUMAN
[],CHIO_HUMAN
[],RIDA_HUMAN
[],SPSY_HUMAN
[],HXK2_HUMAN
[],HXK3_HUMAN
[],EFNA3_HUMAN
[],EFNA4_HUMAN
[],EFNB2_HUMAN
[],EFNA5_HUMAN
[],RM12_HUMAN
[],STC1_HUMAN
[],DGKQ_HUMAN
[],NDST1_HUMAN
[],NDST2_HUMAN
[],THOP1_HUMAN
[],AK1C2_HUMAN
[],CAZA1_HUMAN
[],HMGA2_HUMAN
[],PDX1_HUMAN
[],NUP98_HUMAN
[],GBX2_HUMAN
[],NKX25_HUMAN
[],LBX1_HUMAN
[],NAR1_HUMAN
[],BIEA_HUMAN
[],TXTP_HUMAN
[],PPP5_HUMAN
[],PLK1_HUMAN
[],DAPK1_HUMAN
[],ARFP2_HUMAN
[],ARFP1_HUMAN
[],NUDT6_HUMAN
[],NUBP1_HUMAN
[],ACLY_HUMAN
[],CO4A4_HUMAN
[],FOSB_HUMAN
[],CEBPG_HUMAN
[],MAP11_HUMAN
[],SUCA_HUMAN
[],MVD1_HUMAN
[],PGTB1_HUMAN
[],PGTB2_HUMAN
[],COPB_HUMAN
[],COPA_HUMAN
[],CATC_HUMAN
[],LIMK1_HUMAN
[],LIMK2_HUMAN
[],CRBA2_HUMAN
[],CRBA4_HUMAN
[],CRBB1_HUMAN
[],CLH2_HUMAN
[],AP3M2_HUMAN
[],AP2S1_HUMAN
[],CCHL_HUMAN
[],ITA8_HUMAN
[],MK12_HUMAN
[],MK10_HUMAN
[],SC5A3_HUMAN
[],PTTG_HUMAN
[],RPAB4_HUMAN
[],TTC3_HUMAN
[],RCAN1_HUMAN
[],SMTN_HUMAN
[],PLAT3_HUMAN
[],MOT1_HUMAN
[],IST1_HUMAN
[],SC24C_HUMAN
[],TCP4_HUMAN
[],DPOG1_HUMAN
[],ICLN_HUMAN
[],CRIS1_HUMAN
[],CRIS3_HUMAN
[],BLM_HUMAN
[],SYRC_HUMAN
[],HIRA_HUMAN
[],VMAT1_HUMAN
[],ATX3_HUMAN
[],ATX1_HUMAN
[],HAP1_HUMAN
[],ATN1_HUMAN
[],TERF1_HUMAN
[],PMS1_HUMAN
[],PMS2_HUMAN
[],CACB3_HUMAN
[],CA2D1_HUMAN
[],MYOM2_HUMAN
[],LIPR1_HUMAN
[],LIPR2_HUMAN
[],OAZ1_HUMAN
[],SYYC_HUMAN
[],UBP14_HUMAN
[],AAKG1_HUMAN
[],AAPK2_HUMAN
[],HSP72_HUMAN
[],BCAT1_HUMAN
[],AT12A_HUMAN
[],AT1B3_HUMAN
[],ATNG_HUMAN
[],RD23A_HUMAN
[],RD23B_HUMAN
[],PDE1A_HUMAN
[],EPHB3_HUMAN
[],EPHA5_HUMAN
[],EPHB4_HUMAN
[],EPHB1_HUMAN
[],EPHA4_HUMAN
[],ANAG_HUMAN
[],GALC_HUMAN
[],KAD2_HUMAN
[],PRRX1_HUMAN
[],GAS1_HUMAN
[],PTN5_HUMAN
[],GYS2_HUMAN
[],NRL_HUMAN
[],EMP1_HUMAN
[],EMP2_HUMAN
[],EMP3_HUMAN
[],UDB15_HUMAN
[],HMCS2_HUMAN
[],P5CS_HUMAN
[],SNAA_HUMAN
[],ADPRH_HUMAN
[],SLUR1_HUMAN
[],MFAP2_HUMAN
[],AIF1_HUMAN
[],IF5_HUMAN
[],S12A2_HUMAN
[],S12A3_HUMAN
[],PSMD4_HUMAN
[],DRG2_HUMAN
[],GEM_HUMAN
[],RAD_HUMAN
[],NR1H2_HUMAN
[],APOC4_HUMAN
[],PLTP_HUMAN
[],XPO2_HUMAN
[],BI1_HUMAN
[],AQP5_HUMAN
[],TERA_HUMAN
[],IOD3_HUMAN
[],FGF8_HUMAN
[],MFAP1_HUMAN
[],MFAP4_HUMAN
[],ECHB_HUMAN
[],PAR2_HUMAN
[],AQP4_HUMAN
[],UCN1_HUMAN
[],GDF10_HUMAN
[],MANF_HUMAN
[],MTP_HUMAN
[],NCKPL_HUMAN
[],AFAD_HUMAN
[],AF10_HUMAN
[],AF17_HUMAN
[],ELL_HUMAN
[],BRPF1_HUMAN
[],NP1L1_HUMAN
[],CASP7_HUMAN
[],CASP9_HUMAN
[],CASP6_HUMAN
[],GP2_HUMAN
[],ADK_HUMAN
[],DSRAD_HUMAN
[],LAMB2_HUMAN
[],CDN2D_HUMAN
[],CADH4_HUMAN
[],CADH6_HUMAN
[],CADH8_HUMAN
[],CAD11_HUMAN
[],CAD12_HUMAN
[],CAD13_HUMAN
[],CAD15_HUMAN
[],FOXG1_HUMAN
[],FOXA1_HUMAN
[],FOXA3_HUMAN
[],TPD52_HUMAN
[],LMIP_HUMAN
[],ANM2_HUMAN
[],PKNX1_HUMAN
[],SEC13_HUMAN
[],NH2L1_HUMAN
[],PAX9_HUMAN
[],CCL23_HUMAN
[],CCL18_HUMAN
[],PSA_HUMAN
[],ALR_HUMAN
[],HNRH2_HUMAN
[],SCOT1_HUMAN
[],UCP2_HUMAN
[],SUMO3_HUMAN
[],EIF3B_HUMAN
[],RAG2_HUMAN
[],FCGRN_HUMAN
[],UCP3_HUMAN
[],BID_HUMAN
[],ATPK_HUMAN
[],GFRA1_HUMAN
[],DLX1_HUMAN
[],DLX5_HUMAN
[],DLX6_HUMAN
[],TPTE_HUMAN
[],NDUV3_HUMAN
[],RRP1_HUMAN
[],SYMC_HUMAN
[],ITA1_HUMAN
[],CATW_HUMAN
[],ARP19_HUMAN
[],MAZ_HUMAN
[],TCL1A_HUMAN
[],DPOE2_HUMAN
[],P2RX3_HUMAN
[],AP1S2_HUMAN
[],ATP68_HUMAN
[],ATP5E_HUMAN
[],ATP5I_HUMAN
[],LEG4_HUMAN
[],HDAC4_HUMAN
[],IF6_HUMAN
[],CAV3_HUMAN
[],CTBP2_HUMAN
[],NDUA6_HUMAN
[],TM50B_HUMAN
[],ARL4C_HUMAN
[],PEX3_HUMAN
[],NDK5_HUMAN
[],PER3_HUMAN
[],SOX10_HUMAN
[],KCNQ4_HUMAN
[],WNT3_HUMAN
[],WNT3A_HUMAN
[],WNT4_HUMAN
[],WNT7B_HUMAN
[],RP1_HUMAN
[],NETR_HUMAN
[],CLD15_HUMAN
[],CLD6_HUMAN
[],CLD8_HUMAN
[],CLD17_HUMAN
[],BACE1_HUMAN
[],EP3B_HUMAN
[],CLD18_HUMAN
[],CLD20_HUMAN
[],GSC_HUMAN
[],DHB7_HUMAN
[],BCAR1_HUMAN
[],STX17_HUMAN
[],NRG3_HUMAN
[],RBM11_HUMAN
[],H2BFS_HUMAN
[],PIGP_HUMAN
[],DSCR6_HUMAN
[],G6PT2_HUMAN
[],SIK1_HUMAN
[],PRD15_HUMAN
[],SOX8_HUMAN
[],UBS3A_HUMAN
[],CF298_HUMAN
[],RIPK4_HUMAN
[],WDR4_HUMAN
[],TBX4_HUMAN
[],SCND1_HUMAN
[],JAM2_HUMAN
[],TMM33_HUMAN
[],NAC3_HUMAN
[],SYJ2B_HUMAN
[],GEMI4_HUMAN
[],EVC_HUMAN
[],KLF3_HUMAN
[],PCBP3_HUMAN
[],TMPS3_HUMAN
[],RAB38_HUMAN
[],CAR18_HUMAN
[],RAB25_HUMAN
[],CORO7_HUMAN
[],TCTA_HUMAN
[],CLD2_HUMAN
[],NU107_HUMAN
[],GSDMD_HUMAN
[],SNX16_HUMAN
[],RGS8_HUMAN
[],SELB_HUMAN
[],KCNKA_HUMAN
[],CABP4_HUMAN
[],SESN2_HUMAN
[],SESN3_HUMAN
[],FOXL2_HUMAN
[],EPIPL_HUMAN
[],LOXL3_HUMAN
[],VSX2_HUMAN
[],ANTR2_HUMAN
[],MLF1_HUMAN
[],ATS12_HUMAN
[],NRX1B_HUMAN
[],NRX2B_HUMAN
[],CLRN1_HUMAN
[],FAM3B_HUMAN
[],MTPN_HUMAN
[],S26A5_HUMAN
[],TIRAP_HUMAN
[],H2B1D_HUMAN
[],NLRP6_HUMAN
[],NAL12_HUMAN
[],NALP5_HUMAN
[],DAOA_HUMAN
[],RAB15_HUMAN
[],ATS20_HUMAN
[],T2R19_HUMAN
[],DEF1_HUMAN
[],DEF3_HUMAN
[],GBG2_HUMAN
[],MNARL_HUMAN
[],AP3S2_HUMAN
[],Z280A_HUMAN
[],BPIB4_HUMAN
[],LIRA4_HUMAN
[],DJB13_HUMAN
[],ZN445_HUMAN
[],MCCD1_HUMAN
[],KR121_HUMAN
[],KR122_HUMAN
[],ARPC4_HUMAN
[],ELOF1_HUMAN
[],APC15_HUMAN
[],HILS1_HUMAN
[],KR10A_HUMAN
[],DEFB1_HUMAN
[],CD81_HUMAN
[],SC61G_HUMAN
[],TPIS_HUMAN
[],MYPR_HUMAN
[],EIF3E_HUMAN
[],NANO2_HUMAN
[],NANO3_HUMAN
[],KR123_HUMAN
[],KR124_HUMAN
[],KR102_HUMAN
[],KR105_HUMAN
[],KR106_HUMAN
[],KR104_HUMAN
[],KR107_HUMAN
[],KR108_HUMAN
[],KR109_HUMAN
[],KR10B_HUMAN
[],SC61B_HUMAN
[],PTEN_HUMAN
[],EFC1_HUMAN
[],SYCY2_HUMAN
[],PP4C_HUMAN
[],GBRL2_HUMAN
[],IL2_HUMAN
[],ROMO1_HUMAN
[],UB2G2_HUMAN
[],MYL6_HUMAN
[],ACTB_HUMAN
[],RAC3_HUMAN
[],IF4A1_HUMAN
[],ZP1_HUMAN
[],RS20_HUMAN
[],SNP25_HUMAN
[],PRPS1_HUMAN
[],SEM1_HUMAN
[],PSA6_HUMAN
[],S10AA_HUMAN
[],CDC42_HUMAN
[],DEST_HUMAN
[],RAB8A_HUMAN
[],SPCS3_HUMAN
[],SRP54_HUMAN
[],RAB4B_HUMAN
[],RAB2A_HUMAN
[],RAB5B_HUMAN
[],CKS1_HUMAN
[],RAB10_HUMAN
[],CXCR4_HUMAN
[],UB2D3_HUMAN
[],UBC12_HUMAN
[],UBE2K_HUMAN
[],UBE2N_HUMAN
[],RAB14_HUMAN
[],ARP3_HUMAN
[],ARP2_HUMAN
[],ACTZ_HUMAN
[],TM258_HUMAN
[],CSN2_HUMAN
[],ARF3_HUMAN
[],RPAB2_HUMAN
[],ABCE1_HUMAN
[],RAP1B_HUMAN
[],RAP2B_HUMAN
[],MAX_HUMAN
[],RS3A_HUMAN
[],RL26_HUMAN
[],STX1B_HUMAN
[],SMS_HUMAN
[],PSME3_HUMAN
[],HAND2_HUMAN
[],RL15_HUMAN
[],MGN_HUMAN
[],FGF12_HUMAN
[],RL27_HUMAN
[],ISL1_HUMAN
[],VA0D1_HUMAN
[],PHS_HUMAN
[],RL37A_HUMAN
[],RHOA_HUMAN
[],RND3_HUMAN
[],NAA20_HUMAN
[],NCALD_HUMAN
[],CH10_HUMAN
[],S61A1_HUMAN
[],LYSC_HUMAN
[],SIA8F_HUMAN
[],PFD3_HUMAN
[],STXB1_HUMAN
[],B2MG_HUMAN
[],DAD1_HUMAN
[],TGFB2_HUMAN
[],NPC2_HUMAN
[],COPZ1_HUMAN
[],IPKA_HUMAN
[],RL37_HUMAN
[],GBG11_HUMAN
[],SUMO2_HUMAN
[],UFM1_HUMAN
[],DCAF7_HUMAN
[],WDR5_HUMAN
[],AP1S1_HUMAN
[],LMO4_HUMAN
[],NTF2_HUMAN
[],HNRPK_HUMAN
[],1433G_HUMAN
[],UBP46_HUMAN
[],RRAS2_HUMAN
[],TIM10_HUMAN
[],TSN5_HUMAN
[],RS7_HUMAN
[],PP1A_HUMAN
[],PP1B_HUMAN
[],NCS1_HUMAN
[],PRS4_HUMAN
[],PRS8_HUMAN
[],RS8_HUMAN
[],RS15A_HUMAN
[],RS16_HUMAN
[],UB2G1_HUMAN
[],UBE2H_HUMAN
[],1433E_HUMAN
[],RS14_HUMAN
[],RS23_HUMAN
[],RS18_HUMAN
[],RS29_HUMAN
[],RS13_HUMAN
[],RS11_HUMAN
[],RUXE_HUMAN
[],RUXF_HUMAN
[],RUXG_HUMAN
[],LSM3_HUMAN
[],LSM6_HUMAN
[],SMD1_HUMAN
[],SMD2_HUMAN
[],SMD3_HUMAN
[],BTG1_HUMAN
[],TYB4_HUMAN
[],ARF6_HUMAN
[],PRS10_HUMAN
[],SELT_HUMAN
[],TBPL1_HUMAN
[],RL7A_HUMAN
[],RPB7_HUMAN
[],RB11A_HUMAN
[],ERF1_HUMAN
[],ERR3_HUMAN
[],CNBP_HUMAN
[],YPEL5_HUMAN
[],RS4X_HUMAN
[],PP2AB_HUMAN
[],ACTA_HUMAN
[],RHOB_HUMAN
[],RL23A_HUMAN
[],RS6_HUMAN
[],VISL1_HUMAN
[],H4_HUMAN
[],H2B1C_HUMAN
[],RAB1A_HUMAN
[],RAN_HUMAN
[],RL23_HUMAN
[],RAP1A_HUMAN
[],UB2D2_HUMAN
[],RS15_HUMAN
[],RS24_HUMAN
[],RS25_HUMAN
[],RS26_HUMAN
[],RS28_HUMAN
[],RS30_HUMAN
[],GBB1_HUMAN
[],RPAB5_HUMAN
[],RBX1_HUMAN
[],GBB2_HUMAN
[],RL30_HUMAN
[],RL39_HUMAN
[],RL31_HUMAN
[],RL10A_HUMAN
[],RL32_HUMAN
[],RL11_HUMAN
[],RL8_HUMAN
[],PPIA_HUMAN
[],FKB1A_HUMAN
[],RS32_HUMAN
[],BLCAP_HUMAN
[],CCG7_HUMAN
[],RS27A_HUMAN
[],RL40_HUMAN
[],GRB2_HUMAN
[],TRA2B_HUMAN
[],RAC1_HUMAN
[],AP2B1_HUMAN
[],VAMP2_HUMAN
[],GNAS2_HUMAN
[],GNAI1_HUMAN
[],CANB1_HUMAN
[],1433Z_HUMAN
[],POK9_HUMAN
[],UBE2B_HUMAN
[],2ABA_HUMAN
[],RSMN_HUMAN
[],SUMO1_HUMAN
[],DYL1_HUMAN
[],DYLT1_HUMAN
[],RL38_HUMAN
[],SKP1_HUMAN
[],GBG1_HUMAN
[],GBG5_HUMAN
[],RS21_HUMAN
[],IF5A1_HUMAN
[],RACK1_HUMAN
[],KCNJ2_HUMAN
[],ACTG_HUMAN
[],ACTH_HUMAN
[],SPT4H_HUMAN
[],UBC9_HUMAN
[],TNNC1_HUMAN
[],PP2AA_HUMAN
[],YBOX1_HUMAN
[],SC11A_HUMAN
[],CSK2B_HUMAN
[],TPM4_HUMAN
[],ACTC_HUMAN
[],UB2L3_HUMAN
[],EF1A1_HUMAN
[],FKB1B_HUMAN
[],ACTS_HUMAN
[],TBA1B_HUMAN
[],TBA4A_HUMAN
[],TBB4B_HUMAN
[],CSK21_HUMAN
[],PA1B2_HUMAN
[],H31_HUMAN
[],UBX2A_HUMAN
[],HBB_HUMAN
[],NOMO3_HUMAN
[],HBG1_HUMAN
[],HBG2_HUMAN
[],HBA_HUMAN
[],CXAR_HUMAN
[],3BP2_HUMAN
[],NOP14_HUMAN
[],RNF4_HUMAN
[],IGBP1_HUMAN
[],SHPS1_HUMAN
[],ADAM8_HUMAN
[],CP4F2_HUMAN
[],SERB_HUMAN
[],RBM6_HUMAN
[],GPC5_HUMAN
[],GBRE_HUMAN
[],PITX1_HUMAN
[],IF4G2_HUMAN
[],RPP38_HUMAN
[],RPP30_HUMAN
[],GTF2I_HUMAN
[],ASIC1_HUMAN
[],DLG4_HUMAN
[],PI42B_HUMAN
[],CNTP1_HUMAN
[],CTG1B_HUMAN
[],SRPK2_HUMAN
[],ABCA4_HUMAN
[],PHC1_HUMAN
[],NKX32_HUMAN
[],KC1G2_HUMAN
[],CLD10_HUMAN
[],TCPB_HUMAN
[],OLR1_HUMAN
[],S35A2_HUMAN
[],S35A1_HUMAN
[],S35B1_HUMAN
[],KRT83_HUMAN
[],KRT85_HUMAN
[],PRAME_HUMAN
[],CCNA1_HUMAN
[],RAE1L_HUMAN
[],BT3A2_HUMAN
[],IRX5_HUMAN
[],IRX6_HUMAN
[],IRX4_HUMAN
[],IRX3_HUMAN
[],GSTO1_HUMAN
[],X3CL1_HUMAN
[],PO6F2_HUMAN
[],NKX61_HUMAN
[],JAG1_HUMAN
[],KCJ10_HUMAN
[],RELN_HUMAN
[],DEN2B_HUMAN
[],PRKDC_HUMAN
[],ADA17_HUMAN
[],BL1S1_HUMAN
[],SRPX_HUMAN
[],ARGI2_HUMAN
[],BTG2_HUMAN
[],ELF3_HUMAN
[],NTH_HUMAN
[],I13R1_HUMAN
[],CCL20_HUMAN
[],MAP1A_HUMAN
[],CRADD_HUMAN
[],PHEX_HUMAN
[],RED1_HUMAN
[],DRB3_HUMAN
[],PRR3_HUMAN
[],CCL8_HUMAN
[],CCL7_HUMAN
[],PHLD_HUMAN
[],CXCL6_HUMAN
[],NGAL_HUMAN
[],M3K9_HUMAN
[],IN35_HUMAN
[],MT1H_HUMAN
[],MT1X_HUMAN
[],NUCB2_HUMAN
[],DHI2_HUMAN
[],DLK1_HUMAN
[],GABT_HUMAN
[],S10AC_HUMAN
[],BASP1_HUMAN
[],LV321_HUMAN
[],HEPC_HUMAN
[],GPSM2_HUMAN
[],PRRP_HUMAN
[],EREP3_HUMAN
[],D103A_HUMAN
[],DCD_HUMAN
[],TMF1_HUMAN
[],BAT1_HUMAN
[],CRUM1_HUMAN
[],RT22_HUMAN
[],RT35_HUMAN
[],RT15_HUMAN
[],RT34_HUMAN
[],RT06_HUMAN
[],SARNP_HUMAN
[],ATL3_HUMAN
[],HTRA4_HUMAN
[],HTRA3_HUMAN
[],LACTB_HUMAN
[],LSM11_HUMAN
[],COG7_HUMAN
[],RL24_HUMAN
[],TXN4A_HUMAN
[],RL36A_HUMAN
[],CBX1_HUMAN
[],SMAD3_HUMAN
[],HPCA_HUMAN
[],ARF1_HUMAN
[],ARF5_HUMAN
[],ERH_HUMAN
[],RHOG_HUMAN
[],RL19_HUMAN
[],SRSF3_HUMAN
[],H33_HUMAN
[],SKOR1_HUMAN
[],ALEX_HUMAN
[],FOXK1_HUMAN
[],RHG08_HUMAN
[],PRR5_HUMAN
[],HTD2_HUMAN
[],ZBED6_HUMAN
[],PR20C_HUMAN
[],PR20D_HUMAN
[],TSG6_HUMAN
[],ENTK_HUMAN
[],SHC2_HUMAN
[],DAB2_HUMAN
[],MUC5A_HUMAN
[],FBLN2_HUMAN
[],IDD_HUMAN
[],VLDLR_HUMAN
[],PGBM_HUMAN
[],PKD1_HUMAN
[],LRP2_HUMAN
[],ZXDA_HUMAN
[],XIAP_HUMAN
[],RHG04_HUMAN
[],EFNB1_HUMAN
[],FAM3A_HUMAN
[],FGD1_HUMAN
[],RBM10_HUMAN
[],FOXO4_HUMAN
[],RBM3_HUMAN
[],ZN200_HUMAN
[],CP4F8_HUMAN
[],AT2C1_HUMAN
[],AT11A_HUMAN
[],AT8B2_HUMAN
[],CYC_HUMAN
[],2ABB_HUMAN
[],EM55_HUMAN
[],HXA4_HUMAN
[],TFAM_HUMAN
[],PIPNA_HUMAN
[],METK1_HUMAN
[],S25A3_HUMAN
[],VIGLN_HUMAN
[],TF2B_HUMAN
[],HXC5_HUMAN
[],CDK3_HUMAN
[],CDKL1_HUMAN
[],CDK6_HUMAN
[],CDK5_HUMAN
[],CDK16_HUMAN
[],CDK17_HUMAN
[],PURA_HUMAN
[],BORG5_HUMAN
[],FANCC_HUMAN
[],NDP_HUMAN
[],CLH1_HUMAN
[],HSF1_HUMAN
[],NFKB2_HUMAN
[],FKBP3_HUMAN
[],PLCB2_HUMAN
[],REEP5_HUMAN
[],DHSO_HUMAN
[],HNRPU_HUMAN
[],MYPC1_HUMAN
[],PSG9_HUMAN
[],PSG6_HUMAN
[],B4GN1_HUMAN
[],CAC1B_HUMAN
[],IRF9_HUMAN
[],MDM2_HUMAN
[],BEX3_HUMAN
[],PLIN5_HUMAN
[],PRCD_HUMAN
[],PDE1B_HUMAN
[],U2AF1_HUMAN
[],SPTB2_HUMAN
[],TIAR_HUMAN
[],E2F1_HUMAN
[],INSM1_HUMAN
[],SET_HUMAN
[],IL9R_HUMAN
[],SCN7A_HUMAN
[],SRSF2_HUMAN
[],CD83_HUMAN
[],FOXK2_HUMAN
[],RUNX1_HUMAN
[],RELB_HUMAN
[],IL5RA_HUMAN
[],FCERB_HUMAN
[],GALK2_HUMAN
[],AMPD3_HUMAN
[],AMPD2_HUMAN
[],MLRA_HUMAN
[],PMP22_HUMAN
[],FABP5_HUMAN
[],ANK2_HUMAN
[],CAP1_HUMAN
[],DEF5_HUMAN
[],DEF6_HUMAN
[],TSPY1_HUMAN
[],MYT1_HUMAN
[],FLI1_HUMAN
[],K22O_HUMAN
[],HMCS1_HUMAN
[],IFM3_HUMAN
[],IFM2_HUMAN
[],ILRL1_HUMAN
[],LAT1_HUMAN
[],NC2B_HUMAN
[],TFAP4_HUMAN
[],CAC1D_HUMAN
[],ACTHR_HUMAN
[],MSHR_HUMAN
[],FMO1_HUMAN
[],EXOSX_HUMAN
[],OTUD4_HUMAN
[],PFKAP_HUMAN
[],AT2B2_HUMAN
[],SATB1_HUMAN
[],XPC_HUMAN
[],EWS_HUMAN
[],CDR2_HUMAN
[],PO4F1_HUMAN
[],PO5F1_HUMAN
[],SPIB_HUMAN
[],BNC1_HUMAN
[],CO4A3_HUMAN
[],SC6A3_HUMAN
[],OCRL_HUMAN
[],PLCB3_HUMAN
[],ROR1_HUMAN
[],ROR2_HUMAN
[],AK17A_HUMAN
[],MEF2A_HUMAN
[],MEF2B_HUMAN
[],NAAA_HUMAN
[],SP2_HUMAN
[],RHAG_HUMAN
[],GCYA1_HUMAN
[],PYRD_HUMAN
[],GCYB1_HUMAN
[],KPCE_HUMAN
[],RHD_HUMAN
[],ODO1_HUMAN
[],CX6A2_HUMAN
[],TNR17_HUMAN
[],CENPE_HUMAN
[],KIF23_HUMAN
[],CNTN2_HUMAN
[],MMSA_HUMAN
[],NRG1_HUMAN
[],CP27A_HUMAN
[],ID2_HUMAN
[],SEMG2_HUMAN
[],CO7A1_HUMAN
[],APBA1_HUMAN
[],DSG1_HUMAN
[],SP4_HUMAN
[],SP3_HUMAN
[],DSC2_HUMAN
[],MUC3A_HUMAN
[],ID3_HUMAN
[],H11_HUMAN
[],RL18A_HUMAN
[],PAX5_HUMAN
[],IRF8_HUMAN
[],HEN1_HUMAN
[],HEN2_HUMAN
[],CACB1_HUMAN
[],GHRHR_HUMAN
[],GCNT1_HUMAN
[],GUC2A_HUMAN
[],MP2K1_HUMAN
[],TIE2_HUMAN
[],M3K10_HUMAN
[],FKBP4_HUMAN
[],PLOD1_HUMAN
[],MUC2_HUMAN
[],NUCB1_HUMAN
[],RASF7_HUMAN
[],GUC2D_HUMAN
[],RL6_HUMAN
[],TOP2B_HUMAN
[],CP4AB_HUMAN
[],CREB5_HUMAN
[],AKA12_HUMAN
[],PAX2_HUMAN
[],M2OM_HUMAN
[],FHR3_HUMAN
[],DYST_HUMAN
[],GSTM4_HUMAN
[],HHEX_HUMAN
[],PO3F1_HUMAN
[],CREM_HUMAN
[],ENL_HUMAN
[],MECOM_HUMAN
[],GNA12_HUMAN
[],CAV1_HUMAN
[],ACY1_HUMAN
[],KMT2A_HUMAN
[],TGBR3_HUMAN
[],PPARD_HUMAN
[],CENPC_HUMAN
[],LMNB2_HUMAN
[],PTPS_HUMAN
[],ROM1_HUMAN
[],TFF2_HUMAN
[],UPAR_HUMAN
[],KIME_HUMAN
[],PTH1R_HUMAN
[],ERCC6_HUMAN
[],TAP1_HUMAN
[],TAP2_HUMAN
[],FHR1_HUMAN
[],COAA1_HUMAN
[],CEBPZ_HUMAN
[],KCNC4_HUMAN
[],ZNF85_HUMAN
[],HSF2_HUMAN
[],ARI5A_HUMAN
[],PRB3_HUMAN
[],TF65_HUMAN
[],UBXN1_HUMAN
[],GLGB_HUMAN
[],FOLH1_HUMAN
[],IF4G1_HUMAN
[],ATP7A_HUMAN
[],P_HUMAN
[],K1C17_HUMAN
[],NOTC2_HUMAN
[],TLE1_HUMAN
[],TLE2_HUMAN
[],TLE3_HUMAN
[],TLE4_HUMAN
[],EMX1_HUMAN
[],EMX2_HUMAN
[],HGFA_HUMAN
[],KPCT_HUMAN
[],LGUL_HUMAN
[],ACVR1_HUMAN
[],AK1C1_HUMAN
[],SSBP_HUMAN
[],ACHE_HUMAN
[],REL_HUMAN
[],MUC24_HUMAN
[],RON_HUMAN
[],1433F_HUMAN
[],PLP2_HUMAN
[],SRY_HUMAN
[],ICA69_HUMAN
[],UBE3A_HUMAN
[],DYN1_HUMAN
[],MAD1_HUMAN
[],PTN12_HUMAN
[],EGR4_HUMAN
[],LEG10_HUMAN
[],DCE2_HUMAN
[],FAK1_HUMAN
[],LIPS_HUMAN
[],ZNF91_HUMAN
[],KPCZ_HUMAN
[],ZBT16_HUMAN
[],SRS11_HUMAN
[],NMDZ1_HUMAN
[],EF1A2_HUMAN
[],KPCD_HUMAN
[],CALD1_HUMAN
[],COEA1_HUMAN
[],RN5A_HUMAN
[],ACHB3_HUMAN
[],DUSP2_HUMAN
[],HME1_HUMAN
[],FOLC_HUMAN
[],VMAT2_HUMAN
[],ZP2_HUMAN
[],MBTD1_HUMAN
[],DEUP1_HUMAN
[],ITIH3_HUMAN
[],AT5G2_HUMAN
[],PTN11_HUMAN
[],KDSR_HUMAN
[],REG3A_HUMAN
[],BTK_HUMAN
[],P2R3A_HUMAN
[],PUR1_HUMAN
[],GFPT1_HUMAN
[],EXOS9_HUMAN
[],AOXA_HUMAN
[],PSME1_HUMAN
[],SUH_HUMAN
[],MEF2C_HUMAN
[],P5F1B_HUMAN
[],TYRO3_HUMAN
[],CCG1_HUMAN
[],MTG8_HUMAN
[],APLP2_HUMAN
[],NPT2A_HUMAN
[],ST2A1_HUMAN
[],GABPA_HUMAN
[],GABP1_HUMAN
[],RING1_HUMAN
[],RAD51_HUMAN
[],TNFC_HUMAN
[],PAX8_HUMAN
[],ZN33A_HUMAN
[],FMR1_HUMAN
[],FMOD_HUMAN
[],PRDX1_HUMAN
[],EGR3_HUMAN
[],SOX4_HUMAN
[],ACHD_HUMAN
[],CDK18_HUMAN
[],TNR9_HUMAN
[],RL18_HUMAN
[],C1QBP_HUMAN
[],CKAP4_HUMAN
[],AMPE_HUMAN
[],COGA1_HUMAN
[],CD69_HUMAN
[],ZO1_HUMAN
[],TRHY_HUMAN
[],CXCL9_HUMAN
[],PIGF_HUMAN
[],PDE4B_HUMAN
[],TISB_HUMAN
[],NKG2E_HUMAN
[],SPAG1_HUMAN
[],KRA11_HUMAN
[],TFF3_HUMAN
[],KHDR1_HUMAN
[],DLX2_HUMAN
[],SCN1B_HUMAN
[],BAX_HUMAN
[],B2CL1_HUMAN
[],MCL1_HUMAN
[],SLC31_HUMAN
[],DPOE1_HUMAN
[],KLC1_HUMAN
[],PPARA_HUMAN
[],SOS1_HUMAN
[],SOS2_HUMAN
[],ACK1_HUMAN
[],LRP1_HUMAN
[],SRSF1_HUMAN
[],RHG01_HUMAN
[],CP24A_HUMAN
[],ACTN3_HUMAN
[],FOXM1_HUMAN
[],RGS1_HUMAN
[],TLE5_HUMAN
[],SRSF4_HUMAN
[],PCDH1_HUMAN
[],TGM3_HUMAN
[],PP2BA_HUMAN
[],DHX9_HUMAN
[],QOR_HUMAN
[],CACB2_HUMAN
[],I10R2_HUMAN
[],DDR1_HUMAN
[],S20A2_HUMAN
[],GOGA3_HUMAN
[],GOGA2_HUMAN
[],LG3BP_HUMAN
[],LOXL1_HUMAN
[],ECHP_HUMAN
[],MFGM_HUMAN
[],ADCY2_HUMAN
[],CP4F3_HUMAN
[],PDE4C_HUMAN
[],DEMA_HUMAN
[],PDE4D_HUMAN
[],DSC1_HUMAN
[],HDHD1_HUMAN
[],TICN1_HUMAN
[],SG11B_HUMAN
[],CLM6_HUMAN
[],CD47_HUMAN
[],PPID_HUMAN
[],ADCY1_HUMAN
[],FGL1_HUMAN
[],ITK_HUMAN
[],SSRP1_HUMAN
[],RBL2_HUMAN
[],CAMP2_HUMAN
[],SPIR1_HUMAN
[],ZN844_HUMAN
[],MZT1_HUMAN
[],ACSM1_HUMAN
[],ACS2A_HUMAN
[],VAC14_HUMAN
[],SIG14_HUMAN
[],NSUN2_HUMAN
[],DMPK_HUMAN
[],DMWD_HUMAN
[],RBBP4_HUMAN
[],NCBP1_HUMAN
[],MGAT3_HUMAN
[],MGT5A_HUMAN
[],ABCC8_HUMAN
[],KCNA1_HUMAN
[],EP300_HUMAN
[],AHNK_HUMAN
[],ZN415_HUMAN
[],GOG8D_HUMAN
[],IFFO1_HUMAN
[],NIPA4_HUMAN
[],RIPP1_HUMAN
[],NTCP7_HUMAN
[],TBC8B_HUMAN
[],FCHO2_HUMAN
[],ARL16_HUMAN
[],ELP6_HUMAN
[],LMOD3_HUMAN
[],RGF1B_HUMAN
[],SMAGP_HUMAN
[],APOBR_HUMAN
[],INCA1_HUMAN
[],BRME1_HUMAN
[],DYH14_HUMAN
[],HSP7E_HUMAN
[],CGNL1_HUMAN
[],FP100_HUMAN
[],MESP2_HUMAN
[],LTOR4_HUMAN
[],U17LO_HUMAN
[],NEXN_HUMAN
[],PJVK_HUMAN
[],MGAT2_HUMAN
[],GALT2_HUMAN
[],GALT1_HUMAN
[],AP1B1_HUMAN
[],CPSF1_HUMAN
[],MN1_HUMAN
[],DBP_HUMAN
[],TEF_HUMAN
[],BST1_HUMAN
[],BST2_HUMAN
[],MPPA_HUMAN
[],FUT2_HUMAN
[],FUT5_HUMAN
[],FUT7_HUMAN
[],SIA4A_HUMAN
[],SIAT6_HUMAN
[],SIA4C_HUMAN
[],KIF1A_HUMAN
[],SCRN1_HUMAN
[],TMM94_HUMAN
[],WASC5_HUMAN
[],NU160_HUMAN
[],SCAP_HUMAN
[],SRBP2_HUMAN
[],ARHG5_HUMAN
[],FOXO1_HUMAN
[],TBL3_HUMAN
[],TF3C1_HUMAN
[],KCMA1_HUMAN
[],TWF1_HUMAN
[],HYAL1_HUMAN
[],ASPH_HUMAN
[],CETN1_HUMAN
[],TFCP2_HUMAN
[],AKP13_HUMAN
[],FBLN3_HUMAN
[],KCNH2_HUMAN
[],TROAP_HUMAN
[],TROP_HUMAN
[],SNF5_HUMAN
[],RB40B_HUMAN
[],BPTF_HUMAN
[],CDC20_HUMAN
[],ZP4_HUMAN
[],PO4F2_HUMAN
[],KIF5A_HUMAN
[],FSTL1_HUMAN
[],STX4_HUMAN
[],GRSF1_HUMAN
[],M4K2_HUMAN
[],M3K12_HUMAN
[],NFIA_HUMAN
[],CNTN1_HUMAN
[],CAD17_HUMAN
[],MERTK_HUMAN
[],TCF15_HUMAN
[],SFSWA_HUMAN
[],CHD3_HUMAN
[],SF3A3_HUMAN
[],NMDE1_HUMAN
[],DPYD_HUMAN
[],SEPR_HUMAN
[],COX10_HUMAN
[],TP53B_HUMAN
[],OVGP1_HUMAN
[],HYAL2_HUMAN
[],TM115_HUMAN
[],IFRD2_HUMAN
[],TRI26_HUMAN
[],AIMP1_HUMAN
[],ILF2_HUMAN
[],ILF3_HUMAN
[],LMAN2_HUMAN
[],NTCP2_HUMAN
[],IRAG2_HUMAN
[],PTPRJ_HUMAN
[],KLRB1_HUMAN
[],PTN13_HUMAN
[],EPS8_HUMAN
[],TRAP1_HUMAN
[],TRAF2_HUMAN
[],BFSP1_HUMAN
[],FOXF1_HUMAN
[],FOXF2_HUMAN
[],FOXC1_HUMAN
[],FOXI1_HUMAN
[],FOXL1_HUMAN
[],ANK3_HUMAN
[],DLG1_HUMAN
[],TAF10_HUMAN
[],MYO1E_HUMAN
[],GNDS_HUMAN
[],NFAC3_HUMAN
[],PP1R8_HUMAN
[],TP4A2_HUMAN
[],ABR_HUMAN
[],NPRL3_HUMAN
[],SEC20_HUMAN
[],BNIP2_HUMAN
[],BNIP3_HUMAN
[],NFX1_HUMAN
[],CSTF3_HUMAN
[],GRIK2_HUMAN
[],GRIK3_HUMAN
[],IL24_HUMAN
[],TIAM1_HUMAN
[],ECH1_HUMAN
[],AF1Q_HUMAN
[],RHG05_HUMAN
[],PLA2R_HUMAN
[],MALL_HUMAN
[],AKAP6_HUMAN
[],PRDM2_HUMAN
[],STRN3_HUMAN
[],CDC16_HUMAN
[],STK4_HUMAN
[],FLII_HUMAN
[],TRI32_HUMAN
[],COASY_HUMAN
[],TRDN_HUMAN
[],MKRN3_HUMAN
[],BIRC1_HUMAN
[],TRAF1_HUMAN
[],RM28_HUMAN
[],ACACA_HUMAN
[],PDIA2_HUMAN
[],PAFA_HUMAN
[],LCP2_HUMAN
[],CSN1_HUMAN
[],IFT88_HUMAN
[],ZBT17_HUMAN
[],UBP4_HUMAN
[],CAF1A_HUMAN
[],CAF1B_HUMAN
[],PDZ1I_HUMAN
[],TRAF3_HUMAN
[],DUS4_HUMAN
[],DAZ2_HUMAN
[],KLF10_HUMAN
[],RED_HUMAN
[],MTAP_HUMAN
[],REST_HUMAN
[],RLF_HUMAN
[],AAPK1_HUMAN
[],NR1H3_HUMAN
[],LIPA1_HUMAN
[],CACO2_HUMAN
[],EI2BE_HUMAN
[],BAMBI_HUMAN
[],TADBP_HUMAN
[],ROA0_HUMAN
[],PAK1_HUMAN
[],AIMP2_HUMAN
[],RFA4_HUMAN
[],FADD_HUMAN
[],PRDX4_HUMAN
[],MP2K5_HUMAN
[],MK07_HUMAN
[],PAK2_HUMAN
[],S13A2_HUMAN
[],CBX3_HUMAN
[],STK3_HUMAN
[],STX5_HUMAN
[],CBLB_HUMAN
[],PSMD2_HUMAN
[],MMRN1_HUMAN
[],DUS8_HUMAN
[],DDX10_HUMAN
[],TBX2_HUMAN
[],SEM3B_HUMAN
[],ERCC8_HUMAN
[],DNJC3_HUMAN
[],PAPP1_HUMAN
[],NMDE2_HUMAN
[],GPS2_HUMAN
[],SBP1_HUMAN
[],CHIT1_HUMAN
[],NDK3_HUMAN
[],M3K1_HUMAN
[],KGP2_HUMAN
[],SLAP1_HUMAN
[],KLRD1_HUMAN
[],SRSF9_HUMAN
[],SRSF5_HUMAN
[],SRSF6_HUMAN
[],NOGG_HUMAN
[],GRM1_HUMAN
[],MD2L1_HUMAN
[],PD2R_HUMAN
[],I15RA_HUMAN
[],TIF1B_HUMAN
[],DHRS2_HUMAN
[],SEM3F_HUMAN
[],STX3_HUMAN
[],G3BP1_HUMAN
[],STF1_HUMAN
[],CLN3_HUMAN
[],NMI_HUMAN
[],SLAF1_HUMAN
[],KCAB2_HUMAN
[],GPR17_HUMAN
[],PTK7_HUMAN
[],SKP2_HUMAN
[],PABP4_HUMAN
[],ATM_HUMAN
[],DMP1_HUMAN
[],CD5R2_HUMAN
[],GRB10_HUMAN
[],BIK_HUMAN
[],CRFR2_HUMAN
[],IFIT5_HUMAN
[],SGCG_HUMAN
[],MTA1_HUMAN
[],PTPRS_HUMAN
[],UT1_HUMAN
[],SP140_HUMAN
[],EIF3I_HUMAN
[],ITAD_HUMAN
[],KLF1_HUMAN
[],CENPR_HUMAN
[],PPIL2_HUMAN
[],ZN177_HUMAN
[],MFAP5_HUMAN
[],2A5G_HUMAN
[],CTBP1_HUMAN
[],AP3B2_HUMAN
[],MPP3_HUMAN
[],PDE3B_HUMAN
[],PHLP_HUMAN
[],JIP2_HUMAN
[],PLD1_HUMAN
[],MB211_HUMAN
[],TARB1_HUMAN
[],MYO7A_HUMAN
[],UB2V1_HUMAN
[],RM49_HUMAN
[],DC1I2_HUMAN
[],BT1A1_HUMAN
[],ORC1_HUMAN
[],ORC2_HUMAN
[],ILK_HUMAN
[],MSLN_HUMAN
[],IKZF1_HUMAN
[],NNTM_HUMAN
[],SNTA1_HUMAN
[],SNTB2_HUMAN
[],XRCC4_HUMAN
[],PPIG_HUMAN
[],TCOF_HUMAN
[],U119A_HUMAN
[],S39A6_HUMAN
[],SF3B2_HUMAN
[],OS9_HUMAN
[],GOGA4_HUMAN
[],ADAM9_HUMAN
[],ADA15_HUMAN
[],TMED1_HUMAN
[],LSAMP_HUMAN
[],FKBP5_HUMAN
[],TUSC3_HUMAN
[],MYO9B_HUMAN
[],FOXE3_HUMAN
[],ROCK1_HUMAN
[],FZD5_HUMAN
[],NFAC2_HUMAN
[],TNK1_HUMAN
[],TOP3A_HUMAN
[],DRP2_HUMAN
[],MADCA_HUMAN
[],IL18R_HUMAN
[],GAB1_HUMAN
[],SMAD4_HUMAN
[],SNPC2_HUMAN
[],VPP3_HUMAN
[],BIRC3_HUMAN
[],BIRC2_HUMAN
[],GPM6B_HUMAN
[],PICAL_HUMAN
[],MAMD1_HUMAN
[],MTM1_HUMAN
[],SQSTM_HUMAN
[],MED21_HUMAN
[],MTX1_HUMAN
[],NAB1_HUMAN
[],TRPC3_HUMAN
[],NAR3_HUMAN
[],TBB3_HUMAN
[],ASAH1_HUMAN
[],BFSP2_HUMAN
[],OLIG2_HUMAN
[],PNOC_HUMAN
[],AQP6_HUMAN
[],PPR1A_HUMAN
[],PRP4K_HUMAN
[],PIN1_HUMAN
[],SERC3_HUMAN
[],ATR_HUMAN
[],4EBP1_HUMAN
[],4EBP2_HUMAN
[],RIPK1_HUMAN
[],HDAC1_HUMAN
[],KCC2B_HUMAN
[],KCC2G_HUMAN
[],KCC2D_HUMAN
[],DCTN2_HUMAN
[],NDF1_HUMAN
[],PKD2_HUMAN
[],ULA1_HUMAN
[],IRF5_HUMAN
[],TDG_HUMAN
[],LAPM5_HUMAN
[],ITPK1_HUMAN
[],SNW1_HUMAN
[],DGKZ_HUMAN
[],IQGA2_HUMAN
[],MTR1L_HUMAN
[],STIM1_HUMAN
[],GRAP_HUMAN
[],SEM5A_HUMAN
[],TRA2A_HUMAN
[],SNX1_HUMAN
[],KRR1_HUMAN
[],PEX6_HUMAN
[],DNSL3_HUMAN
[],PWP1_HUMAN
[],MTMR1_HUMAN
[],MTMR2_HUMAN
[],MTMR3_HUMAN
[],CUL1_HUMAN
[],CUL2_HUMAN
[],CUL3_HUMAN
[],CUL4A_HUMAN
[],CUL4B_HUMAN
[],S12A1_HUMAN
[],ASPP2_HUMAN
[],DYR1A_HUMAN
[],FCL_HUMAN
[],CAD18_HUMAN
[],PTC1_HUMAN
[],RAB31_HUMAN
[],RAB32_HUMAN
[],5HT4R_HUMAN
[],TPBG_HUMAN
[],FHL1_HUMAN
[],FHL3_HUMAN
[],I10R1_HUMAN
[],RIN1_HUMAN
[],ITA7_HUMAN
[],AAMP_HUMAN
[],ALKB1_HUMAN
[],CAC1S_HUMAN
[],RAPSN_HUMAN
[],AVR2B_HUMAN
[],MOGS_HUMAN
[],AT1A4_HUMAN
[],CD166_HUMAN
[],LAMB3_HUMAN
[],LAMC2_HUMAN
[],RUNX3_HUMAN
[],NACA_HUMAN
[],THOC5_HUMAN
[],NCOA4_HUMAN
[],APOF_HUMAN
[],APR_HUMAN
[],ARFRP_HUMAN
[],SHRM2_HUMAN
[],ITA9_HUMAN
[],SPTN1_HUMAN
[],ENPP2_HUMAN
[],NOG2_HUMAN
[],AUHM_HUMAN
[],BACD2_HUMAN
[],PKP1_HUMAN
[],DX39B_HUMAN
[],BLMH_HUMAN
[],EXOS2_HUMAN
[],BMPR2_HUMAN
[],MOBP_HUMAN
[],PTK6_HUMAN
[],SNTB1_HUMAN
[],TBB2A_HUMAN
[],KLF9_HUMAN
[],KLF5_HUMAN
[],TF2H2_HUMAN
[],TF2H3_HUMAN
[],BYST_HUMAN
[],C1D_HUMAN
[],RPGF1_HUMAN
[],IDI1_HUMAN
[],CAC1C_HUMAN
[],CAYP1_HUMAN
[],CALI_HUMAN
[],PDE7A_HUMAN
[],CASP_HUMAN
[],RUNX2_HUMAN
[],PEBB_HUMAN
[],NFYC_HUMAN
[],CNCG_HUMAN
[],RGRF1_HUMAN
[],KGP1_HUMAN
[],CEAM7_HUMAN
[],KCNC3_HUMAN
[],CDK13_HUMAN
[],IL16_HUMAN
[],CKAP5_HUMAN
[],CIRBP_HUMAN
[],KCC1A_HUMAN
[],COTL1_HUMAN
[],CNGB1_HUMAN
[],CO4A6_HUMAN
[],BAAT_HUMAN
[],CO9A3_HUMAN
[],CO9A2_HUMAN
[],COX17_HUMAN
[],RB33A_HUMAN
[],HNRPD_HUMAN
[],TOB2_HUMAN
[],SCRB2_HUMAN
[],NID2_HUMAN
[],LRP8_HUMAN
[],IL18_HUMAN
[],DPYS_HUMAN
[],DAG1_HUMAN
[],VEZF1_HUMAN
[],PDE1C_HUMAN
[],DSG2_HUMAN
[],DGCR6_HUMAN
[],TRI29_HUMAN
[],VGLL4_HUMAN
[],BOP1_HUMAN
[],UBE4A_HUMAN
[],SRTD2_HUMAN
[],SEPT6_HUMAN
[],TRI14_HUMAN
[],KEAP1_HUMAN
[],DHX34_HUMAN
[],MORC3_HUMAN
[],SAFB2_HUMAN
[],EIF3A_HUMAN
[],FA53B_HUMAN
[],DELE1_HUMAN
[],ARHG7_HUMAN
[],EFR3A_HUMAN
[],UBP2L_HUMAN
[],SPIDR_HUMAN
[],SCRIB_HUMAN
[],GIT2_HUMAN
[],SREC_HUMAN
[],IKKE_HUMAN
[],MLEC_HUMAN
[],TTL12_HUMAN
[],MPP2_HUMAN
[],DPOA2_HUMAN
[],DOC2A_HUMAN
[],DOC2B_HUMAN
[],DOCK1_HUMAN
[],TFDP1_HUMAN
[],TFDP2_HUMAN
[],SIM2_HUMAN
[],WRN_HUMAN
[],FHL2_HUMAN
[],DPYL1_HUMAN
[],DPYL3_HUMAN
[],ICT1_HUMAN
[],ZMYM3_HUMAN
[],DCTN1_HUMAN
[],DYHC1_HUMAN
[],NPAT_HUMAN
[],E2F2_HUMAN
[],LY6D_HUMAN
[],IL27B_HUMAN
[],EI2BA_HUMAN
[],IF4A2_HUMAN
[],ELOA1_HUMAN
[],SELPL_HUMAN
[],MAP7_HUMAN
[],AGRE1_HUMAN
[],SRC8_HUMAN
[],NUCG_HUMAN
[],FLOT2_HUMAN
[],RCN2_HUMAN
[],TRI25_HUMAN
[],ENR1_HUMAN
[],FAK2_HUMAN
[],FASTK_HUMAN
[],FGL2_HUMAN
[],FLNC_HUMAN
[],FKBP8_HUMAN
[],FA50A_HUMAN
[],MYPC2_HUMAN
[],GPR18_HUMAN
[],FRG1_HUMAN
[],FZD2_HUMAN
[],GNA13_HUMAN
[],GAMT_HUMAN
[],GALE_HUMAN
[],LRC32_HUMAN
[],GAS6_HUMAN
[],GCKR_HUMAN
[],CSHL_HUMAN
[],GLPK2_HUMAN
[],GRM2_HUMAN
[],PDE3A_HUMAN
[],GALT3_HUMAN
[],PIGH_HUMAN
[],CAPR1_HUMAN
[],GRB14_HUMAN
[],GRB7_HUMAN
[],BECN1_HUMAN
[],HES1_HUMAN
[],SLBP_HUMAN
[],NF2L1_HUMAN
[],RBM39_HUMAN
[],KCJ12_HUMAN
[],WFDC2_HUMAN
[],CASL_HUMAN
[],FGFP1_HUMAN
[],SPRL1_HUMAN
[],FAT1_HUMAN
[],HABP2_HUMAN
[],SCN5A_HUMAN
[],KT33B_HUMAN
[],HIC1_HUMAN
[],HLTF_HUMAN
[],K1H2_HUMAN
[],KRT81_HUMAN
[],ERG1_HUMAN
[],HNF4G_HUMAN
[],S29A2_HUMAN
[],PDIA5_HUMAN
[],KPRA_HUMAN
[],DHX8_HUMAN
[],SEM3A_HUMAN
[],DMC1_HUMAN
[],MCM6_HUMAN
[],HS902_HUMAN
[],ITPR2_HUMAN
[],ITPR3_HUMAN
[],DSC3_HUMAN
[],ZN266_HUMAN
[],ZN345_HUMAN
[],ZN268_HUMAN
[],ZN460_HUMAN
[],NBR1_HUMAN
[],IHH_HUMAN
[],ITIH4_HUMAN
[],I11RA_HUMAN
[],I13R2_HUMAN
[],I5P1_HUMAN
[],ITPR1_HUMAN
[],RASA3_HUMAN
[],PLSI_HUMAN
[],IRF3_HUMAN
[],KCJ11_HUMAN
[],TM187_HUMAN
[],LAGE3_HUMAN
[],BLTP2_HUMAN
[],TRIPC_HUMAN
[],PUM1_HUMAN
[],ESPL1_HUMAN
[],MDC1_HUMAN
[],EPN4_HUMAN
[],KANK1_HUMAN
[],TTLL4_HUMAN
[],MELK_HUMAN
[],SMC1A_HUMAN
[],RRP1B_HUMAN
[],NCOA6_HUMAN
[],GSE1_HUMAN
[],DIP2A_HUMAN
[],RRP5_HUMAN
[],PSF1_HUMAN
[],BMS1_HUMAN
[],LPIN1_HUMAN
[],UBP10_HUMAN
[],MESD_HUMAN
[],GANAB_HUMAN
[],RFTN1_HUMAN
[],MBTP1_HUMAN
[],SSPN_HUMAN
[],KCNB1_HUMAN
[],KCAB1_HUMAN
[],MFS10_HUMAN
[],2A5D_HUMAN
[],LBR_HUMAN
[],COG2_HUMAN
[],GNMT_HUMAN
[],MVP_HUMAN
[],STAT4_HUMAN
[],LTBP1_HUMAN
[],LTBP2_HUMAN
[],ICAM4_HUMAN
[],HLX_HUMAN
[],CBX2_HUMAN
[],GOGB1_HUMAN
[],CASP8_HUMAN
[],NAA30_HUMAN
[],FXYD3_HUMAN
[],KIF22_HUMAN
[],MEF2D_HUMAN
[],GRM7_HUMAN
[],GRM3_HUMAN
[],GRM4_HUMAN
[],CHD4_HUMAN
[],LASP1_HUMAN
[],STAR3_HUMAN
[],PO6F1_HUMAN
[],ARI5B_HUMAN
[],MTF1_HUMAN
[],CRYM_HUMAN
[],MYPC3_HUMAN
[],PTGR1_HUMAN
[],NPT1_HUMAN
[],NC2A_HUMAN
[],ZN169_HUMAN
[],NFAC4_HUMAN
[],NFIX_HUMAN
[],SL9A5_HUMAN
[],KI3S1_HUMAN
[],KI2S5_HUMAN
[],KI2S1_HUMAN
[],GPNMB_HUMAN
[],NMDE3_HUMAN
[],RB39A_HUMAN
[],ZN638_HUMAN
[],NTCP_HUMAN
[],IMB1_HUMAN
[],NOLC1_HUMAN
[],NUMA1_HUMAN
[],OPCM_HUMAN
[],ODFP1_HUMAN
[],COJA1_HUMAN
[],NR1I3_HUMAN
[],NR1D2_HUMAN
[],PSME4_HUMAN
[],CUL7_HUMAN
[],NWD1_HUMAN
[],SHPRH_HUMAN
[],SLMAP_HUMAN
[],GAPD1_HUMAN
[],RHG19_HUMAN
[],FRPD4_HUMAN
[],CLCA4_HUMAN
[],K2C72_HUMAN
[],UBX2B_HUMAN
[],AT7L3_HUMAN
[],NAA25_HUMAN
[],HAPR1_HUMAN
[],FAKD3_HUMAN
[],HECAM_HUMAN
[],MELT_HUMAN
[],RTP5_HUMAN
[],CND2_HUMAN
[],PAF15_HUMAN
[],SPCS2_HUMAN
[],EMC2_HUMAN
[],FL2D_HUMAN
[],PSMD6_HUMAN
[],HERP1_HUMAN
[],LAP4A_HUMAN
[],MD2BP_HUMAN
[],MO4L2_HUMAN
[],ABRX2_HUMAN
[],SEPT2_HUMAN
[],SART3_HUMAN
[],CND1_HUMAN
[],SUZ12_HUMAN
[],EXOS7_HUMAN
[],TNIP1_HUMAN
[],ACAP1_HUMAN
[],U5S1_HUMAN
[],SYLM_HUMAN
[],HERC3_HUMAN
[],SNX17_HUMAN
[],DAZP2_HUMAN
[],JOS1_HUMAN
[],AR6P1_HUMAN
[],RB3GP_HUMAN
[],S39AE_HUMAN
[],SYK_HUMAN
[],SETB1_HUMAN
[],MLC1_HUMAN
[],RRS1_HUMAN
[],IQCB1_HUMAN
[],ARHG6_HUMAN
[],DPOD3_HUMAN
[],IF4H_HUMAN
[],ACAP2_HUMAN
[],KIF14_HUMAN
[],BRD3_HUMAN
[],WDR43_HUMAN
[],POSTN_HUMAN
[],ACOX1_HUMAN
[],OXA1L_HUMAN
[],OZF_HUMAN
[],EEA1_HUMAN
[],P2RY6_HUMAN
[],CD5R1_HUMAN
[],NCF4_HUMAN
[],PDIA6_HUMAN
[],PA1B3_HUMAN
[],RAGE_HUMAN
[],PLCL1_HUMAN
[],PCOC1_HUMAN
[],PDCD1_HUMAN
[],PDK1_HUMAN
[],PDK2_HUMAN
[],PDK3_HUMAN
[],PEA15_HUMAN
[],PGM5_HUMAN
[],EBP_HUMAN
[],PMVK_HUMAN
[],CDK10_HUMAN
[],KPCD1_HUMAN
[],PLCB4_HUMAN
[],PLEC_HUMAN
[],PCM1_HUMAN
[],NOMO1_HUMAN
[],PON2_HUMAN
[],PON3_HUMAN
[],TCAL1_HUMAN
[],2A5A_HUMAN
[],2A5B_HUMAN
[],TEBP_HUMAN
[],STK38_HUMAN
[],NECT1_HUMAN
[],NONO_HUMAN
[],PTPRR_HUMAN
[],PTPA_HUMAN
[],PTPRK_HUMAN
[],PWP2_HUMAN
[],NADC_HUMAN
[],RABE1_HUMAN
[],RASA2_HUMAN
[],RAB35_HUMAN
[],RNPS1_HUMAN
[],RBBP5_HUMAN
[],RCN1_HUMAN
[],ERBB4_HUMAN
[],IRF4_HUMAN
[],RBP1_HUMAN
[],PO4F3_HUMAN
[],K1H1_HUMAN
[],ZMY11_HUMAN
[],ANKR1_HUMAN
[],E2F5_HUMAN
[],L2GL1_HUMAN
[],LRC41_HUMAN
[],KS6A2_HUMAN
[],TTF1_HUMAN
[],TMED2_HUMAN
[],PCBP1_HUMAN
[],PCBP2_HUMAN
[],ELOC_HUMAN
[],ELOB_HUMAN
[],EPHA7_HUMAN
[],RHEB_HUMAN
[],UBE3C_HUMAN
[],TOM20_HUMAN
[],ANGP1_HUMAN
[],DHC24_HUMAN
[],SF3B3_HUMAN
[],PUM3_HUMAN
[],DLGP5_HUMAN
[],TLR1_HUMAN
[],NR6A1_HUMAN
[],RYR3_HUMAN
[],RBY1F_HUMAN
[],CNN3_HUMAN
[],KS6A1_HUMAN
[],SAFB1_HUMAN
[],SF3B4_HUMAN
[],SF3A2_HUMAN
[],SYCP1_HUMAN
[],PP1R7_HUMAN
[],SC23A_HUMAN
[],SC23B_HUMAN
[],CYH1_HUMAN
[],SF3A1_HUMAN
[],SHB_HUMAN
[],SHH_HUMAN
[],NR0B2_HUMAN
[],STIL_HUMAN
[],SIX1_HUMAN
[],SKI2_HUMAN
[],FCN2_HUMAN
[],RGN_HUMAN
[],SP17_HUMAN
[],CDSN_HUMAN
[],SURF1_HUMAN
[],MED22_HUMAN
[],SSXT_HUMAN
[],TAF5_HUMAN
[],TAF13_HUMAN
[],TAF11_HUMAN
[],TAF7_HUMAN
[],PAQRB_HUMAN
[],TERF2_HUMAN
[],MARE2_HUMAN
[],TCEA2_HUMAN
[],TEAD4_HUMAN
[],TEAD2_HUMAN
[],TESK1_HUMAN
[],TAF1C_HUMAN
[],TAF1A_HUMAN
[],BGH3_HUMAN
[],TGIF1_HUMAN
[],NCOA2_HUMAN
[],NHRF2_HUMAN
[],DIXC1_HUMAN
[],TRADD_HUMAN
[],TRAM1_HUMAN
[],TSN_HUMAN
[],TRBP2_HUMAN
[],SF01_HUMAN
[],CIP4_HUMAN
[],TRIPB_HUMAN
[],PCH2_HUMAN
[],OASL_HUMAN
[],MED1_HUMAN
[],ZNHI3_HUMAN
[],TRIP4_HUMAN
[],JHD2C_HUMAN
[],IKBB_HUMAN
[],TRIP6_HUMAN
[],TRYB1_HUMAN
[],RHOH_HUMAN
[],TWST1_HUMAN
[],PTN14_HUMAN
[],MARE1_HUMAN
[],U2AFM_HUMAN
[],ZN174_HUMAN
[],ALX1_HUMAN
[],DLG2_HUMAN
[],T22D1_HUMAN
[],ELAV1_HUMAN
[],LT4R1_HUMAN
[],ELF2_HUMAN
[],KISS1_HUMAN
[],PI5PA_HUMAN
[],NSDHL_HUMAN
[],NAB2_HUMAN
[],GPR68_HUMAN
[],CEBPE_HUMAN
[],MYLK_HUMAN
[],TAB1_HUMAN
[],HERC1_HUMAN
[],AAAT_HUMAN
[],MK11_HUMAN
[],NPY5R_HUMAN
[],CD226_HUMAN
[],EFNB3_HUMAN
[],RAB30_HUMAN
[],SPEG_HUMAN
[],ZKSC8_HUMAN
[],MPPD2_HUMAN
[],CH3L2_HUMAN
[],NDF2_HUMAN
[],TOM34_HUMAN
[],NCOA1_HUMAN
[],SMAD2_HUMAN
[],SMAD1_HUMAN
[],MSMO1_HUMAN
[],ITSN1_HUMAN
[],TBCE_HUMAN
[],TBCC_HUMAN
[],NPTX1_HUMAN
[],UB2V2_HUMAN
[],ACHA2_HUMAN
[],ACHA6_HUMAN
[],CYTM_HUMAN
[],STK11_HUMAN
[],STXB2_HUMAN
[],CC85B_HUMAN
[],GRK1_HUMAN
[],VAMP3_HUMAN
[],KCNJ8_HUMAN
[],NEDD8_HUMAN
[],ADIPO_HUMAN
[],UT2_HUMAN
[],USF2_HUMAN
[],SCN9A_HUMAN
[],CAC1E_HUMAN
[],EREP1_HUMAN
[],VAS1_HUMAN
[],VPS72_HUMAN
[],RB11B_HUMAN
[],EZH2_HUMAN
[],ZFHX3_HUMAN
[],ZIC1_HUMAN
[],ZBTB6_HUMAN
[],ZN141_HUMAN
[],ZYX_HUMAN
[],ZN124_HUMAN
[],HSPB2_HUMAN
[],GRIK4_HUMAN
[],ETFD_HUMAN
[],SYUB_HUMAN
[],SEPT7_HUMAN
[],ADRM1_HUMAN
[],CCDC6_HUMAN
[],ENOX2_HUMAN
[],UAP1_HUMAN
[],NF2L2_HUMAN
[],E2F4_HUMAN
[],IBP7_HUMAN
[],CNGA2_HUMAN
[],CNGA3_HUMAN
[],NTRK3_HUMAN
[],KCA10_HUMAN
[],PDCD2_HUMAN
[],S15A2_HUMAN
[],AINX_HUMAN
[],LAMA4_HUMAN
[],SSX1_HUMAN
[],SSX2_HUMAN
[],EXT1_HUMAN
[],PSMD5_HUMAN
[],GBRA6_HUMAN
[],GRIK5_HUMAN
[],PKN1_HUMAN
[],PKN2_HUMAN
[],TAF12_HUMAN
[],ASIC2_HUMAN
[],RPE65_HUMAN
[],BATF_HUMAN
[],CRY1_HUMAN
[],CSRP2_HUMAN
[],DDB1_HUMAN
[],SNPC1_HUMAN
[],HLF_HUMAN
[],2A5E_HUMAN
[],MK14_HUMAN
[],RM23_HUMAN
[],CDC37_HUMAN
[],B2LA1_HUMAN
[],PCSK7_HUMAN
[],IL17_HUMAN
[],LY6E_HUMAN
[],DPYL2_HUMAN
[],KCMB1_HUMAN
[],U1SBP_HUMAN
[],SYPL1_HUMAN
[],KCC4_HUMAN
[],CART_HUMAN
[],ACKR1_HUMAN
[],VACHT_HUMAN
[],RBBP7_HUMAN
[],C3AR_HUMAN
[],M3K11_HUMAN
[],SGCB_HUMAN
[],SGCA_HUMAN
[],ZNF74_HUMAN
[],TAF9_HUMAN
[],FRDA_HUMAN
[],ZN239_HUMAN
[],CALRL_HUMAN
[],ECM1_HUMAN
[],BAK_HUMAN
[],NREP_HUMAN
[],SNAT_HUMAN
[],NKG7_HUMAN
[],CTF1_HUMAN
[],NTRK2_HUMAN
[],NFE2_HUMAN
[],STX1A_HUMAN
[],OCLN_HUMAN
[],CCL14_HUMAN
[],SRSF7_HUMAN
[],CPSF6_HUMAN
[],OBF1_HUMAN
[],TAZ_HUMAN
[],SMN_HUMAN
[],DREB_HUMAN
[],MAPK3_HUMAN
[],PTGIS_HUMAN
[],NFIL3_HUMAN
[],TBR1_HUMAN
[],PRSS8_HUMAN
[],MOG_HUMAN
[],PDK4_HUMAN
[],MAR1_HUMAN
[],NRF1_HUMAN
[],FSCN1_HUMAN
[],MK06_HUMAN
[],GUC2B_HUMAN
[],CCL15_HUMAN
[],HIF1A_HUMAN
[],IF16_HUMAN
[],CDKN3_HUMAN
[],ZSC26_HUMAN
[],AMHR2_HUMAN
[],MIA_HUMAN
[],FOXD1_HUMAN
[],CP1B1_HUMAN
[],DUS5_HUMAN
[],H31T_HUMAN
[],CP2AD_HUMAN
[],DECR_HUMAN
[],MA2A1_HUMAN
[],NDUA5_HUMAN
[],KYNU_HUMAN
[],AT2B3_HUMAN
[],CEGT_HUMAN
[],CLPP_HUMAN
[],DGKD_HUMAN
[],THTR_HUMAN
[],UBE2S_HUMAN
[],QPCT_HUMAN
[],GSTA3_HUMAN
[],KAT1_HUMAN
[],KGUA_HUMAN
[],GLO2_HUMAN
[],H2A2C_HUMAN
[],H2B2E_HUMAN
[],LAMA3_HUMAN
[],CAH9_HUMAN
[],NDUA9_HUMAN
[],MAON_HUMAN
[],RTN1_HUMAN
[],PHKG1_HUMAN
[],MEP1A_HUMAN
[],MEP1B_HUMAN
[],PPR3A_HUMAN
[],PCKGM_HUMAN
[],PTN21_HUMAN
[],PTPRO_HUMAN
[],DUS6_HUMAN
[],DUS7_HUMAN
[],UPP1_HUMAN
[],DDR2_HUMAN
[],HCDH_HUMAN
[],SIA4B_HUMAN
[],PTPRN_HUMAN
[],CP51A_HUMAN
[],UGPA_HUMAN
[],AOC3_HUMAN
[],DGUOK_HUMAN
[],VATF_HUMAN
[],LTC4S_HUMAN
[],F263_HUMAN
[],F264_HUMAN
[],CDO1_HUMAN
[],CGT_HUMAN
[],TRXR1_HUMAN
[],TPD53_HUMAN
[],MIC60_HUMAN
[],TATD3_HUMAN
[],IMPG1_HUMAN
[],RHG44_HUMAN
[],ZN827_HUMAN
[],LONF1_HUMAN
[],SYT16_HUMAN
[],GEN_HUMAN
[],COOA1_HUMAN
[],CPEB4_HUMAN
[],DOK7_HUMAN
[],ZSWM7_HUMAN
[],ECSCR_HUMAN
[],SC5AC_HUMAN
[],DOXA1_HUMAN
[],DOXA2_HUMAN
[],LONF2_HUMAN
[],CSPP1_HUMAN
[],INSC_HUMAN
[],SAMTR_HUMAN
[],F110C_HUMAN
[],T132A_HUMAN
[],INF2_HUMAN
[],MICB_HUMAN
[],MICA_HUMAN
[],PDS5A_HUMAN
[],CL12B_HUMAN
[],LRC26_HUMAN
[],RSPO4_HUMAN
[],MOONR_HUMAN
[],RN151_HUMAN
[],RFX7_HUMAN
[],CL16A_HUMAN
[],GSG1_HUMAN
[],BLTP1_HUMAN
[],ZN423_HUMAN
[],KIF7_HUMAN
[],RHG31_HUMAN
[],ODFP4_HUMAN
[],K1C24_HUMAN
[],AAK1_HUMAN
[],KIZ_HUMAN
[],MPEG1_HUMAN
[],WASC4_HUMAN
[],TM266_HUMAN
[],SPKAP_HUMAN
[],ABCB5_HUMAN
[],SC5A9_HUMAN
[],S35G1_HUMAN
[],HYAL4_HUMAN
[],RSPO1_HUMAN
[],TECT1_HUMAN
[],CTC1_HUMAN
[],SGSM1_HUMAN
[],ERC6L_HUMAN
[],PARP6_HUMAN
[],PRSR3_HUMAN
[],RGPA2_HUMAN
[],LIN41_HUMAN
[],ZXDC_HUMAN
[],MP17L_HUMAN
[],TYSD1_HUMAN
[],ALG11_HUMAN
[],CCD57_HUMAN
[],KIF19_HUMAN
[],PWP3A_HUMAN
[],VWC2_HUMAN
[],QRIC1_HUMAN
[],SMU1_HUMAN
[],ATG2A_HUMAN
[],ASTE1_HUMAN
[],HKDC1_HUMAN
[],KLH40_HUMAN
[],C19L2_HUMAN
[],COSA1_HUMAN
[],FHOD3_HUMAN
[],KIF4B_HUMAN
[],CR1L_HUMAN
[],CTU2_HUMAN
[],SKOR2_HUMAN
[],CEA16_HUMAN
[],KLH38_HUMAN
[],S4A8_HUMAN
[],UVSSA_HUMAN
[],DRB5_HUMAN
[],HFE_HUMAN
[],DB114_HUMAN
[],ANO4_HUMAN
[],PGGHG_HUMAN
[],MYLK3_HUMAN
[],ZN750_HUMAN
[],LRRF1_HUMAN
[],PGPS1_HUMAN
[],P3H1_HUMAN
[],TRM5_HUMAN
[],EMAL3_HUMAN
[],NDUF6_HUMAN
[],RFX4_HUMAN
[],LRRK1_HUMAN
[],EDRF1_HUMAN
[],F161A_HUMAN
[],PTHD3_HUMAN
[],ZN829_HUMAN
[],TMM95_HUMAN
[],PCGF3_HUMAN
[],SOAT_HUMAN
[],MAJIN_HUMAN
[],ANR55_HUMAN
[],INAVA_HUMAN
[],MA7D1_HUMAN
[],ZN792_HUMAN
[],PKHG6_HUMAN
[],ASTRB_HUMAN
[],ALKB6_HUMAN
[],RHGBB_HUMAN
[],CHD9_HUMAN
[],KR192_HUMAN
[],KR212_HUMAN
[],KRA61_HUMAN
[],KRA62_HUMAN
[],KRA63_HUMAN
[],KR196_HUMAN
[],KR195_HUMAN
[],KR151_HUMAN
[],ADPRM_HUMAN
[],TKFC_HUMAN
[],LSM12_HUMAN
[],TBC25_HUMAN
[],CC50B_HUMAN
[],PUS10_HUMAN
[],PA24E_HUMAN
[],ZSC23_HUMAN
[],PIGY_HUMAN
[],CMA1D_HUMAN
[],HSDL1_HUMAN
[],SHSL1_HUMAN
[],CC036_HUMAN
[],LRIT3_HUMAN
[],AR13B_HUMAN
[],TTLL9_HUMAN
[],T10IP_HUMAN
[],KR133_HUMAN
[],SP6_HUMAN
[],AL1L2_HUMAN
[],K2C71_HUMAN
[],FX4L6_HUMAN
[],MOGT2_HUMAN
[],KR197_HUMAN
[],PTHB1_HUMAN
[],GNPTA_HUMAN
[],MGT5B_HUMAN
[],GRDN_HUMAN
[],T176B_HUMAN
[],TBRG1_HUMAN
[],RABL6_HUMAN
[],VMA21_HUMAN
[],TBB8_HUMAN
[],TIM50_HUMAN
[],ZACN_HUMAN
[],PAR15_HUMAN
[],PAR14_HUMAN
[],DRC12_HUMAN
[],PKHN1_HUMAN
[],CP100_HUMAN
[],TIGIT_HUMAN
[],RN212_HUMAN
[],S36A2_HUMAN
[],USH1G_HUMAN
[],MMEL1_HUMAN
[],OFUT4_HUMAN
[],SPAS1_HUMAN
[],CLM2_HUMAN
[],SV2C_HUMAN
[],PLK5_HUMAN
[],GLTL6_HUMAN
[],GLYR1_HUMAN
[],CCD14_HUMAN
[],F135B_HUMAN
[],MTEF2_HUMAN
[],CRY2_HUMAN
[],COX19_HUMAN
[],MAP9_HUMAN
[],CERKL_HUMAN
[],C2CD3_HUMAN
[],RIC1_HUMAN
[],QTMAN_HUMAN
[],KMT5B_HUMAN
[],LARP7_HUMAN
[],ERFE_HUMAN
[],NADK2_HUMAN
[],SL9C1_HUMAN
[],HYDIN_HUMAN
[],C27C1_HUMAN
[],PCDP1_HUMAN
[],DUS28_HUMAN
[],KCD21_HUMAN
[],CCD40_HUMAN
[],FBX43_HUMAN
[],ACSF3_HUMAN
[],PPCEL_HUMAN
[],PTN20_HUMAN
[],CDON_HUMAN
[],TM52B_HUMAN
[],TB10B_HUMAN
[],TPRN_HUMAN
[],ANO6_HUMAN
[],PLCH1_HUMAN
[],FIL1L_HUMAN
[],ACSF4_HUMAN
[],SVEP1_HUMAN
[],DNAL1_HUMAN
[],CTXN3_HUMAN
[],ARI4B_HUMAN
[],S22A6_HUMAN
[],GRAP1_HUMAN
[],TM119_HUMAN
[],BCL7A_HUMAN
[],MSS51_HUMAN
[],FWCH1_HUMAN
[],AMOT_HUMAN
[],AT134_HUMAN
[],PAP1L_HUMAN
[],GREB1_HUMAN
[],FNDC1_HUMAN
[],SL9B1_HUMAN
[],VWA3B_HUMAN
[],PAN2_HUMAN
[],MIDN_HUMAN
[],S39AC_HUMAN
[],PKDCC_HUMAN
[],ZCPW2_HUMAN
[],KR132_HUMAN
[],FA98B_HUMAN
[],RHG29_HUMAN
[],PDCD4_HUMAN
[],SEZ6_HUMAN
[],FND3B_HUMAN
[],CRTC2_HUMAN
[],GPAT3_HUMAN
[],LRC23_HUMAN
[],CEP55_HUMAN
[],NCBP3_HUMAN
[],MPPE1_HUMAN
[],QORX_HUMAN
[],ZC21C_HUMAN
[],NACHO_HUMAN
[],HIKES_HUMAN
[],ORML2_HUMAN
[],ACSM3_HUMAN
[],KLH12_HUMAN
[],PHLA2_HUMAN
[],CTL4_HUMAN
[],PDLI3_HUMAN
[],PKHO1_HUMAN
[],PAR10_HUMAN
[],DHB12_HUMAN
[],GLE1_HUMAN
[],UBP39_HUMAN
[],KLH22_HUMAN
[],AGK_HUMAN
[],SETMR_HUMAN
[],TYW2_HUMAN
[],PLA1A_HUMAN
[],AKIR2_HUMAN
[],LACB2_HUMAN
[],P5CR3_HUMAN
[],CCD92_HUMAN
[],KLH26_HUMAN
[],EIPR1_HUMAN
[],UNC50_HUMAN
[],BOREA_HUMAN
[],SMUG1_HUMAN
[],LBH_HUMAN
[],RHG15_HUMAN
[],T4S20_HUMAN
[],FAKD1_HUMAN
[],APRV1_HUMAN
[],BOLA3_HUMAN
[],TAF1B_HUMAN
[],CYBR1_HUMAN
[],IN80D_HUMAN
[],CTSRT_HUMAN
[],WDR81_HUMAN
[],SGO2_HUMAN
[],CCD93_HUMAN
[],Z385B_HUMAN
[],SPIN4_HUMAN
[],ESCO2_HUMAN
[],EAPP_HUMAN
[],PYDC2_HUMAN
[],M3K19_HUMAN
[],KHDC3_HUMAN
[],PAN3_HUMAN
[],NADL2_HUMAN
[],SDK2_HUMAN
[],PKHG4_HUMAN
[],BRDT_HUMAN
[],AWAT1_HUMAN
[],DCAF6_HUMAN
[],RUN3A_HUMAN
[],TNI3K_HUMAN
[],TM41B_HUMAN
[],SGMR2_HUMAN
[],ODFP2_HUMAN
[],TM128_HUMAN
[],YIF1B_HUMAN
[],ACTMP_HUMAN
[],CAVN4_HUMAN
[],ZN326_HUMAN
[],PIRC1_HUMAN
[],TTMP_HUMAN
[],NOM1_HUMAN
[],FSIP2_HUMAN
[],DALD3_HUMAN
[],ZC12A_HUMAN
[],FILA2_HUMAN
[],UROL1_HUMAN
[],IGS11_HUMAN
[],MEST_HUMAN
[],RIPL1_HUMAN
[],PDZ11_HUMAN
[],CMPK2_HUMAN
[],CENPW_HUMAN
[],CAR16_HUMAN
[],DJC21_HUMAN
[],SGO1_HUMAN
[],ACBG2_HUMAN
[],ZRAB3_HUMAN
[],ESCO1_HUMAN
[],ARSI_HUMAN
[],VWA2_HUMAN
[],HERC4_HUMAN
[],PIGG_HUMAN
[],FREM1_HUMAN
[],BCORL_HUMAN
[],TFDP3_HUMAN
[],BEX5_HUMAN
[],TAF7L_HUMAN
[],PP6R3_HUMAN
[],DCA17_HUMAN
[],MKS3_HUMAN
[],RABL3_HUMAN
[],FA76B_HUMAN
[],COQ5_HUMAN
[],SH319_HUMAN
[],CT451_HUMAN
[],NHSL2_HUMAN
[],AG10B_HUMAN
[],CRUM2_HUMAN
[],EMC4_HUMAN
[],M4A13_HUMAN
[],NOMO2_HUMAN
[],SYEM_HUMAN
[],EFMT2_HUMAN
[],AKAP4_HUMAN
[],MTUS2_HUMAN
[],DYLT4_HUMAN
[],TGO1_HUMAN
[],PREP_HUMAN
[],RGPS1_HUMAN
[],WDR44_HUMAN
[],DOC11_HUMAN
[],FGD3_HUMAN
[],EFHC2_HUMAN
[],PRC2B_HUMAN
[],RAB41_HUMAN
[],AMER1_HUMAN
[],TJAP1_HUMAN
[],COA6_HUMAN
[],TOIP1_HUMAN
[],CEP78_HUMAN
[],ZNG1C_HUMAN
[],SYAM_HUMAN
[],IQEC2_HUMAN
[],SOLH1_HUMAN
[],KCNT1_HUMAN
[],PCID2_HUMAN
[],EFHC1_HUMAN
[],HABP4_HUMAN
[],CAHM4_HUMAN
[],GNAS1_HUMAN
[],F209A_HUMAN
[],MIIP_HUMAN
[],GASP1_HUMAN
[],EPHAA_HUMAN
[],POLS2_HUMAN
[],S27A3_HUMAN
[],SAMD9_HUMAN
[],DGKK_HUMAN
[],COL12_HUMAN
[],CYTSB_HUMAN
[],RNFT1_HUMAN
[],S35D3_HUMAN
[],P4R3B_HUMAN
[],SPXN2_HUMAN
[],SPDYA_HUMAN
[],WIPI3_HUMAN
[],WIPI1_HUMAN
[],ENTP8_HUMAN
[],EOGT_HUMAN
[],FFAR4_HUMAN
[],SMAG2_HUMAN
[],BRM1L_HUMAN
[],NEXMI_HUMAN
[],RTP2_HUMAN
[],CL12A_HUMAN
[],TDIF2_HUMAN
[],ACER2_HUMAN
[],H2B2F_HUMAN
[],DCA10_HUMAN
[],RBG1L_HUMAN
[],PPR29_HUMAN
[],CAHM6_HUMAN
[],ERIC3_HUMAN
[],COX20_HUMAN
[],EXOS6_HUMAN
[],RBM48_HUMAN
[],LRRK2_HUMAN
[],PPM1L_HUMAN
[],TM201_HUMAN
[],LY66F_HUMAN
[],ATAT_HUMAN
[],SNP47_HUMAN
[],VAX1_HUMAN
[],MF14B_HUMAN
[],NU188_HUMAN
[],PHYD1_HUMAN
[],LY65C_HUMAN
[],MUC21_HUMAN
[],HP1B3_HUMAN
[],SYVM_HUMAN
[],KMCP1_HUMAN
[],DACT2_HUMAN
[],CE170_HUMAN
[],ARH_HUMAN
[],PR15B_HUMAN
[],CJ055_HUMAN
[],PKHS1_HUMAN
[],SNPC4_HUMAN
[],DNLZ_HUMAN
[],NOL9_HUMAN
[],FRPD1_HUMAN
[],CLVS2_HUMAN
[],FREM2_HUMAN
[],CE85L_HUMAN
[],CELF3_HUMAN
[],SZT2_HUMAN
[],C2D1B_HUMAN
[],TEX35_HUMAN
[],CFA70_HUMAN
[],FBP1L_HUMAN
[],MARH8_HUMAN
[],FA83B_HUMAN
[],UBX11_HUMAN
[],SYRM_HUMAN
[],DCST1_HUMAN
[],AXDN1_HUMAN
[],THEM4_HUMAN
[],EYS_HUMAN
[],FKB15_HUMAN
[],ZEP3_HUMAN
[],DDX59_HUMAN
[],ZC3HD_HUMAN
[],UTF1_HUMAN
[],SPOUT_HUMAN
[],TRML2_HUMAN
[],OTUD3_HUMAN
[],DPS1_HUMAN
[],ODAD2_HUMAN
[],MPP7_HUMAN
[],NHRF3_HUMAN
[],TM63B_HUMAN
[],LRIF1_HUMAN
[],MRP7_HUMAN
[],CAF17_HUMAN
[],CXG2_HUMAN
[],HECD3_HUMAN
[],RBM20_HUMAN
[],GT253_HUMAN
[],TMTC4_HUMAN
[],ZFY27_HUMAN
[],SFRP5_HUMAN
[],UBR4_HUMAN
[],SYC2L_HUMAN
[],ARTN_HUMAN
[],CF276_HUMAN
[],LCE3C_HUMAN
[],LCE3E_HUMAN
[],STXB5_HUMAN
[],SKT_HUMAN
[],RHG21_HUMAN
[],BEND3_HUMAN
[],CAMP1_HUMAN
[],AGRF1_HUMAN
[],ZN648_HUMAN
[],CFA58_HUMAN
[],AVPI1_HUMAN
[],DCA12_HUMAN
[],UBAP2_HUMAN
[],PHF19_HUMAN
[],GPC6A_HUMAN
[],LRAD1_HUMAN
[],KPRP_HUMAN
[],LCE1C_HUMAN
[],LCE1D_HUMAN
[],LCE1E_HUMAN
[],LCE1F_HUMAN
[],KIF24_HUMAN
[],ADIPL_HUMAN
[],KANK4_HUMAN
[],LCE1A_HUMAN
[],LCE1B_HUMAN
[],SYT6_HUMAN
[],GORAB_HUMAN
[],ZN618_HUMAN
[],TSTD2_HUMAN
[],MGLYR_HUMAN
[],ER6L2_HUMAN
[],PPR26_HUMAN
[],ACBD5_HUMAN
[],HENMT_HUMAN
[],ATD3B_HUMAN
[],EEIG1_HUMAN
[],PI5L1_HUMAN
[],ARM12_HUMAN
[],WLS_HUMAN
[],RN187_HUMAN
[],INT11_HUMAN
[],CPTP_HUMAN
[],LCE3A_HUMAN
[],LCE3B_HUMAN
[],LCE4A_HUMAN
[],LCE2A_HUMAN
[],LCE2C_HUMAN
[],LCE2D_HUMAN
[],HES5_HUMAN
[],RIPP2_HUMAN
[],UT14C_HUMAN
[],DCAF8_HUMAN
[],CODA1_HUMAN
[],TUT4_HUMAN
[],DEP1A_HUMAN
[],CE162_HUMAN
[],FRY_HUMAN
[],RNH2B_HUMAN
[],RC3H1_HUMAN
[],CP4AM_HUMAN
[],LCE5A_HUMAN
[],MAGI3_HUMAN
[],KAD9_HUMAN
[],M3K21_HUMAN
[],TTBK1_HUMAN
[],SPD2A_HUMAN
[],RSH4A_HUMAN
[],FHL5_HUMAN
[],DDI2_HUMAN
[],THMS2_HUMAN
[],NDUF5_HUMAN
[],TSPO2_HUMAN
[],AHDC1_HUMAN
[],MIC10_HUMAN
[],VP13D_HUMAN
[],EFCB6_HUMAN
[],MEI1_HUMAN
[],LIN9_HUMAN
[],CROCC_HUMAN
[],ANR45_HUMAN
[],MEX3C_HUMAN
[],LYRM7_HUMAN
[],CBPC2_HUMAN
[],RAIN_HUMAN
[],EMC10_HUMAN
[],PI3R6_HUMAN
[],RIF1_HUMAN
[],VPS53_HUMAN
[],STRP1_HUMAN
[],AB17B_HUMAN
[],OBSCN_HUMAN
[],GKAP1_HUMAN
[],CE350_HUMAN
[],MRCKA_HUMAN
[],RPRD2_HUMAN
[],MARC1_HUMAN
[],LRC38_HUMAN
[],RN220_HUMAN
[],GFI1B_HUMAN
[],FLTOP_HUMAN
[],BRE1A_HUMAN
[],CFA95_HUMAN
[],MYOM3_HUMAN
[],HHAT_HUMAN
[],MYOME_HUMAN
[],CBPC6_HUMAN
[],ZN318_HUMAN
[],F1711_HUMAN
[],SMBT2_HUMAN
[],SDHF4_HUMAN
[],ARHGG_HUMAN
[],CDKAL_HUMAN
[],K0319_HUMAN
[],PPRC1_HUMAN
[],MYSM1_HUMAN
[],OTU1_HUMAN
[],UBE2U_HUMAN
[],NTM1B_HUMAN
[],BROX_HUMAN
[],FOCAD_HUMAN
[],GP107_HUMAN
[],HACD4_HUMAN
[],TAF3_HUMAN
[],SNX30_HUMAN
[],IL23R_HUMAN
[],TASO2_HUMAN
[],TET5C_HUMAN
[],MLIP_HUMAN
[],DAB2P_HUMAN
[],FYB2_HUMAN
[],KHDR2_HUMAN
[],LYPL1_HUMAN
[],SUSD4_HUMAN
[],LIPN_HUMAN
[],SHOC1_HUMAN
[],IER5_HUMAN
[],PEAR1_HUMAN
[],ULBP6_HUMAN
[],MALR1_HUMAN
[],ECM29_HUMAN
[],TUT7_HUMAN
[],RNLS_HUMAN
[],DEN4C_HUMAN
[],NAA35_HUMAN
[],MBNL2_HUMAN
[],CARL1_HUMAN
[],ZMYM4_HUMAN
[],RRAGB_HUMAN
[],MT21C_HUMAN
[],PLPP4_HUMAN
[],ARMC3_HUMAN
[],OBI1_HUMAN
[],USPL1_HUMAN
[],ZDH20_HUMAN
[],SPRY7_HUMAN
[],TTC23_HUMAN
[],PAPD7_HUMAN
[],K2C79_HUMAN
[],BTBD8_HUMAN
[],MIC13_HUMAN
[],OTP_HUMAN
[],CAR17_HUMAN
[],RN123_HUMAN
[],FBX31_HUMAN
[],ANO1_HUMAN
[],CD276_HUMAN
[],AL2CL_HUMAN
[],TSH3_HUMAN
[],RN213_HUMAN
[],AP1AR_HUMAN
[],EGFLA_HUMAN
[],TENS2_HUMAN
[],KANK2_HUMAN
[],NSN5C_HUMAN
[],WAC2A_HUMAN
[],LPCT4_HUMAN
[],WDR25_HUMAN
[],STEA3_HUMAN
[],ICE2_HUMAN
[],LAR1B_HUMAN
[],CP135_HUMAN
[],DCA15_HUMAN
[],MAP1S_HUMAN
[],CBPZ_HUMAN
[],RUAS1_HUMAN
[],E4F1_HUMAN
[],AR6P4_HUMAN
[],ATG9B_HUMAN
[],KAZRN_HUMAN
[],A16L1_HUMAN
[],RPGP2_HUMAN
[],MUC17_HUMAN
[],STEA4_HUMAN
[],SLIP_HUMAN
[],CR3L3_HUMAN
[],ACS2B_HUMAN
[],HGNAT_HUMAN
[],ARID2_HUMAN
[],MROH7_HUMAN
[],UTP25_HUMAN
[],FTM_HUMAN
[],TENS3_HUMAN
[],HAUS3_HUMAN
[],SLN13_HUMAN
[],SPT2_HUMAN
[],NR3L1_HUMAN
[],C102B_HUMAN
[],MBLC2_HUMAN
[],FMN1_HUMAN
[],ANKS6_HUMAN
[],PA24F_HUMAN
[],USF3_HUMAN
[],ZFY26_HUMAN
[],MSL1_HUMAN
[],CRBG3_HUMAN
[],RNF43_HUMAN
[],FRPD2_HUMAN
[],INT3_HUMAN
[],ZNF57_HUMAN
[],RHG17_HUMAN
[],MACA1_HUMAN
[],LHX8_HUMAN
[],LEMD1_HUMAN
[],DUS29_HUMAN
[],REC6_HUMAN
[],ENK6_HUMAN
[],KCD11_HUMAN
[],S6A19_HUMAN
[],TMM42_HUMAN
[],CDCA2_HUMAN
[],NAIF1_HUMAN
[],VIR_HUMAN
[],CYTSA_HUMAN
[],K1C40_HUMAN
[],K1C39_HUMAN
[],SL9A4_HUMAN
[],BICRL_HUMAN
[],WWC2_HUMAN
[],SCAR3_HUMAN
[],TRI68_HUMAN
[],KDM4D_HUMAN
[],DS13A_HUMAN
[],FCRLB_HUMAN
[],NB5R2_HUMAN
[],REP15_HUMAN
[],BLT3A_HUMAN
[],ATLA3_HUMAN
[],ADAL_HUMAN
[],PLAG1_HUMAN
[],LEG9C_HUMAN
[],PVRIG_HUMAN
[],NXN_HUMAN
[],TTC19_HUMAN
[],H2B2C_HUMAN
[],MCTP2_HUMAN
[],MCTP1_HUMAN
[],FCRL6_HUMAN
[],IQEC1_HUMAN
[],H2B2D_HUMAN
[],MRCKG_HUMAN
[],DMKN_HUMAN
[],AWAT2_HUMAN
[],ZN470_HUMAN
[],SUMO4_HUMAN
[],CLC6A_HUMAN
[],TTLL5_HUMAN
[],VASN_HUMAN
[],CARL2_HUMAN
[],SFRP4_HUMAN
[],H2A2A_HUMAN
[],CPIN1_HUMAN
[],ZFAN6_HUMAN
[],FAAH2_HUMAN
[],SMYD5_HUMAN
[],XAF1_HUMAN
[],IPIL1_HUMAN
[],OTU7B_HUMAN
[],P20D1_HUMAN
[],LAIR1_HUMAN
[],RGPA1_HUMAN
[],ULBP5_HUMAN
[],ABLM2_HUMAN
[],ASTL_HUMAN
[],THOC7_HUMAN
[],SIGIR_HUMAN
[],NADE_HUMAN
[],ELP2_HUMAN
[],LTOR1_HUMAN
[],GLYAT_HUMAN
[],TWF2_HUMAN
[],CNDH2_HUMAN
[],GRAM4_HUMAN
[],DESI1_HUMAN
[],SESQ2_HUMAN
[],WBP2L_HUMAN
[],TNG2_HUMAN
[],S35E4_HUMAN
[],JADE1_HUMAN
[],SNR48_HUMAN
[],ST1C3_HUMAN
[],CAPR2_HUMAN
[],MRM1_HUMAN
[],P4R3A_HUMAN
[],IQCE_HUMAN
[],CENPP_HUMAN
[],SPOPL_HUMAN
[],CCSAP_HUMAN
[],NAPEP_HUMAN
[],RAB12_HUMAN
[],PKHA7_HUMAN
[],DEN5A_HUMAN
[],SDE2_HUMAN
[],TTBK2_HUMAN
[],GLT17_HUMAN
[],GRHL2_HUMAN
[],PTCRA_HUMAN
[],ANO7_HUMAN
[],NCLX_HUMAN
[],STYK1_HUMAN
[],CPZIP_HUMAN
[],KLH10_HUMAN
[],ACD10_HUMAN
[],IFIX_HUMAN
[],K2C80_HUMAN
[],NIPBL_HUMAN
[],SCMC2_HUMAN
[],GDF6_HUMAN
[],KR511_HUMAN
[],KRA57_HUMAN
[],KRA56_HUMAN
[],KRA54_HUMAN
[],KRA53_HUMAN
[],KRA51_HUMAN
[],PDE12_HUMAN
[],B4GN3_HUMAN
[],HPHL1_HUMAN
[],LIN54_HUMAN
[],PRR5L_HUMAN
[],TET2_HUMAN
[],TEN4_HUMAN
[],Z280D_HUMAN
[],NAA16_HUMAN
[],MFSD5_HUMAN
[],ALKB2_HUMAN
[],RADX_HUMAN
[],MYORG_HUMAN
[],LRC8E_HUMAN
[],NANP8_HUMAN
[],S18B1_HUMAN
[],CP4FN_HUMAN
[],HMBX1_HUMAN
[],MRNIP_HUMAN
[],ABC3H_HUMAN
[],RHBD2_HUMAN
[],GPAT2_HUMAN
[],CHADL_HUMAN
[],CK087_HUMAN
[],PWP2B_HUMAN
[],SCMC1_HUMAN
[],ACSM5_HUMAN
[],ZN746_HUMAN
[],PP4R4_HUMAN
[],RINT1_HUMAN
[],TM214_HUMAN
[],TECT3_HUMAN
[],D19L2_HUMAN
[],MFS12_HUMAN
[],SWAP1_HUMAN
[],UFSP1_HUMAN
[],HIBCH_HUMAN
[],RGMB_HUMAN
[],PR40B_HUMAN
[],ZN774_HUMAN
[],ESRP1_HUMAN
[],IIGP5_HUMAN
[],IPP2B_HUMAN
[],H3C_HUMAN
[],ZNT6_HUMAN
[],TAPT1_HUMAN
[],JMJD6_HUMAN
[],PPR18_HUMAN
[],FAP20_HUMAN
[],MZT2B_HUMAN
[],CAVN1_HUMAN
[],ZCHC8_HUMAN
[],BORG3_HUMAN
[],FXL22_HUMAN
[],RUSD3_HUMAN
[],M18BP_HUMAN
[],MAST2_HUMAN
[],DHX57_HUMAN
[],ERAP2_HUMAN
[],MBOA5_HUMAN
[],PLB1_HUMAN
[],CDC73_HUMAN
[],HRG1_HUMAN
[],PMF1_HUMAN
[],F117B_HUMAN
[],ZN343_HUMAN
[],S27A4_HUMAN
[],L2GL2_HUMAN
[],C2D1A_HUMAN
[],LTMD1_HUMAN
[],MET2B_HUMAN
[],DUS1L_HUMAN
[],CA094_HUMAN
[],TAF2_HUMAN
[],MED27_HUMAN
[],ZFP1_HUMAN
[],XRRA1_HUMAN
[],EDC4_HUMAN
[],CEP85_HUMAN
[],TMM53_HUMAN
[],KCC1B_HUMAN
[],ANM9_HUMAN
[],PRP8_HUMAN
[],DEN1B_HUMAN
[],DJC24_HUMAN
[],SCYL2_HUMAN
[],ACSM6_HUMAN
[],SFXN4_HUMAN
[],PLBL1_HUMAN
[],OFUT3_HUMAN
[],FDX2_HUMAN
[],RHGBA_HUMAN
[],ACKMT_HUMAN
[],WDR73_HUMAN
[],CNNM4_HUMAN
[],NFRKB_HUMAN
[],GGT6_HUMAN
[],FAHD1_HUMAN
[],TP8L2_HUMAN
[],KLC3_HUMAN
[],LMOD2_HUMAN
[],RNK_HUMAN
[],S39A4_HUMAN
[],CV039_HUMAN
[],PKN3_HUMAN
[],ALKB5_HUMAN
[],NOTUM_HUMAN
[],GLT18_HUMAN
[],MEAK7_HUMAN
[],INT5_HUMAN
[],CCD62_HUMAN
[],TRI40_HUMAN
[],LRC8B_HUMAN
[],ZN449_HUMAN
[],CNKR3_HUMAN
[],VWA1_HUMAN
[],AB17C_HUMAN
[],S27A1_HUMAN
[],EMB_HUMAN
[],RFWD3_HUMAN
[],PGM2L_HUMAN
[],FXL19_HUMAN
[],CTR9_HUMAN
[],AAGAB_HUMAN
[],ZCH12_HUMAN
[],KR261_HUMAN
[],TMM88_HUMAN
[],TBA3E_HUMAN
[],TT23L_HUMAN
[],TM10B_HUMAN
[],MORN3_HUMAN
[],VIP1_HUMAN
[],PSRC1_HUMAN
[],SKI3_HUMAN
[],BORA_HUMAN
[],DCNL2_HUMAN
[],ULK3_HUMAN
[],IYD1_HUMAN
[],CNIH2_HUMAN
[],SHQ1_HUMAN
[],SYDM_HUMAN
[],GASP3_HUMAN
[],TMM65_HUMAN
[],IN80C_HUMAN
[],KLD10_HUMAN
[],SYCE2_HUMAN
[],MYO7B_HUMAN
[],FBX38_HUMAN
[],KCIP4_HUMAN
[],KCNV1_HUMAN
[],NCEH1_HUMAN
[],FOXR1_HUMAN
[],FIGL1_HUMAN
[],GLD2_HUMAN
[],TRAT1_HUMAN
[],SPSB3_HUMAN
[],FBX46_HUMAN
[],TRI65_HUMAN
[],RHDF2_HUMAN
[],BRAT1_HUMAN
[],LRFN4_HUMAN
[],WDR59_HUMAN
[],DCR1A_HUMAN
[],ZC3HE_HUMAN
[],CNST_HUMAN
[],TXD11_HUMAN
[],LARP1_HUMAN
[],DOK6_HUMAN
[],ATAD2_HUMAN
[],TMED8_HUMAN
[],BRID5_HUMAN
[],ZNT9_HUMAN
[],GP179_HUMAN
[],CEMP1_HUMAN
[],CPLX2_HUMAN
[],GTR7_HUMAN
[],TRAF7_HUMAN
[],S2547_HUMAN
[],AMPQ_HUMAN
[],SPG17_HUMAN
[],APOA5_HUMAN
[],DEGS2_HUMAN
[],PAOX_HUMAN
[],FIGLA_HUMAN
[],U17L6_HUMAN
[],AGRD1_HUMAN
[],BL1S3_HUMAN
[],BL1S2_HUMAN
[],RICTR_HUMAN
[],U17L2_HUMAN
[],WDR74_HUMAN
[],DUX4C_HUMAN
[],BRWD3_HUMAN
[],SPAT8_HUMAN
[],ATRAP_HUMAN
[],SHC4_HUMAN
[],POTEE_HUMAN
[],ZN474_HUMAN
[],TSSK4_HUMAN
[],F111B_HUMAN
[],SAMD1_HUMAN
[],SMRD3_HUMAN
[],SARM1_HUMAN
[],NHS_HUMAN
[],PAQR6_HUMAN
[],PAQR3_HUMAN
[],KLH24_HUMAN
[],PADI6_HUMAN
[],OPN5_HUMAN
[],ZN322_HUMAN
[],S4A10_HUMAN
[],MAP12_HUMAN
[],C1TM_HUMAN
[],ANR12_HUMAN
[],ANR11_HUMAN
[],AFTIN_HUMAN
[],FIP1_HUMAN
[],CRTC3_HUMAN
[],CRTC1_HUMAN
[],SAS6_HUMAN
[],CSPG4_HUMAN
[],KCNT2_HUMAN
[],CLC2A_HUMAN
[],MOXD1_HUMAN
[],REG3G_HUMAN
[],ARAID_HUMAN
[],PCSK4_HUMAN
[],PLGT2_HUMAN
[],TM205_HUMAN
[],UQCC3_HUMAN
[],EPGN_HUMAN
[],I27RA_HUMAN
[],PRS55_HUMAN
[],LRSM1_HUMAN
[],SCIMP_HUMAN
[],PARM1_HUMAN
[],GP15L_HUMAN
[],KIRR2_HUMAN
[],LYPD5_HUMAN
[],DHR11_HUMAN
[],LCLT1_HUMAN
[],ENPP6_HUMAN
[],CF089_HUMAN
[],ENPP7_HUMAN
[],EST3_HUMAN
[],ARSK_HUMAN
[],PRS57_HUMAN
[],ABRX1_HUMAN
[],LMBRL_HUMAN
[],CWC27_HUMAN
[],OLFM4_HUMAN
[],LAYN_HUMAN
[],VSTM1_HUMAN
[],SNORC_HUMAN
[],AMTN_HUMAN
[],TM107_HUMAN
[],BTNL8_HUMAN
[],ALKL2_HUMAN
[],TMT1B_HUMAN
[],DRAM2_HUMAN
[],PXDC2_HUMAN
[],ZDH24_HUMAN
[],CXL17_HUMAN
[],CLC4G_HUMAN
[],PI16_HUMAN
[],SE6L2_HUMAN
[],TM108_HUMAN
[],ELAP1_HUMAN
[],CLM9_HUMAN
[],BTNL9_HUMAN
[],ANGL8_HUMAN
[],CREL2_HUMAN
[],CCBE1_HUMAN
[],NPNT_HUMAN
[],ISLR2_HUMAN
[],I20RB_HUMAN
[],CLC9A_HUMAN
[],WDR82_HUMAN
[],CASPC_HUMAN
[],ALKL1_HUMAN
[],GFRAL_HUMAN
[],MIC27_HUMAN
[],RSPO2_HUMAN
[],BI2L2_HUMAN
[],TMIG1_HUMAN
[],CLM5_HUMAN
[],UNC5D_HUMAN
[],CEA20_HUMAN
[],ATL4_HUMAN
[],FAT4_HUMAN
[],CP26C_HUMAN
[],DPP8_HUMAN
[],KSR2_HUMAN
[],FX4L3_HUMAN
[],WASH2_HUMAN
[],MCAF1_HUMAN
[],RBP10_HUMAN
[],NHLC1_HUMAN
[],CP2R1_HUMAN
[],PACS1_HUMAN
[],DPPA3_HUMAN
[],BCOR_HUMAN
[],MUC6_HUMAN
[],NPSR1_HUMAN
[],MPRIP_HUMAN
[],RFIP1_HUMAN
[],CRDL2_HUMAN
[],IGS10_HUMAN
[],SOSD1_HUMAN
[],NSMF_HUMAN
[],ASCL4_HUMAN
[],RBMS3_HUMAN
[],TPTE2_HUMAN
[],PNCB_HUMAN
[],ZNT10_HUMAN
[],DUSTY_HUMAN
[],SYT10_HUMAN
[],LIPI_HUMAN
[],DNMBP_HUMAN
[],HACD2_HUMAN
[],B3GLT_HUMAN
[],GGYF2_HUMAN
[],S36A4_HUMAN
[],CD109_HUMAN
[],THADA_HUMAN
[],HSDL2_HUMAN
[],KAT3_HUMAN
[],B3GN6_HUMAN
[],SIG15_HUMAN
[],CERS6_HUMAN
[],S39A5_HUMAN
[],PPR21_HUMAN
[],GLDN_HUMAN
[],SCAR5_HUMAN
[],IL34_HUMAN
[],ATL5_HUMAN
[],THSD4_HUMAN
[],LMTK1_HUMAN
[],TM11A_HUMAN
[],ZN783_HUMAN
[],STAC2_HUMAN
[],KDM7A_HUMAN
[],TRI72_HUMAN
[],SPOC1_HUMAN
[],RN19B_HUMAN
[],SYNE3_HUMAN
[],MEX3B_HUMAN
[],M3K15_HUMAN
[],LN28B_HUMAN
[],AEBP2_HUMAN
[],BNC2_HUMAN
[],UNC5A_HUMAN
[],DEFI8_HUMAN
[],ZN574_HUMAN
[],ZFP2_HUMAN
[],GBP6_HUMAN
[],RN111_HUMAN
[],ALKMO_HUMAN
[],MBOA1_HUMAN
[],BAKOR_HUMAN
[],RUFY4_HUMAN
[],ZN620_HUMAN
[],ZN497_HUMAN
[],NBEL2_HUMAN
[],TIFAB_HUMAN
[],FGD5_HUMAN
[],SHLD3_HUMAN
[],LAAT1_HUMAN
[],TM182_HUMAN
[],CC141_HUMAN
[],DG2L6_HUMAN
[],D19L3_HUMAN
[],SO4C1_HUMAN
[],I23O2_HUMAN
[],LIAT1_HUMAN
[],GADL1_HUMAN
[],DYH12_HUMAN
[],PKHG7_HUMAN
[],RN207_HUMAN
[],OTOG_HUMAN
[],QSOX2_HUMAN
[],MMS22_HUMAN
[],SRCAP_HUMAN
[],FA83H_HUMAN
[],RBPS2_HUMAN
[],CL17A_HUMAN
[],RIPR1_HUMAN
[],LRC55_HUMAN
[],ZBT49_HUMAN
[],ARK2C_HUMAN
[],SHSA6_HUMAN
[],MOT12_HUMAN
[],MFSD6_HUMAN
[],PPR3F_HUMAN
[],ARHGI_HUMAN
[],TSH1_HUMAN
[],UBR3_HUMAN
[],TMPPE_HUMAN
[],BGIN_HUMAN
[],S2548_HUMAN
[],TTLL7_HUMAN
[],AN13D_HUMAN
[],CDHR3_HUMAN
[],CFA47_HUMAN
[],TPGS1_HUMAN
[],SEP14_HUMAN
[],CRACD_HUMAN
[],K0408_HUMAN
[],CFA65_HUMAN
[],CE128_HUMAN
[],TPRG1_HUMAN
[],BCAP_HUMAN
[],RHG27_HUMAN
[],NKAP1_HUMAN
[],FRMD7_HUMAN
[],LHPL2_HUMAN
[],PLPL7_HUMAN
[],FA47E_HUMAN
[],FGD6_HUMAN
[],STOX1_HUMAN
[],PHLP2_HUMAN
[],GOT1A_HUMAN
[],NUD18_HUMAN
[],TM1L2_HUMAN
[],RGMC_HUMAN
[],TTL10_HUMAN
[],SYDE1_HUMAN
[],PAXI1_HUMAN
[],BBS12_HUMAN
[],ANKS3_HUMAN
[],NEK10_HUMAN
[],STXB4_HUMAN
[],RHEX_HUMAN
[],CP4V2_HUMAN
[],MBOA2_HUMAN
[],TMTC3_HUMAN
[],TF2H5_HUMAN
[],KRA52_HUMAN
[],XIRP1_HUMAN
[],VP13C_HUMAN
[],ACD11_HUMAN
[],UBP49_HUMAN
[],UBP34_HUMAN
[],UBP30_HUMAN
[],UBP31_HUMAN
[],RAPH1_HUMAN
[],UBP53_HUMAN
[],UBP51_HUMAN
[],UBP54_HUMAN
[],UBP45_HUMAN
[],UBP50_HUMAN
[],UBP43_HUMAN
[],SAMC_HUMAN
[],MOB2_HUMAN
[],MOB3C_HUMAN
[],UN13D_HUMAN
[],CHSS3_HUMAN
[],CR3L2_HUMAN
[],IKIP_HUMAN
[],TALAN_HUMAN
[],ZN365_HUMAN
[],PREX2_HUMAN
[],5HT3D_HUMAN
[],F10C1_HUMAN
[],CEFIP_HUMAN
[],UB2R2_HUMAN
[],KCTD1_HUMAN
[],H32_HUMAN
[],CENPU_HUMAN
[],MD13L_HUMAN
[],ILDR2_HUMAN
[],LARP4_HUMAN
[],TMUB2_HUMAN
[],TLC3B_HUMAN
[],NCKX5_HUMAN
[],MED25_HUMAN
[],TBA1A_HUMAN
[],H2AV_HUMAN
[],HAKAI_HUMAN
[],FBN3_HUMAN
[],INT8_HUMAN
[],PGAP1_HUMAN
[],ANO5_HUMAN
[],H1FNT_HUMAN
[],MTSS2_HUMAN
[],S35D2_HUMAN
[],NOL8_HUMAN
[],SSH2_HUMAN
[],ASXL2_HUMAN
[],ATS13_HUMAN
[],CCD80_HUMAN
[],ERN2_HUMAN
[],CEP68_HUMAN
[],HECW1_HUMAN
[],KNDC1_HUMAN
[],BT2A1_HUMAN
[],SPT6H_HUMAN
[],SND1_HUMAN
[],MARK2_HUMAN
[],COX15_HUMAN
[],DDX46_HUMAN
[],RUFY3_HUMAN
[],SV2A_HUMAN
[],RHOU_HUMAN
[],TRIL_HUMAN
[],TM10C_HUMAN
[],DPPA4_HUMAN
[],SV2B_HUMAN
[],5MP2_HUMAN
[],CHST9_HUMAN
[],NB5R4_HUMAN
[],LRC8D_HUMAN
[],ASGL1_HUMAN
[],KCTD9_HUMAN
[],DHX30_HUMAN
[],EIF3M_HUMAN
[],MEPCE_HUMAN
[],ZN765_HUMAN
[],CENPQ_HUMAN
[],CD37L_HUMAN
[],BOP_HUMAN
[],MIGA2_HUMAN
[],RSRC2_HUMAN
[],BEND5_HUMAN
[],FCRLA_HUMAN
[],RRAGA_HUMAN
[],CYFP1_HUMAN
[],MCM10_HUMAN
[],DOK3_HUMAN
[],NDUF7_HUMAN
[],ATOSB_HUMAN
[],FA2H_HUMAN
[],GET4_HUMAN
[],GDPD3_HUMAN
[],CSN6_HUMAN
[],PCAT2_HUMAN
[],ENOF1_HUMAN
[],DET1_HUMAN
[],MAEA_HUMAN
[],G2E3_HUMAN
[],EPMIP_HUMAN
[],H2A3_HUMAN
[],DHX32_HUMAN
[],TAOK1_HUMAN
[],RFIP2_HUMAN
[],VASH1_HUMAN
[],SYT13_HUMAN
[],3BP5L_HUMAN
[],FAKD5_HUMAN
[],OTU6A_HUMAN
[],MOB1B_HUMAN
[],KDM3B_HUMAN
[],S26A9_HUMAN
[],CHM1B_HUMAN
[],ARC_HUMAN
[],GRP2_HUMAN
[],CXXC5_HUMAN
[],CHSTF_HUMAN
[],RIR2B_HUMAN
[],HS2ST_HUMAN
[],CHST3_HUMAN
[],OTOP1_HUMAN
[],STRAA_HUMAN
[],NIPA1_HUMAN
[],MICA3_HUMAN
[],NLRP9_HUMAN
[],NLRC3_HUMAN
[],BHA15_HUMAN
[],PTF1A_HUMAN
[],OTOP3_HUMAN
[],K2C74_HUMAN
[],DYM_HUMAN
[],S29A4_HUMAN
[],TCF23_HUMAN
[],OLIG3_HUMAN
[],BHA09_HUMAN
[],SCX_HUMAN
[],PHF5A_HUMAN
[],OTOAN_HUMAN
[],TS1R3_HUMAN
[],TS1R1_HUMAN
[],CTSR4_HUMAN
[],MOT13_HUMAN
[],MOT9_HUMAN
[],OVCH2_HUMAN
[],PLPR4_HUMAN
[],APTX_HUMAN
[],H2BWT_HUMAN
[],S36A1_HUMAN
[],ERMP1_HUMAN
[],TRM1L_HUMAN
[],ZCCHV_HUMAN
[],TRPM8_HUMAN
[],PCLI1_HUMAN
[],NRK_HUMAN
[],TICRR_HUMAN
[],EFL1_HUMAN
[],SETX_HUMAN
[],HDX_HUMAN
[],TPC11_HUMAN
[],NEGR1_HUMAN
[],KANL1_HUMAN
[],NUP54_HUMAN
[],ATG9A_HUMAN
[],LYSM3_HUMAN
[],GLUCM_HUMAN
[],PARPT_HUMAN
[],ARMC9_HUMAN
[],LYCHS_HUMAN
[],PANKY_HUMAN
[],SAMD7_HUMAN
[],ZN572_HUMAN
[],VP35L_HUMAN
[],POGZ_HUMAN
[],MIER3_HUMAN
[],S46A3_HUMAN
[],CA2D4_HUMAN
[],NT2NA_HUMAN
[],ZFY16_HUMAN
[],MON2_HUMAN
[],UBE3B_HUMAN
[],K1C28_HUMAN
[],K1C27_HUMAN
[],K1C26_HUMAN
[],K1C25_HUMAN
[],RD3_HUMAN
[],PIWL4_HUMAN
[],MYCPP_HUMAN
[],TMC6_HUMAN
[],MYH14_HUMAN
[],CSMD3_HUMAN
[],CSMD2_HUMAN
[],TMPS9_HUMAN
[],PEX26_HUMAN
[],NUFP2_HUMAN
[],KCNKI_HUMAN
[],R144B_HUMAN
[],LFG1_HUMAN
[],MAVS_HUMAN
[],PK1L2_HUMAN
[],PK1L3_HUMAN
[],CP2U1_HUMAN
[],CLAP1_HUMAN
[],BNIPL_HUMAN
[],DHX29_HUMAN
[],NPHP3_HUMAN
[],LRP10_HUMAN
[],COMD6_HUMAN
[],TRM11_HUMAN
[],ADM2_HUMAN
[],HAUS6_HUMAN
[],PLGT3_HUMAN
[],LIMS2_HUMAN
[],TRI46_HUMAN
[],TT21B_HUMAN
[],TRPM1_HUMAN
[],P4HA3_HUMAN
[],GDF7_HUMAN
[],HEAT3_HUMAN
[],KI21A_HUMAN
[],GLTL5_HUMAN
[],CFA91_HUMAN
[],ZN438_HUMAN
[],HDGR2_HUMAN
[],DCXR_HUMAN
[],KR193_HUMAN
[],BRAP_HUMAN
[],Z804A_HUMAN
[],EMSY_HUMAN
[],AKNA_HUMAN
[],TAFA5_HUMAN
[],RIC3_HUMAN
[],GOGA7_HUMAN
[],RHG22_HUMAN
[],DHI1L_HUMAN
[],RAI1_HUMAN
[],WAPL_HUMAN
[],R3HCL_HUMAN
[],PODN_HUMAN
[],I2BP2_HUMAN
[],SDK1_HUMAN
[],DHB13_HUMAN
[],MUC19_HUMAN
[],CPEB2_HUMAN
[],DPOLN_HUMAN
[],AB1IP_HUMAN
[],SAXO4_HUMAN
[],BN3D2_HUMAN
[],BMP8A_HUMAN
[],GP141_HUMAN
[],SNX20_HUMAN
[],CMKMT_HUMAN
[],ARHG8_HUMAN
[],ADCK2_HUMAN
[],SPRE2_HUMAN
[],SPRE1_HUMAN
[],BTLA_HUMAN
[],CCD91_HUMAN
[],SRGP1_HUMAN
[],RBBP6_HUMAN
[],NECA2_HUMAN
[],ANS1B_HUMAN
[],SPT12_HUMAN
[],RHG30_HUMAN
[],SH3R1_HUMAN
[],FGD2_HUMAN
[],FRMD5_HUMAN
[],UBE3D_HUMAN
[],SEN54_HUMAN
[],THAP5_HUMAN
[],ARPIN_HUMAN
[],PRRT2_HUMAN
[],TCPR1_HUMAN
[],RABEK_HUMAN
[],MILR1_HUMAN
[],MTEF4_HUMAN
[],AP2D_HUMAN
[],ADAT2_HUMAN
[],HUWE1_HUMAN
[],YTHD3_HUMAN
[],S35E3_HUMAN
[],K2C1B_HUMAN
[],CNTRL_HUMAN
[],CTU1_HUMAN
[],PXK_HUMAN
[],FLIP1_HUMAN
[],STRA8_HUMAN
[],TAF8_HUMAN
[],VTCN1_HUMAN
[],UB2Q1_HUMAN
[],KHDC4_HUMAN
[],TARSH_HUMAN
[],CLNK_HUMAN
[],CPLX4_HUMAN
[],VP13B_HUMAN
[],CATIP_HUMAN
[],TMED4_HUMAN
[],RM10_HUMAN
[],CENPV_HUMAN
[],SLN11_HUMAN
[],ZER1_HUMAN
[],MEGF8_HUMAN
[],B3GN8_HUMAN
[],GALT5_HUMAN
[],T179B_HUMAN
[],RALYL_HUMAN
[],NPM2_HUMAN
[],PCGF5_HUMAN
[],GALT7_HUMAN
[],ANR23_HUMAN
[],DAZ4_HUMAN
[],S1A7A_HUMAN
[],NEK8_HUMAN
[],AMGO2_HUMAN
[],DSG4_HUMAN
[],SCD5_HUMAN
[],PHLB2_HUMAN
[],AGRE4_HUMAN
[],AGRG6_HUMAN
[],AGRA1_HUMAN
[],SDCG8_HUMAN
[],DHDDS_HUMAN
[],GLT10_HUMAN
[],SYT9_HUMAN
[],ILDR1_HUMAN
[],GLRX5_HUMAN
[],TPC6B_HUMAN
[],PP4P1_HUMAN
[],CLC14_HUMAN
[],KAISO_HUMAN
[],TM11B_HUMAN
[],DAAM2_HUMAN
[],UBP37_HUMAN
[],K1328_HUMAN
[],RN180_HUMAN
[],ALPK2_HUMAN
[],PATL1_HUMAN
[],MYPN_HUMAN
[],T150A_HUMAN
[],PEG10_HUMAN
[],ATL2_HUMAN
[],TBCD1_HUMAN
[],DPP9_HUMAN
[],TAD2B_HUMAN
[],ATG4D_HUMAN
[],STIMA_HUMAN
[],DDX53_HUMAN
[],SYVN1_HUMAN
[],PRUN1_HUMAN
[],RM52_HUMAN
[],SETD3_HUMAN
[],TTC7B_HUMAN
[],ADCK1_HUMAN
[],ACOT1_HUMAN
[],ARMD4_HUMAN
[],RBM23_HUMAN
[],LPP60_HUMAN
[],ISCA2_HUMAN
[],PABP2_HUMAN
[],MTA70_HUMAN
[],LDB1_HUMAN
[],PB1_HUMAN
[],YRDC_HUMAN
[],RIP_HUMAN
[],TM135_HUMAN
[],RSPH3_HUMAN
[],SAPC2_HUMAN
[],MARH3_HUMAN
[],ZN329_HUMAN
[],SL9B2_HUMAN
[],LYRIC_HUMAN
[],LRRT1_HUMAN
[],TLK2_HUMAN
[],TSN33_HUMAN
[],SO6A1_HUMAN
[],ABCAC_HUMAN
[],LBN_HUMAN
[],ZN598_HUMAN
[],GPAT4_HUMAN
[],MAGI2_HUMAN
[],R4RL1_HUMAN
[],R4RL2_HUMAN
[],AKA28_HUMAN
[],CAD24_HUMAN
[],KTN1_HUMAN
[],ZFHX4_HUMAN
[],ZN589_HUMAN
[],ABCAD_HUMAN
[],NFE4_HUMAN
[],NOXA1_HUMAN
[],RIMS1_HUMAN
[],EST1A_HUMAN
[],NHRF4_HUMAN
[],NLRX1_HUMAN
[],CATAC_HUMAN
[],BCL9L_HUMAN
[],GGN_HUMAN
[],TKN4_HUMAN
[],UBP48_HUMAN
[],TRI74_HUMAN
[],OSTA_HUMAN
[],OSTB_HUMAN
[],N4BP2_HUMAN
[],CAPS2_HUMAN
[],DTX2_HUMAN
[],ITIH5_HUMAN
[],ST32C_HUMAN
[],URP2_HUMAN
[],FA83A_HUMAN
[],NAA40_HUMAN
[],ZBT46_HUMAN
[],CASZ1_HUMAN
[],SHLD2_HUMAN
[],PAQR2_HUMAN
[],VASH2_HUMAN
[],TIKI1_HUMAN
[],F124A_HUMAN
[],LUZP1_HUMAN
[],THOC4_HUMAN
[],PIM3_HUMAN
[],KBTB6_HUMAN
[],C163A_HUMAN
[],MORC1_HUMAN
[],S2542_HUMAN
[],PIGZ_HUMAN
[],MYPOP_HUMAN
[],SERC5_HUMAN
[],IGFN1_HUMAN
[],MOGT3_HUMAN
[],NRAP_HUMAN
[],KIF27_HUMAN
[],LRRT3_HUMAN
[],IQGA3_HUMAN
[],LAP4B_HUMAN
[],ZN410_HUMAN
[],S47A2_HUMAN
[],ZCH18_HUMAN
[],VPS36_HUMAN
[],TAXB1_HUMAN
[],PACS2_HUMAN
[],CAND1_HUMAN
[],LCA5_HUMAN
[],TXND2_HUMAN
[],TRXR3_HUMAN
[],RETR3_HUMAN
[],HOOK3_HUMAN
[],RNB3L_HUMAN
[],RTTN_HUMAN
[],SESD1_HUMAN
[],S22AG_HUMAN
[],ARHGP_HUMAN
[],COMD7_HUMAN
[],MON1A_HUMAN
[],TSYL5_HUMAN
[],P2RY8_HUMAN
[],SMS1_HUMAN
[],JAZF1_HUMAN
[],CP4Z1_HUMAN
[],NAL14_HUMAN
[],NAL10_HUMAN
[],NALP8_HUMAN
[],THOC6_HUMAN
[],KCMB4_HUMAN
[],MET16_HUMAN
[],SPA24_HUMAN
[],PARG_HUMAN
[],ANR46_HUMAN
[],LIPB1_HUMAN
[],BPHL_HUMAN
[],LONP2_HUMAN
[],S2611_HUMAN
[],ZC3C1_HUMAN
[],UN93A_HUMAN
[],OSTM1_HUMAN
[],SPA9_HUMAN
[],ATCAY_HUMAN
[],MTMRD_HUMAN
[],RASF3_HUMAN
[],PKHL1_HUMAN
[],NLRC5_HUMAN
[],CHD1L_HUMAN
[],AMGO1_HUMAN
[],FCSD1_HUMAN
[],GPBP1_HUMAN
[],NR2CA_HUMAN
[],CCD25_HUMAN
[],RDIC1_HUMAN
[],TMPSC_HUMAN
[],TRI69_HUMAN
[],LDHD_HUMAN
[],SKAP1_HUMAN
[],TEN1L_HUMAN
[],STING_HUMAN
[],AROS_HUMAN
[],CDR2L_HUMAN
[],HORM1_HUMAN
[],LSR_HUMAN
[],DAA11_HUMAN
[],EZHIP_HUMAN
[],CHSS1_HUMAN
[],CARM1_HUMAN
[],NUD13_HUMAN
[],CIR1_HUMAN
[],MET23_HUMAN
[],SNX32_HUMAN
[],MICU3_HUMAN
[],HOGA1_HUMAN
[],DYR2_HUMAN
[],ZN575_HUMAN
[],CNDG2_HUMAN
[],CAHM3_HUMAN
[],GA2L3_HUMAN
[],FBX11_HUMAN
[],SFR1_HUMAN
[],VSIG1_HUMAN
[],ANKL2_HUMAN
[],CTSRD_HUMAN
[],MEX3D_HUMAN
[],PA24D_HUMAN
[],DGKH_HUMAN
[],DDX42_HUMAN
[],CTSR3_HUMAN
[],TCAM2_HUMAN
[],CEP57_HUMAN
[],GOLI_HUMAN
[],VP37D_HUMAN
[],TRI50_HUMAN
[],FRAS1_HUMAN
[],DTX1_HUMAN
[],VRK2_HUMAN
[],DZIP3_HUMAN
[],Z354C_HUMAN
[],NUTM1_HUMAN
[],CD20B_HUMAN
[],AGRG3_HUMAN
[],CACL1_HUMAN
[],XYLT1_HUMAN
[],NDUAB_HUMAN
[],K2C73_HUMAN
[],DAAF5_HUMAN
[],LYPD6_HUMAN
[],STX12_HUMAN
[],KI18B_HUMAN
[],KMT5C_HUMAN
[],ZGRF1_HUMAN
[],ERO1B_HUMAN
[],PALB2_HUMAN
[],LRC33_HUMAN
[],PTOV1_HUMAN
[],TMM25_HUMAN
[],LRAD3_HUMAN
[],F90A1_HUMAN
[],DZIP1_HUMAN
[],DLP1_HUMAN
[],PHF13_HUMAN
[],MARH9_HUMAN
[],THNS2_HUMAN
[],AN13B_HUMAN
[],TDRP_HUMAN
[],PDPN_HUMAN
[],HOME1_HUMAN
[],PRGC2_HUMAN
[],P66A_HUMAN
[],GPSM1_HUMAN
[],MF2L2_HUMAN
[],RFIP4_HUMAN
[],RAB43_HUMAN
[],C2CD5_HUMAN
[],S13A5_HUMAN
[],MIB1_HUMAN
[],JAML_HUMAN
[],RASL3_HUMAN
[],PRAG1_HUMAN
[],HPS6_HUMAN
[],PLCZ1_HUMAN
[],TRML1_HUMAN
[],GPHB5_HUMAN
[],MD12L_HUMAN
[],HORN_HUMAN
[],HIPK1_HUMAN
[],KLOTB_HUMAN
[],CC125_HUMAN
[],C1QL4_HUMAN
[],RFX6_HUMAN
[],IFNL1_HUMAN
[],INLR1_HUMAN
[],DCP2_HUMAN
[],TMC8_HUMAN
[],TMPS6_HUMAN
[],I2BP1_HUMAN
[],KCC1D_HUMAN
[],CERS3_HUMAN
[],CAHM1_HUMAN
[],ABCA9_HUMAN
[],KR191_HUMAN
[],KR111_HUMAN
[],KRA81_HUMAN
[],KRA71_HUMAN
[],RHPN2_HUMAN
[],TCAM1_HUMAN
[],GLT13_HUMAN
[],RB6I2_HUMAN
[],RN135_HUMAN
[],H2A2B_HUMAN
[],RIOX2_HUMAN
[],KRA13_HUMAN
[],MY18B_HUMAN
[],RBM45_HUMAN
[],ZDH13_HUMAN
[],ZDH17_HUMAN
[],SPP2C_HUMAN
[],CRLF3_HUMAN
[],PLDX1_HUMAN
[],NPAS4_HUMAN
[],CLC10_HUMAN
[],CLVS1_HUMAN
[],SIAH1_HUMAN
[],TMTC1_HUMAN
[],CRERF_HUMAN
[],ARMC8_HUMAN
[],SPA2L_HUMAN
[],RELL1_HUMAN
[],T126B_HUMAN
[],ABC3F_HUMAN
[],AEBP1_HUMAN
[],EGFL6_HUMAN
[],GRM2A_HUMAN
[],AT2L2_HUMAN
[],TB10C_HUMAN
[],PLD3_HUMAN
[],HDBP1_HUMAN
[],LACC1_HUMAN
[],TM139_HUMAN
[],HID1_HUMAN
[],UN5CL_HUMAN
[],ERI1_HUMAN
[],DEN1C_HUMAN
[],GRP3_HUMAN
[],VRK3_HUMAN
[],PASD1_HUMAN
[],CNGA4_HUMAN
[],SL9A9_HUMAN
[],NUDC3_HUMAN
[],PKHH2_HUMAN
[],AHNK2_HUMAN
[],DYH10_HUMAN
[],TIAM2_HUMAN
[],FMNL3_HUMAN
[],SAM9L_HUMAN
[],HUNIN_HUMAN
[],FOXP4_HUMAN
[],MMAA_HUMAN
[],M4K3_HUMAN
[],NOSTN_HUMAN
[],S41A1_HUMAN
[],NAV3_HUMAN
[],NAV2_HUMAN
[],P3H2_HUMAN
[],P3H3_HUMAN
[],CBPO_HUMAN
[],CCD50_HUMAN
[],S22A9_HUMAN
[],FUND1_HUMAN
[],ZN547_HUMAN
[],ZDH21_HUMAN
[],FABD_HUMAN
[],GLCTK_HUMAN
[],MISP_HUMAN
[],KSR1_HUMAN
[],HERC6_HUMAN
[],GID4_HUMAN
[],CDKL3_HUMAN
[],ARI3B_HUMAN
[],SPNS2_HUMAN
[],VSTM4_HUMAN
[],APLF_HUMAN
[],CEP97_HUMAN
[],DAA19_HUMAN
[],MAPK5_HUMAN
[],NNRD_HUMAN
[],SLIK4_HUMAN
[],SPA12_HUMAN
[],WDR75_HUMAN
[],MFN1_HUMAN
[],CTL2_HUMAN
[],IPRI_HUMAN
[],TEX14_HUMAN
[],WDFY1_HUMAN
[],MA7D3_HUMAN
[],CC117_HUMAN
[],NXP20_HUMAN
[],DCNL3_HUMAN
[],PKHM2_HUMAN
[],FXRD2_HUMAN
[],DNAI3_HUMAN
[],MGAP_HUMAN
[],GCC2_HUMAN
[],AGRA3_HUMAN
[],SFPA2_HUMAN
[],SFTA1_HUMAN
[],HSC20_HUMAN
[],STH_HUMAN
[],RP1L1_HUMAN
[],BRSK2_HUMAN
[],TRI59_HUMAN
[],PHF6_HUMAN
[],ARCH_HUMAN
[],SCN4B_HUMAN
[],CUL9_HUMAN
[],LRC8A_HUMAN
[],LMTK2_HUMAN
[],ZNT8_HUMAN
[],SULF2_HUMAN
[],SULF1_HUMAN
[],TPH2_HUMAN
[],LAX1_HUMAN
[],CNTN4_HUMAN
[],UBR1_HUMAN
[],UBR2_HUMAN
[],RHG12_HUMAN
[],HOT_HUMAN
[],SGPP2_HUMAN
[],UN45B_HUMAN
[],CHERP_HUMAN
[],SCUB1_HUMAN
[],CDAN1_HUMAN
[],ANKH1_HUMAN
[],TRI48_HUMAN
[],TRI42_HUMAN
[],BBS7_HUMAN
[],SUGP1_HUMAN
[],SUGP2_HUMAN
[],KIBRA_HUMAN
[],UEVLD_HUMAN
[],CD302_HUMAN
[],FOG1_HUMAN
[],CCAR1_HUMAN
[],HOMEZ_HUMAN
[],MCEM1_HUMAN
[],SLF2_HUMAN
[],SCUB3_HUMAN
[],SKA3_HUMAN
[],SACA3_HUMAN
[],DJC10_HUMAN
[],TARG1_HUMAN
[],NPAS3_HUMAN
[],T53I2_HUMAN
[],NELFD_HUMAN
[],CAD26_HUMAN
[],MIRO2_HUMAN
[],MIRO1_HUMAN
[],SIR2_HUMAN
[],ASXL1_HUMAN
[],PHC2_HUMAN
[],GLT12_HUMAN
[],FA20C_HUMAN
[],MSRB3_HUMAN
[],BAP18_HUMAN
[],RM41_HUMAN
[],NRM_HUMAN
[],RIMKA_HUMAN
[],OCAT1_HUMAN
[],KLHL7_HUMAN
[],PARP9_HUMAN
[],ETKMT_HUMAN
[],DRC2_HUMAN
[],KLD8B_HUMAN
[],LMTD2_HUMAN
[],RPAP2_HUMAN
[],ZC3H3_HUMAN
[],PLPL6_HUMAN
[],SMC5_HUMAN
[],DDX60_HUMAN
[],CMIP_HUMAN
[],PLPP6_HUMAN
[],IFT20_HUMAN
[],MILK2_HUMAN
[],S15A3_HUMAN
[],DHX37_HUMAN
[],KBTB2_HUMAN
[],PAQRA_HUMAN
[],YAF2_HUMAN
[],AMOL1_HUMAN
[],SPB1_HUMAN
[],DRC7_HUMAN
[],NIM1_HUMAN
[],SLX4_HUMAN
[],TM192_HUMAN
[],CKP2L_HUMAN
[],IHO1_HUMAN
[],M21D2_HUMAN
[],SRRM1_HUMAN
[],PEX5R_HUMAN
[],SMAP1_HUMAN
[],DI3L2_HUMAN
[],SUV3_HUMAN
[],ERF3B_HUMAN
[],FANCM_HUMAN
[],CC146_HUMAN
[],CCD13_HUMAN
[],ELOA2_HUMAN
[],TEX11_HUMAN
[],LRC56_HUMAN
[],ZZZ3_HUMAN
[],SHLD1_HUMAN
[],EXOC8_HUMAN
[],ZN440_HUMAN
[],PIANP_HUMAN
[],CPNE9_HUMAN
[],CJ067_HUMAN
[],SYTL1_HUMAN
[],GT252_HUMAN
[],GPR65_HUMAN
[],SEP12_HUMAN
[],SLN12_HUMAN
[],TRI22_HUMAN
[],ZDH23_HUMAN
[],CF206_HUMAN
[],SMYD4_HUMAN
[],TEFF1_HUMAN
[],P20D2_HUMAN
[],OSCAR_HUMAN
[],GAR4_HUMAN
[],CMTR2_HUMAN
[],CC170_HUMAN
[],KATL2_HUMAN
[],ULK2_HUMAN
[],HACE1_HUMAN
[],MICU2_HUMAN
[],IZUM1_HUMAN
[],RN168_HUMAN
[],TBC21_HUMAN
[],CC116_HUMAN
[],DND1_HUMAN
[],SAXO1_HUMAN
[],CE57L_HUMAN
[],DZI1L_HUMAN
[],AN13A_HUMAN
[],GP135_HUMAN
[],ZN683_HUMAN
[],PHAR4_HUMAN
[],RASEF_HUMAN
[],CHSS2_HUMAN
[],TRM2A_HUMAN
[],CKLF1_HUMAN
[],K319L_HUMAN
[],H18_HUMAN
[],RTKN2_HUMAN
[],CORA1_HUMAN
[],ZN101_HUMAN
[],KMT2E_HUMAN
[],DCP1B_HUMAN
[],S22AF_HUMAN
[],DOCK3_HUMAN
[],PACE1_HUMAN
[],NALCN_HUMAN
[],AGRF5_HUMAN
[],AGRF4_HUMAN
[],AGRG5_HUMAN
[],AGRF3_HUMAN
[],AGRG4_HUMAN
[],AGRF2_HUMAN
[],XRN1_HUMAN
[],IFNL3_HUMAN
[],UNC5B_HUMAN
[],CPMD8_HUMAN
[],MCLN2_HUMAN
[],MAML2_HUMAN
[],PELP1_HUMAN
[],CDK20_HUMAN
[],ZDH14_HUMAN
[],ABI1_HUMAN
[],TBC3A_HUMAN
[],AGRG2_HUMAN
[],WDFY3_HUMAN
[],MYCD_HUMAN
[],CKLF4_HUMAN
[],CA2D3_HUMAN
[],ASPM_HUMAN
[],HS3S5_HUMAN
[],FAM9B_HUMAN
[],FAM9A_HUMAN
[],SYCP3_HUMAN
[],KIRR3_HUMAN
[],RDH10_HUMAN
[],TENS4_HUMAN
[],TAF1L_HUMAN
[],ABCA7_HUMAN
[],APCD1_HUMAN
[],SYCE1_HUMAN
[],CENPL_HUMAN
[],VKORL_HUMAN
[],RBFA_HUMAN
[],GNT2A_HUMAN
[],FCSK_HUMAN
[],NLGNX_HUMAN
[],SPG16_HUMAN
[],CLYBL_HUMAN
[],SPART_HUMAN
[],ZN444_HUMAN
[],SPICE_HUMAN
[],TTC5_HUMAN
[],ATOH7_HUMAN
[],D106A_HUMAN
[],MIER1_HUMAN
[],SHSA5_HUMAN
[],MMP21_HUMAN
[],RPTOR_HUMAN
[],CADM3_HUMAN
[],NPT2C_HUMAN
[],PORIM_HUMAN
[],LGI4_HUMAN
[],DAW1_HUMAN
[],CNTRB_HUMAN
[],ORML3_HUMAN
[],ABCA6_HUMAN
[],EID3_HUMAN
[],PURA1_HUMAN
[],BCL6B_HUMAN
[],CXD3_HUMAN
[],LGI3_HUMAN
[],LIRA2_HUMAN
[],AHI1_HUMAN
[],GPC2_HUMAN
[],NAGS_HUMAN
[],CCAR2_HUMAN
[],PDK1L_HUMAN
[],NDUF2_HUMAN
[],CARTF_HUMAN
[],SIX5_HUMAN
[],KT222_HUMAN
[],CCNQ_HUMAN
[],VPS52_HUMAN
[],GBRG1_HUMAN
[],FXL14_HUMAN
[],NUP93_HUMAN
[],S11IP_HUMAN
[],ZN687_HUMAN
[],REXO1_HUMAN
[],CMTR1_HUMAN
[],S6OS1_HUMAN
[],DOCK4_HUMAN
[],THMS1_HUMAN
[],BATF2_HUMAN
[],BEST3_HUMAN
[],DYNAP_HUMAN
[],K2C78_HUMAN
[],CAH13_HUMAN
[],THEM5_HUMAN
[],MYO1H_HUMAN
[],CFA52_HUMAN
[],ARG28_HUMAN
[],INT1_HUMAN
[],SYNE4_HUMAN
[],H2B3B_HUMAN
[],RHG24_HUMAN
[],PROM2_HUMAN
[],PLD6_HUMAN
[],UNC80_HUMAN
[],TOR2X_HUMAN
[],ARM10_HUMAN
[],LYPD1_HUMAN
[],GHDC_HUMAN
[],SYS1_HUMAN
[],PELI3_HUMAN
[],STK40_HUMAN
[],ABD12_HUMAN
[],UB2J2_HUMAN
[],TM86A_HUMAN
[],CLASR_HUMAN
[],AN36B_HUMAN
[],NLGN1_HUMAN
[],OSR2_HUMAN
[],LTBP4_HUMAN
[],S66A2_HUMAN
[],PIAS4_HUMAN
[],RUSC2_HUMAN
[],CENPS_HUMAN
[],SVBP_HUMAN
[],AGGF1_HUMAN
[],MUC20_HUMAN
[],GPD1L_HUMAN
[],MT1M_HUMAN
[],MIER2_HUMAN
[],CBARP_HUMAN
[],S35F6_HUMAN
[],LAT4_HUMAN
[],KDM8_HUMAN
[],LRC25_HUMAN
[],MUC15_HUMAN
[],RHG18_HUMAN
[],ZN786_HUMAN
[],TMTC2_HUMAN
[],PARP8_HUMAN
[],ASCC3_HUMAN
[],CLIP4_HUMAN
[],PLCD3_HUMAN
[],MTURN_HUMAN
[],MILK1_HUMAN
[],TM130_HUMAN
[],BBS5_HUMAN
[],METL4_HUMAN
[],HROB_HUMAN
[],PPM1K_HUMAN
[],CADM2_HUMAN
[],CMYA5_HUMAN
[],TXLNB_HUMAN
[],VPS8_HUMAN
[],PALS1_HUMAN
[],GLT15_HUMAN
[],STAG2_HUMAN
[],SYNPO_HUMAN
[],FBXW8_HUMAN
[],LARG2_HUMAN
[],RDHE2_HUMAN
[],ZCHC7_HUMAN
[],PGBD5_HUMAN
[],LIRB2_HUMAN
[],TXND3_HUMAN
[],GLT16_HUMAN
[],FGRL1_HUMAN
[],RIBC1_HUMAN
[],LNX2_HUMAN
[],D2HDH_HUMAN
[],SFRP1_HUMAN
[],RYBP_HUMAN
[],PNKD_HUMAN
[],GALT4_HUMAN
[],SESQ1_HUMAN
[],NIN_HUMAN
[],STX19_HUMAN
[],MINK1_HUMAN
[],FTMT_HUMAN
[],BPIB2_HUMAN
[],S22AO_HUMAN
[],CARME_HUMAN
[],T151A_HUMAN
[],PP4P2_HUMAN
[],CCD24_HUMAN
[],CTL3_HUMAN
[],KLH36_HUMAN
[],KIF2B_HUMAN
[],MESH1_HUMAN
[],MIA40_HUMAN
[],PAQR4_HUMAN
[],MALD2_HUMAN
[],CBPA6_HUMAN
[],CBR4_HUMAN
[],EMC5_HUMAN
[],ZN808_HUMAN
[],AF1L2_HUMAN
[],EFC4A_HUMAN
[],VMA12_HUMAN
[],FBCD1_HUMAN
[],OGFD1_HUMAN
[],ZN276_HUMAN
[],AFAP1_HUMAN
[],MREG_HUMAN
[],DCLK2_HUMAN
[],OXR1_HUMAN
[],MPND_HUMAN
[],ZGPAT_HUMAN
[],CERS5_HUMAN
[],CAHM5_HUMAN
[],TAB3_HUMAN
[],WDTC1_HUMAN
[],GBGT1_HUMAN
[],NKAP_HUMAN
[],SIM20_HUMAN
[],MACOI_HUMAN
[],SH2D3_HUMAN
[],ARRD1_HUMAN
[],DHRSX_HUMAN
[],MINY1_HUMAN
[],CISD2_HUMAN
[],ATPF2_HUMAN
[],JAGN1_HUMAN
[],ZC3H8_HUMAN
[],KKCC1_HUMAN
[],RNF10_HUMAN
[],NGEF_HUMAN
[],MS3L1_HUMAN
[],PAR16_HUMAN
[],AADAT_HUMAN
[],KCD17_HUMAN
[],DPP10_HUMAN
[],TR1L1_HUMAN
[],FHI1B_HUMAN
[],MEIOB_HUMAN
[],LZTR1_HUMAN
[],TM86B_HUMAN
[],COMD1_HUMAN
[],ZBTB2_HUMAN
[],DRAM1_HUMAN
[],CPSF7_HUMAN
[],ESX1_HUMAN
[],SC5A8_HUMAN
[],S15A4_HUMAN
[],IGSF1_HUMAN
[],LIRA3_HUMAN
[],RN182_HUMAN
[],CLD19_HUMAN
[],GCSAM_HUMAN
[],MET27_HUMAN
[],CGAT2_HUMAN
[],ATL1_HUMAN
[],ARFG2_HUMAN
[],EID2_HUMAN
[],LYSET_HUMAN
[],TEX29_HUMAN
[],SAMD3_HUMAN
[],KASH5_HUMAN
[],KTAP2_HUMAN
[],OTU6B_HUMAN
[],FITM2_HUMAN
[],AMPO_HUMAN
[],I22R1_HUMAN
[],CD177_HUMAN
[],EFNMT_HUMAN
[],SERP2_HUMAN
[],AN13C_HUMAN
[],ARFG1_HUMAN
[],SIR6_HUMAN
[],GP161_HUMAN
[],CELF5_HUMAN
[],USBP1_HUMAN
[],CC185_HUMAN
[],ZN655_HUMAN
[],ARF_HUMAN
[],NPW_HUMAN
[],KI3L3_HUMAN
[],KC1AL_HUMAN
[],EMC1_HUMAN
[],PACRL_HUMAN
[],LRC52_HUMAN
[],TRIMM_HUMAN
[],CBLL2_HUMAN
[],PAF1_HUMAN
[],AMER2_HUMAN
[],EFHB_HUMAN
[],TPRX1_HUMAN
[],BEND7_HUMAN
[],ADGB_HUMAN
[],MAGB6_HUMAN
[],PDILT_HUMAN
[],TTLL6_HUMAN
[],SMIP4_HUMAN
[],CGAS_HUMAN
[],ZN366_HUMAN
[],TEANC_HUMAN
[],ZN513_HUMAN
[],RN152_HUMAN
[],PTGR2_HUMAN
[],ENDOV_HUMAN
[],COX18_HUMAN
[],S2529_HUMAN
[],AL14E_HUMAN
[],ENAH_HUMAN
[],BMPER_HUMAN
[],GBP7_HUMAN
[],ANS4B_HUMAN
[],PLPL1_HUMAN
[],MB213_HUMAN
[],VA0D2_HUMAN
[],DAND5_HUMAN
[],NRAC_HUMAN
[],CE120_HUMAN
[],ZDH22_HUMAN
[],RM43_HUMAN
[],NECA1_HUMAN
[],RLIG1_HUMAN
[],NEPR1_HUMAN
[],JMY_HUMAN
[],F133A_HUMAN
[],NAT8L_HUMAN
[],GDPD1_HUMAN
[],CIROZ_HUMAN
[],SYT2_HUMAN
[],FADS6_HUMAN
[],DTX3_HUMAN
[],ACOT4_HUMAN
[],TM102_HUMAN
[],ASCC1_HUMAN
[],BANP_HUMAN
[],EIF1A_HUMAN
[],SR1IP_HUMAN
[],SCAI_HUMAN
[],ANR53_HUMAN
[],DAAF3_HUMAN
[],BOLL_HUMAN
[],NLS1_HUMAN
[],TERB1_HUMAN
[],ZN383_HUMAN
[],IQUB_HUMAN
[],TTC29_HUMAN
[],PNDC1_HUMAN
[],CBY2_HUMAN
[],POC5_HUMAN
[],TEX19_HUMAN
[],MARHA_HUMAN
[],I17RC_HUMAN
[],ANKL1_HUMAN
[],ZSCA4_HUMAN
[],MIGA1_HUMAN
[],ZBT38_HUMAN
[],ZBT8B_HUMAN
[],PMGT2_HUMAN
[],FNDC5_HUMAN
[],PR38A_HUMAN
[],KDF1_HUMAN
[],SMYD1_HUMAN
[],UBP38_HUMAN
[],ZN511_HUMAN
[],MLKL_HUMAN
[],F184A_HUMAN
[],AT11C_HUMAN
[],SYT14_HUMAN
[],UN13C_HUMAN
[],KDM1B_HUMAN
[],AFG2A_HUMAN
[],FANCB_HUMAN
[],DTWD2_HUMAN
[],ZSCA1_HUMAN
[],T229B_HUMAN
[],GLIS1_HUMAN
[],NHLC2_HUMAN
[],CYAC3_HUMAN
[],DRAXI_HUMAN
[],S43A3_HUMAN
[],XXLT1_HUMAN
[],GOLM1_HUMAN
[],GT251_HUMAN
[],SUMF2_HUMAN
[],SIDT2_HUMAN
[],SUMF1_HUMAN
[],PGLT1_HUMAN
[],UBAC2_HUMAN
[],TM87A_HUMAN
[],RDH13_HUMAN
[],PCSK9_HUMAN
[],DHB11_HUMAN
[],AQP11_HUMAN
[],MINY2_HUMAN
[],S4A11_HUMAN
[],TXND5_HUMAN
[],POC1A_HUMAN
[],SPC24_HUMAN
[],ATAD1_HUMAN
[],SYT8_HUMAN
[],S38A9_HUMAN
[],IN80E_HUMAN
[],UXS1_HUMAN
[],CLC1A_HUMAN
[],ACBD4_HUMAN
[],RELL2_HUMAN
[],ZN114_HUMAN
[],RN149_HUMAN
[],RETR2_HUMAN
[],SERB1_HUMAN
[],LEMD2_HUMAN
[],NOA1_HUMAN
[],NETO2_HUMAN
[],KCTD6_HUMAN
[],FA98A_HUMAN
[],CAMKV_HUMAN
[],PAG15_HUMAN
[],SPX3_HUMAN
[],HJURP_HUMAN
[],SEN2_HUMAN
[],MTMRE_HUMAN
[],NF2IP_HUMAN
[],CHST4_HUMAN
[],DGLB_HUMAN
[],CHSTE_HUMAN
[],MOT11_HUMAN
[],GALT6_HUMAN
[],KCNH5_HUMAN
[],DYHC2_HUMAN
[],RN169_HUMAN
[],ZBT44_HUMAN
[],B3GL2_HUMAN
[],SMIP6_HUMAN
[],CTL5_HUMAN
[],ARRD4_HUMAN
[],CC197_HUMAN
[],C2C4A_HUMAN
[],MTLN_HUMAN
[],KREM2_HUMAN
[],NNRE_HUMAN
[],GLT11_HUMAN
[],SMG8_HUMAN
[],CARL3_HUMAN
[],ZNRF1_HUMAN
[],LIPB2_HUMAN
[],LS14A_HUMAN
[],CCNY_HUMAN
[],SLAI1_HUMAN
[],PNMA1_HUMAN
[],MROH1_HUMAN
[],BANK1_HUMAN
[],MISSL_HUMAN
[],MORN4_HUMAN
[],FSAF1_HUMAN
[],PAPD5_HUMAN
[],TDRD9_HUMAN
[],PEPL1_HUMAN
[],ICA1L_HUMAN
[],EHBP1_HUMAN
[],CBPC5_HUMAN
[],CFA43_HUMAN
[],RCBT1_HUMAN
[],ZN439_HUMAN
[],ZN540_HUMAN
[],RB15B_HUMAN
[],SIA7C_HUMAN
[],SMC1B_HUMAN
[],TNR6A_HUMAN
[],TT21A_HUMAN
[],PSD4_HUMAN
[],VGLU3_HUMAN
[],PHC3_HUMAN
[],SIMC1_HUMAN
[],DIK2A_HUMAN
[],CNNM3_HUMAN
[],RGS22_HUMAN
[],FA13C_HUMAN
[],CPEB3_HUMAN
[],HIPK4_HUMAN
[],ABCF1_HUMAN
[],POPD1_HUMAN
[],MCU_HUMAN
[],GLIS3_HUMAN
[],GMCL2_HUMAN
[],PLPP5_HUMAN
[],PK3C3_HUMAN
[],CTSR1_HUMAN
[],FXL13_HUMAN
[],MNS1_HUMAN
[],DUS18_HUMAN
[],NGDN_HUMAN
[],TET5D_HUMAN
[],DDHD1_HUMAN
[],MCPH1_HUMAN
[],SP20H_HUMAN
[],CBPC3_HUMAN
[],PDZD8_HUMAN
[],DAAF1_HUMAN
[],SRARP_HUMAN
[],TRPV1_HUMAN
[],ACV1C_HUMAN
[],LFNG_HUMAN
[],NFAM1_HUMAN
[],CHSTD_HUMAN
[],TRPV3_HUMAN
[],DP13B_HUMAN
[],CSK23_HUMAN
[],MYO3A_HUMAN
[],EXPH5_HUMAN
[],IL27A_HUMAN
[],ZNT7_HUMAN
[],DR9C7_HUMAN
[],NAV1_HUMAN
[],VATC2_HUMAN
[],PPHLN_HUMAN
[],VP37A_HUMAN
[],WDR19_HUMAN
[],KMT2C_HUMAN
[],FBX22_HUMAN
[],PCAT1_HUMAN
[],DOCK8_HUMAN
[],ZMIZ2_HUMAN
[],SYNE1_HUMAN
[],ZN397_HUMAN
[],UBP32_HUMAN
[],NOXO1_HUMAN
[],T185A_HUMAN
[],BD1L1_HUMAN
[],ANKK1_HUMAN
[],ARI1B_HUMAN
[],NCKX4_HUMAN
[],FAD1_HUMAN
[],FLCN_HUMAN
[],NUP43_HUMAN
[],NUP37_HUMAN
[],NUP35_HUMAN
[],REPS2_HUMAN
[],RAI3_HUMAN
[],PKR2_HUMAN
[],BBS1_HUMAN
[],B3GN7_HUMAN
[],ADCY4_HUMAN
[],I17RD_HUMAN
[],GP156_HUMAN
[],MDGA1_HUMAN
[],NUD10_HUMAN
[],NBEA_HUMAN
[],TOIP2_HUMAN
[],SPTSB_HUMAN
[],I17RE_HUMAN
[],STEA2_HUMAN
[],DBF4B_HUMAN
[],DNER_HUMAN
[],BEST4_HUMAN
[],BEST2_HUMAN
[],TSTD1_HUMAN
[],IPMK_HUMAN
[],TET1_HUMAN
[],ABHDB_HUMAN
[],DMBX1_HUMAN
[],NEUA_HUMAN
[],MYRIP_HUMAN
[],STXB6_HUMAN
[],SEM6D_HUMAN
[],KBTB8_HUMAN
[],FBH1_HUMAN
[],NLGNY_HUMAN
[],NLGN2_HUMAN
[],TNIP2_HUMAN
[],CADM4_HUMAN
[],TRI58_HUMAN
[],HELB_HUMAN
[],TSN14_HUMAN
[],PJA1_HUMAN
[],KNL1_HUMAN
[],RDM1_HUMAN
[],NEK11_HUMAN
[],OR7D4_HUMAN
[],O5AN1_HUMAN
[],O10J5_HUMAN
[],VA0E2_HUMAN
[],SVIP_HUMAN
[],ZNRF2_HUMAN
[],TTL11_HUMAN
[],ATLA2_HUMAN
[],LIRB4_HUMAN
[],LIRB1_HUMAN
[],KDM2B_HUMAN
[],ARK74_HUMAN
[],MSPD2_HUMAN
[],PLBL2_HUMAN
[],CEP70_HUMAN
[],DDX55_HUMAN
[],DNJB8_HUMAN
[],CLDN2_HUMAN
[],MFSD8_HUMAN
[],SPT22_HUMAN
[],CFA61_HUMAN
[],SMS2_HUMAN
[],TDRD7_HUMAN
[],GIMA7_HUMAN
[],NEDD1_HUMAN
[],RHXF1_HUMAN
[],MAFA_HUMAN
[],CC4L_HUMAN
[],TPC2_HUMAN
[],B4GN2_HUMAN
[],COP1_HUMAN
[],GA2L2_HUMAN
[],MB3L2_HUMAN
[],CDC26_HUMAN
[],NCOA7_HUMAN
[],IL31R_HUMAN
[],MCFD2_HUMAN
[],THOC2_HUMAN
[],INADL_HUMAN
[],WDR36_HUMAN
[],PPTC7_HUMAN
[],IKBD_HUMAN
[],CTCFL_HUMAN
[],COQ8A_HUMAN
[],KI18A_HUMAN
[],RP9_HUMAN
[],VANG1_HUMAN
[],PCD19_HUMAN
[],CA216_HUMAN
[],JOS2_HUMAN
[],SCAM5_HUMAN
[],IL17D_HUMAN
[],ZNT5_HUMAN
[],SNIP1_HUMAN
[],KCNG3_HUMAN
[],G45IP_HUMAN
[],WDR48_HUMAN
[],LHPL5_HUMAN
[],VTM2A_HUMAN
[],EXOC6_HUMAN
[],REBL1_HUMAN
[],OLIG1_HUMAN
[],BBS10_HUMAN
[],TTC8_HUMAN
[],ERMIN_HUMAN
[],LMO3_HUMAN
[],CEP76_HUMAN
[],PPR35_HUMAN
[],MPLKI_HUMAN
[],SMRC2_HUMAN
[],UHMK1_HUMAN
[],FGFP3_HUMAN
[],NEIL3_HUMAN
[],NPL4_HUMAN
[],NKX23_HUMAN
[],ZN417_HUMAN
[],CP2W1_HUMAN
[],OSR1_HUMAN
[],MUC7_HUMAN
[],GSDMB_HUMAN
[],CKLF2_HUMAN
[],RIN3_HUMAN
[],GDAP1_HUMAN
[],NUBPL_HUMAN
[],ABHD4_HUMAN
[],DPTOR_HUMAN
[],S35B2_HUMAN
[],PRR7_HUMAN
[],PUM2_HUMAN
[],NDNF_HUMAN
[],HMGC2_HUMAN
[],GOGA5_HUMAN
[],THAP6_HUMAN
[],LNX1_HUMAN
[],S7A14_HUMAN
[],SHKB1_HUMAN
[],UBA3_HUMAN
[],ZSC18_HUMAN
[],BAHD1_HUMAN
[],CNIH3_HUMAN
[],FNDC9_HUMAN
[],S35G2_HUMAN
[],NANP_HUMAN
[],PXL2B_HUMAN
[],AT2L1_HUMAN
[],SYNPR_HUMAN
[],PLPR1_HUMAN
[],FEZF2_HUMAN
[],SETD6_HUMAN
[],ZCH10_HUMAN
[],TM254_HUMAN
[],DJB14_HUMAN
[],R3GEF_HUMAN
[],F174A_HUMAN
[],PI42C_HUMAN
[],RBM46_HUMAN
[],PMFBP_HUMAN
[],CF251_HUMAN
[],MYBPP_HUMAN
[],WDR20_HUMAN
[],TM10A_HUMAN
[],ZN564_HUMAN
[],MDM1_HUMAN
[],TBC15_HUMAN
[],RDH11_HUMAN
[],CAGE1_HUMAN
[],TM163_HUMAN
[],ADA32_HUMAN
[],ENKUR_HUMAN
[],SUN5_HUMAN
[],RN217_HUMAN
[],POC1B_HUMAN
[],M1AP_HUMAN
[],PIWL2_HUMAN
[],MIEAP_HUMAN
[],FANK1_HUMAN
[],ENOX1_HUMAN
[],ACTL9_HUMAN
[],METL6_HUMAN
[],S22A8_HUMAN
[],NT5C_HUMAN
[],DEN10_HUMAN
[],PPL13_HUMAN
[],ZFAN1_HUMAN
[],CIP2A_HUMAN
[],P4K2B_HUMAN
[],CPT1C_HUMAN
[],CMAP3_HUMAN
[],FBX25_HUMAN
[],STT3B_HUMAN
[],MARH1_HUMAN
[],PNPT1_HUMAN
[],CERK1_HUMAN
[],PHOP1_HUMAN
[],SPPL3_HUMAN
[],SPP2B_HUMAN
[],SPP2A_HUMAN
[],SPP_HUMAN
[],S7A13_HUMAN
[],ALMS1_HUMAN
[],NMD3A_HUMAN
[],PREX1_HUMAN
[],DC2L1_HUMAN
[],RHPN1_HUMAN
[],MRAP_HUMAN
[],URGCP_HUMAN
[],C99L2_HUMAN
[],AGR3_HUMAN
[],RAE1E_HUMAN
[],MK15_HUMAN
[],MIPO1_HUMAN
[],BICD2_HUMAN
[],ZN398_HUMAN
[],NEK9_HUMAN
[],SFXN5_HUMAN
[],ZN675_HUMAN
[],CHD6_HUMAN
[],ALAT2_HUMAN
[],CCHCR_HUMAN
[],TRPM4_HUMAN
[],MO2R1_HUMAN
[],DYH3_HUMAN
[],DSCL1_HUMAN
[],MAGC3_HUMAN
[],HUMMR_HUMAN
[],DTX3L_HUMAN
[],GTR14_HUMAN
[],MYOZ3_HUMAN
[],BRSK1_HUMAN
[],DDX54_HUMAN
[],SP7_HUMAN
[],MCLN3_HUMAN
[],NETO1_HUMAN
[],GRP4_HUMAN
[],ACTT1_HUMAN
[],HELQ_HUMAN
[],BL1S5_HUMAN
[],CHD5_HUMAN
[],TMC2_HUMAN
[],TMC1_HUMAN
[],DMXL2_HUMAN
[],BPIB1_HUMAN
[],SACA4_HUMAN
[],DLG5_HUMAN
[],KCNG4_HUMAN
[],KCNV2_HUMAN
[],CABL1_HUMAN
[],ACER1_HUMAN
[],RNH2C_HUMAN
[],HAVR2_HUMAN
[],CLM1_HUMAN
[],GNPI2_HUMAN
[],MIPT3_HUMAN
[],STK35_HUMAN
[],TCP1L_HUMAN
[],HCAR2_HUMAN
[],OXER1_HUMAN
[],GP152_HUMAN
[],GPBAR_HUMAN
[],GP151_HUMAN
[],LRC8C_HUMAN
[],SYTL5_HUMAN
[],FAT3_HUMAN
[],ACMSD_HUMAN
[],CGAT1_HUMAN
[],NEK7_HUMAN
[],PK1L1_HUMAN
[],RBCC1_HUMAN
[],ASAP3_HUMAN
[],MICA1_HUMAN
[],ELP5_HUMAN
[],PANK1_HUMAN
[],LMX1A_HUMAN
[],TS1R2_HUMAN
[],OTU7A_HUMAN
[],S26A7_HUMAN
[],ATS17_HUMAN
[],ATS16_HUMAN
[],ATS15_HUMAN
[],ATS19_HUMAN
[],ATS18_HUMAN
[],ES8L3_HUMAN
[],ES8L1_HUMAN
[],DYH5_HUMAN
[],MORC4_HUMAN
[],SSH3_HUMAN
[],GRHL3_HUMAN
[],PXYP1_HUMAN
[],NSUN6_HUMAN
[],TBCK_HUMAN
[],DTD1_HUMAN
[],DCA11_HUMAN
[],RN128_HUMAN
[],RHBL4_HUMAN
[],SH3R2_HUMAN
[],UTP15_HUMAN
[],GPX8_HUMAN
[],G6PT3_HUMAN
[],AF1L1_HUMAN
[],DEN1A_HUMAN
[],SH3R3_HUMAN
[],DOT1L_HUMAN
[],TP4AP_HUMAN
[],PO210_HUMAN
[],CE192_HUMAN
[],GEMI5_HUMAN
[],PIGO_HUMAN
[],SNED1_HUMAN
[],ARH40_HUMAN
[],FBF1_HUMAN
[],RPGF6_HUMAN
[],WFKN2_HUMAN
[],SMCR8_HUMAN
[],PARD3_HUMAN
[],DOK4_HUMAN
[],PAR3L_HUMAN
[],IPO4_HUMAN
[],CR3L4_HUMAN
[],UBP33_HUMAN
[],PAQR8_HUMAN
[],PNISR_HUMAN
[],PP4R1_HUMAN
[],DLRB2_HUMAN
[],S3TC2_HUMAN
[],WHAMM_HUMAN
[],FNIP1_HUMAN
[],UBS3B_HUMAN
[],DI3L1_HUMAN
[],ZFP90_HUMAN
[],ZN526_HUMAN
[],AT8B4_HUMAN
[],DCNP1_HUMAN
[],GIPC2_HUMAN
[],LRC15_HUMAN
[],MOT10_HUMAN
[],SHRM3_HUMAN
[],WIPF2_HUMAN
[],HASP_HUMAN
[],AEN_HUMAN
[],D104A_HUMAN
[],GRK7_HUMAN
[],DUS19_HUMAN
[],GDPD5_HUMAN
[],ZN473_HUMAN
[],ABHD5_HUMAN
[],SETD7_HUMAN
[],CLC4C_HUMAN
[],NOC3L_HUMAN
[],DDI1_HUMAN
[],SCRB1_HUMAN
[],THAP3_HUMAN
[],COG1_HUMAN
[],NPRL2_HUMAN
[],CAST1_HUMAN
[],ZDHC1_HUMAN
[],GLYL2_HUMAN
[],ST32A_HUMAN
[],PYRD1_HUMAN
[],RN139_HUMAN
[],FRS2_HUMAN
[],MZB1_HUMAN
[],F222B_HUMAN
[],TSEAR_HUMAN
[],ABHD3_HUMAN
[],U2AF4_HUMAN
[],SMAP2_HUMAN
[],ZC3HF_HUMAN
[],TF3C2_HUMAN
[],TB22A_HUMAN
[],TSK_HUMAN
[],PHF10_HUMAN
[],RAB2B_HUMAN
[],CHPT1_HUMAN
[],CT55_HUMAN
[],IASPP_HUMAN
[],ARB2A_HUMAN
[],S22AH_HUMAN
[],TGFA1_HUMAN
[],HDAC7_HUMAN
[],STYX_HUMAN
[],CEMIP_HUMAN
[],PTPM1_HUMAN
[],NU133_HUMAN
[],PDC6I_HUMAN
[],S20A1_HUMAN
[],FBLI1_HUMAN
[],CATIN_HUMAN
[],ZN296_HUMAN
[],GATD1_HUMAN
[],TM174_HUMAN
[],BRK1_HUMAN
[],S38A5_HUMAN
[],CHMP7_HUMAN
[],PRUN2_HUMAN
[],DCAF4_HUMAN
[],SFT2A_HUMAN
[],NSE1_HUMAN
[],PHLA1_HUMAN
[],BLNK_HUMAN
[],ZN480_HUMAN
[],SNX33_HUMAN
[],TRI41_HUMAN
[],NUDT8_HUMAN
[],MITD1_HUMAN
[],AFG1L_HUMAN
[],ZFN2B_HUMAN
[],HEXD_HUMAN
[],CTF18_HUMAN
[],LEO1_HUMAN
[],RN138_HUMAN
[],RN141_HUMAN
[],T170A_HUMAN
[],OSCP1_HUMAN
[],NUDC2_HUMAN
[],TWST2_HUMAN
[],SNR27_HUMAN
[],SKA2_HUMAN
[],TFB1M_HUMAN
[],STAG1_HUMAN
[],SCFD1_HUMAN
[],SCTM1_HUMAN
[],UB2Q2_HUMAN
[],TP8L1_HUMAN
[],LMBR1_HUMAN
[],CANT1_HUMAN
[],TPC14_HUMAN
[],DC2I1_HUMAN
[],TPC12_HUMAN
[],POF1B_HUMAN
[],BT2A2_HUMAN
[],HNRLL_HUMAN
[],SRALN_HUMAN
[],FACR1_HUMAN
[],UBCP1_HUMAN
[],ZDH19_HUMAN
[],RN133_HUMAN
[],KBTB7_HUMAN
[],SEN15_HUMAN
[],PCNP_HUMAN
[],DNJA4_HUMAN
[],TEKT4_HUMAN
[],TM239_HUMAN
[],DYT2B_HUMAN
[],FOG2_HUMAN
[],APH1B_HUMAN
[],ITLN1_HUMAN
[],DYDC1_HUMAN
[],PIHD2_HUMAN
[],GLMP_HUMAN
[],MAIP1_HUMAN
[],SSMM1_HUMAN
[],ZNRF4_HUMAN
[],KCNE4_HUMAN
[],ASZ1_HUMAN
[],TRUB1_HUMAN
[],LMO7_HUMAN
[],CTL1_HUMAN
[],CKAP2_HUMAN
[],SPIR2_HUMAN
[],CCNB3_HUMAN
[],ATX2L_HUMAN
[],CYGB_HUMAN
[],ARAP3_HUMAN
[],ICEF1_HUMAN
[],GIMA1_HUMAN
[],PHIP_HUMAN
[],HPSE2_HUMAN
[],STAB2_HUMAN
[],NEUR4_HUMAN
[],S13A3_HUMAN
[],TCP11_HUMAN
[],RT4I1_HUMAN
[],FCAMR_HUMAN
[],RASF5_HUMAN
[],SC5AB_HUMAN
[],SELM_HUMAN
[],PRP31_HUMAN
[],MB3L1_HUMAN
[],LIPH_HUMAN
[],IL1FA_HUMAN
[],EDAD_HUMAN
[],ABCAA_HUMAN
[],ABCA5_HUMAN
[],OIT3_HUMAN
[],NELFB_HUMAN
[],PALLD_HUMAN
[],NALP7_HUMAN
[],RUFY2_HUMAN
[],5HT3C_HUMAN
[],SREK1_HUMAN
[],MT21A_HUMAN
[],PYDC1_HUMAN
[],CSN9_HUMAN
[],RXFP2_HUMAN
[],SCG3_HUMAN
[],GEMI6_HUMAN
[],ATRIP_HUMAN
[],STON2_HUMAN
[],SRS12_HUMAN
[],PSPC1_HUMAN
[],REL3_HUMAN
[],ATLA1_HUMAN
[],DEDD2_HUMAN
[],RSAD2_HUMAN
[],MADD_HUMAN
[],S100Z_HUMAN
[],AGRV1_HUMAN
[],SYNE2_HUMAN
[],JPH3_HUMAN
[],ASB11_HUMAN
[],SOCS4_HUMAN
[],RB40A_HUMAN
[],CNKR2_HUMAN
[],ASB10_HUMAN
[],ACO11_HUMAN
[],MUC16_HUMAN
[],CLC4D_HUMAN
[],P66B_HUMAN
[],ASB15_HUMAN
[],ASB13_HUMAN
[],ASB12_HUMAN
[],MYO3B_HUMAN
[],BAALC_HUMAN
[],CCG8_HUMAN
[],ATS14_HUMAN
[],DAAF4_HUMAN
[],PIBF1_HUMAN
[],DYH7_HUMAN
[],DNJC9_HUMAN
[],AUTS2_HUMAN
[],CTR3_HUMAN
[],SORC1_HUMAN
[],BBX_HUMAN
[],NANO1_HUMAN
[],PPM1E_HUMAN
[],MYLIP_HUMAN
[],THAP4_HUMAN
[],TM234_HUMAN
[],IFT81_HUMAN
[],BMAL2_HUMAN
[],CTBL1_HUMAN
[],KAT6B_HUMAN
[],ING5_HUMAN
[],SEPT1_HUMAN
[],ACO12_HUMAN
[],JDP2_HUMAN
[],SSH1_HUMAN
[],ATG4A_HUMAN
[],RIN2_HUMAN
[],ELYS_HUMAN
[],CHC10_HUMAN
[],DGCR8_HUMAN
[],PI3R5_HUMAN
[],RSPH1_HUMAN
[],TOMT_HUMAN
[],BACD1_HUMAN
[],TITIN_HUMAN
[],BSND_HUMAN
[],TM190_HUMAN
[],RFFL_HUMAN
[],CTTB2_HUMAN
[],ROBO4_HUMAN
[],OVCA2_HUMAN
[],PMGT1_HUMAN
[],RPGF4_HUMAN
[],IRGQ_HUMAN
[],SIA8A_HUMAN
[],SIA8B_HUMAN
[],SIA8D_HUMAN
[],DDB2_HUMAN
[],CLC2B_HUMAN
[],AP2B_HUMAN
[],AQP3_HUMAN
[],ASM3A_HUMAN
[],ASM3B_HUMAN
[],FHR4_HUMAN
[],DDX1_HUMAN
[],STAR8_HUMAN
[],S14L1_HUMAN
[],S39A7_HUMAN
[],DHB8_HUMAN
[],PIEZ1_HUMAN
[],TRIB2_HUMAN
[],FAM3C_HUMAN
[],PIGB_HUMAN
[],H1X_HUMAN
[],CPT1B_HUMAN
[],TCPW_HUMAN
[],SHC3_HUMAN
[],PSMF1_HUMAN
[],PIGC_HUMAN
[],YLAT2_HUMAN
[],SUSD6_HUMAN
[],GBF1_HUMAN
[],LPIN2_HUMAN
[],SMG7_HUMAN
[],RTF1_HUMAN
[],NICA_HUMAN
[],SNX19_HUMAN
[],TM9S4_HUMAN
[],TM131_HUMAN
[],RGP1_HUMAN
[],TOPB1_HUMAN
[],IP6K1_HUMAN
[],RT27_HUMAN
[],ELMO1_HUMAN
[],WASF1_HUMAN
[],BAP1_HUMAN
[],FIG4_HUMAN
[],TICN2_HUMAN
[],DCNL4_HUMAN
[],RPGF5_HUMAN
[],F168A_HUMAN
[],P55G_HUMAN
[],NR4A3_HUMAN
[],AP3S1_HUMAN
[],TSC1_HUMAN
[],UBXN4_HUMAN
[],SL9A6_HUMAN
[],CCL17_HUMAN
[],MAML1_HUMAN
[],NDRG1_HUMAN
[],HS105_HUMAN
[],SEPT8_HUMAN
[],CNOT9_HUMAN
[],LGAT1_HUMAN
[],DOCK2_HUMAN
[],TBCD5_HUMAN
[],EDEM1_HUMAN
[],JADE3_HUMAN
[],MY18A_HUMAN
[],LAR4B_HUMAN
[],GCN1_HUMAN
[],ZN516_HUMAN
[],HMHA1_HUMAN
[],PRP16_HUMAN
[],NU205_HUMAN
[],RUBIC_HUMAN
[],APBP2_HUMAN
[],ANS1A_HUMAN
[],PXDN_HUMAN
[],SGCD_HUMAN
[],DYRK2_HUMAN
[],LPAR1_HUMAN
[],FAN_HUMAN
[],FCGRB_HUMAN
[],GPI8_HUMAN
[],RT31_HUMAN
[],AKAP1_HUMAN
[],SORL_HUMAN
[],CENPI_HUMAN
[],RSCA1_HUMAN
[],ALG3_HUMAN
[],NEUG_HUMAN
[],AN32B_HUMAN
[],NECT2_HUMAN
[],PGTA_HUMAN
[],RAD54_HUMAN
[],PTPRU_HUMAN
[],RND1_HUMAN
[],ESR2_HUMAN
[],PRCC_HUMAN
[],TFG_HUMAN
[],RYR2_HUMAN
[],RSLAA_HUMAN
[],US6NL_HUMAN
[],HTRA1_HUMAN
[],THRSP_HUMAN
[],TAF4B_HUMAN
[],TENR_HUMAN
[],RORB_HUMAN
[],AP2C_HUMAN
[],TF2H4_HUMAN
[],KRT35_HUMAN
[],SFRP3_HUMAN
[],RREB1_HUMAN
[],HDAC2_HUMAN
[],CDKL2_HUMAN
[],SYN2_HUMAN
[],RDH5_HUMAN
[],DPF1_HUMAN
[],STAM1_HUMAN
[],DPF3_HUMAN
[],REQU_HUMAN
[],PROX1_HUMAN
[],SC65_HUMAN
[],CBP_HUMAN
[],KAT6A_HUMAN
[],DLG3_HUMAN
[],SYMPK_HUMAN
[],EZH1_HUMAN
[],N42L2_HUMAN
[],RBP56_HUMAN
[],GOGA1_HUMAN
[],KCNJ9_HUMAN
[],IOD2_HUMAN
[],EVPL_HUMAN
[],HYAS2_HUMAN
[],GGH_HUMAN
[],NRCAM_HUMAN
[],PCSK5_HUMAN
[],HXB13_HUMAN
[],KAT2A_HUMAN
[],KAT2B_HUMAN
[],NELL1_HUMAN
[],JARD2_HUMAN
[],RPGR_HUMAN
[],SHIP1_HUMAN
[],FRAT1_HUMAN
[],EDA_HUMAN
[],HYAS1_HUMAN
[],DDX17_HUMAN
[],B2CL2_HUMAN
[],TANK_HUMAN
[],KIFA3_HUMAN
[],GHSR_HUMAN
[],CASPA_HUMAN
[],SEM4D_HUMAN
[],ATOH1_HUMAN
[],NEO1_HUMAN
[],APBB2_HUMAN
[],PMM1_HUMAN
[],DNSL2_HUMAN
[],KLK6_HUMAN
[],RAD50_HUMAN
[],CELF1_HUMAN
[],OSTF1_HUMAN
[],NGN1_HUMAN
[],MRP2_HUMAN
[],ARHG1_HUMAN
[],XPF_HUMAN
[],UFD1_HUMAN
[],GSLG1_HUMAN
[],RENT1_HUMAN
[],RL3L_HUMAN
[],HPS1_HUMAN
[],CDS1_HUMAN
[],DAZL_HUMAN
[],CSN5_HUMAN
[],GATA6_HUMAN
[],SC5A5_HUMAN
[],FGF13_HUMAN
[],FGF14_HUMAN
[],GPKOW_HUMAN
[],M4K1_HUMAN
[],SMRC1_HUMAN
[],SMRD2_HUMAN
[],RAB8B_HUMAN
[],PTPR2_HUMAN
[],BAD_HUMAN
[],EXTL1_HUMAN
[],FUBP2_HUMAN
[],GCDH_HUMAN
[],FOXJ1_HUMAN
[],KCNN1_HUMAN
[],KCNB2_HUMAN
[],PRG4_HUMAN
[],TNR14_HUMAN
[],SO2A1_HUMAN
[],RIT1_HUMAN
[],SNPC3_HUMAN
[],PEX13_HUMAN
[],TNPO1_HUMAN
[],ARHG2_HUMAN
[],NEP1_HUMAN
[],NINJ1_HUMAN
[],IRF7_HUMAN
[],DLX4_HUMAN
[],CLP1_HUMAN
[],GLMN_HUMAN
[],KAT5_HUMAN
[],TF3B_HUMAN
[],UBP13_HUMAN
[],DVL3_HUMAN
[],USP9X_HUMAN
[],UBP7_HUMAN
[],NAA80_HUMAN
[],IGSF2_HUMAN
[],CUL5_HUMAN
[],TNR25_HUMAN
[],STMN2_HUMAN
[],VPP1_HUMAN
[],LPP_HUMAN
[],RBPMS_HUMAN
[],EXT2_HUMAN
[],NAR4_HUMAN
[],MED12_HUMAN
[],H2A1C_HUMAN
[],H2B1H_HUMAN
[],AT2A3_HUMAN
[],P2RX5_HUMAN
[],BHMT1_HUMAN
[],RNAS6_HUMAN
[],TP4A1_HUMAN
[],WNT2B_HUMAN
[],WNT8B_HUMAN
[],HGD_HUMAN
[],KPBB_HUMAN
[],HMR1_HUMAN
[],TSLP_HUMAN
[],SCAM4_HUMAN
[],UCN3_HUMAN
[],TSR2_HUMAN
[],FATE1_HUMAN
[],TF3C6_HUMAN
[],NKD2_HUMAN
[],KISSR_HUMAN
[],HPS3_HUMAN
[],LHX4_HUMAN
[],SMCE1_HUMAN
[],CAVN3_HUMAN
[],RIFK_HUMAN
[],NKD1_HUMAN
[],FBXW7_HUMAN
[],CNKR1_HUMAN
[],POP5_HUMAN
[],MYDGF_HUMAN
[],S38A4_HUMAN
[],ZKSC4_HUMAN
[],BORC5_HUMAN
[],I22R2_HUMAN
[],RNF34_HUMAN
[],ABTB1_HUMAN
[],TMM54_HUMAN
[],MAL2_HUMAN
[],LSM10_HUMAN
[],YIPF5_HUMAN
[],UBE2F_HUMAN
[],PIGT_HUMAN
[],IGSF8_HUMAN
[],FBX32_HUMAN
[],TOP1M_HUMAN
[],TRI63_HUMAN
[],RAB24_HUMAN
[],P2R3C_HUMAN
[],OSBP2_HUMAN
[],LMBL2_HUMAN
[],ITFG2_HUMAN
[],S35B4_HUMAN
[],NEIL2_HUMAN
[],ZN622_HUMAN
[],TM203_HUMAN
[],HDA10_HUMAN
[],RRF2M_HUMAN
[],UB2E3_HUMAN
[],5NT3B_HUMAN
[],WBP2_HUMAN
[],FBXW5_HUMAN
[],PSMG2_HUMAN
[],NCLN_HUMAN
[],TEKT1_HUMAN
[],MUL1_HUMAN
[],MRTFA_HUMAN
[],SPTSA_HUMAN
[],ZDH16_HUMAN
[],PMEPA_HUMAN
[],RIPL2_HUMAN
[],LFG3_HUMAN
[],SIA7F_HUMAN
[],ERGI1_HUMAN
[],UTP4_HUMAN
[],GTPB3_HUMAN
[],FAKD4_HUMAN
[],MARC2_HUMAN
[],TR19L_HUMAN
[],H2B1A_HUMAN
[],TET5B_HUMAN
[],G3ST3_HUMAN
[],T106A_HUMAN
[],F162A_HUMAN
[],FUCT1_HUMAN
[],MYL11_HUMAN
[],CCD47_HUMAN
[],RN166_HUMAN
[],SPSB4_HUMAN
[],SYAP1_HUMAN
[],PAQR1_HUMAN
[],T53I1_HUMAN
[],TM230_HUMAN
[],RERG_HUMAN
[],MALD3_HUMAN
[],TRI52_HUMAN
[],EXOC4_HUMAN
[],AZIN2_HUMAN
[],MGN2_HUMAN
[],COQA1_HUMAN
[],EMID1_HUMAN
[],RFT1_HUMAN
[],JKIP2_HUMAN
[],NTAN1_HUMAN
[],FERM2_HUMAN
[],PLPL2_HUMAN
[],FUBP1_HUMAN
[],TTC17_HUMAN
[],S2546_HUMAN
[],LRC59_HUMAN
[],SOSB2_HUMAN
[],RAB7B_HUMAN
[],CLUA1_HUMAN
[],VTI1A_HUMAN
[],ABC3D_HUMAN
[],TM143_HUMAN
[],ACD_HUMAN
[],ZUP1_HUMAN
[],ESAM_HUMAN
[],PBIP1_HUMAN
[],CIDEC_HUMAN
[],MCUR1_HUMAN
[],RPE_HUMAN
[],E2F7_HUMAN
[],VOPP1_HUMAN
[],VP33A_HUMAN
[],RAB37_HUMAN
[],MIB2_HUMAN
[],EME1_HUMAN
[],FKB10_HUMAN
[],TTC28_HUMAN
[],EFMT3_HUMAN
[],ISG20_HUMAN
[],R51A1_HUMAN
[],UBE2W_HUMAN
[],DACT3_HUMAN
[],TM45B_HUMAN
[],ARK2N_HUMAN
[],EXOS8_HUMAN
[],AKTS1_HUMAN
[],TMM18_HUMAN
[],TOM6_HUMAN
[],ARRD3_HUMAN
[],RGMA_HUMAN
[],LDAF1_HUMAN
[],SH3K1_HUMAN
[],CR3L1_HUMAN
[],SO4A1_HUMAN
[],PF21A_HUMAN
[],SPSB1_HUMAN
[],SKA1_HUMAN
[],TMIG2_HUMAN
[],NACC2_HUMAN
[],RNF25_HUMAN
[],S67A1_HUMAN
[],APH1A_HUMAN
[],AIDA_HUMAN
[],PINX1_HUMAN
[],ANKR9_HUMAN
[],ARL8A_HUMAN
[],TADA1_HUMAN
[],OTUL_HUMAN
[],CHCH1_HUMAN
[],PPWD1_HUMAN
[],SGK3_HUMAN
[],COA7_HUMAN
[],ZN669_HUMAN
[],ZBT8A_HUMAN
[],CHP3_HUMAN
[],CENPT_HUMAN
[],ALKB8_HUMAN
[],UPP_HUMAN
[],PTER_HUMAN
[],TAM41_HUMAN
[],MOAP1_HUMAN
[],DOC10_HUMAN
[],ATG2B_HUMAN
[],SARAF_HUMAN
[],PLD4_HUMAN
[],LENG1_HUMAN
[],TBC20_HUMAN
[],ZBTB9_HUMAN
[],MID49_HUMAN
[],DHX58_HUMAN
[],FGGY_HUMAN
[],ARMC5_HUMAN
[],GALM_HUMAN
[],SYTL4_HUMAN
[],P5CR2_HUMAN
[],ULK4_HUMAN
[],ZN524_HUMAN
[],ROP1L_HUMAN
[],DCPS_HUMAN
[],ENTR1_HUMAN
[],BIRC7_HUMAN
[],INT12_HUMAN
[],NSUN4_HUMAN
[],RHDF1_HUMAN
[],COAC_HUMAN
[],T4S18_HUMAN
[],CHM4C_HUMAN
[],TIFA_HUMAN
[],CTHR1_HUMAN
[],EAF2_HUMAN
[],ZN653_HUMAN
[],RUSD4_HUMAN
[],ACSF2_HUMAN
[],EVI5L_HUMAN
[],LRC45_HUMAN
[],GCC1_HUMAN
[],ASTRA_HUMAN
[],TLCD1_HUMAN
[],S2536_HUMAN
[],HAUS1_HUMAN
[],FAF2_HUMAN
[],PKHB2_HUMAN
[],CC124_HUMAN
[],FXRD1_HUMAN
[],OPTN_HUMAN
[],AP2M1_HUMAN
[],GCP3_HUMAN
[],NTNG2_HUMAN
[],DDT4L_HUMAN
[],F241B_HUMAN
[],GASP2_HUMAN
[],RCN3_HUMAN
[],RHES_HUMAN
[],ORAI1_HUMAN
[],HAVR1_HUMAN
[],NMD3_HUMAN
[],COQ8B_HUMAN
[],RN183_HUMAN
[],REPS1_HUMAN
[],HVCN1_HUMAN
[],EID2B_HUMAN
[],PAUF_HUMAN
[],RB39B_HUMAN
[],TIM14_HUMAN
[],HDA11_HUMAN
[],RMD1_HUMAN
[],FXYD5_HUMAN
[],OTUB2_HUMAN
[],NUD16_HUMAN
[],APC16_HUMAN
[],ESS2_HUMAN
[],CMBL_HUMAN
[],MSI2H_HUMAN
[],SNR40_HUMAN
[],RMC1_HUMAN
[],ERP27_HUMAN
[],VWCE_HUMAN
[],TBC31_HUMAN
[],MBD6_HUMAN
[],FMT_HUMAN
[],STAR4_HUMAN
[],BPIA2_HUMAN
[],ARHGQ_HUMAN
[],MUCL1_HUMAN
[],DYH11_HUMAN
[],ATG4C_HUMAN
[],ZBT10_HUMAN
[],SLAF6_HUMAN
[],IP3KC_HUMAN
[],RM38_HUMAN
[],S2538_HUMAN
[],ASB9_HUMAN
[],TRI44_HUMAN
[],RTP4_HUMAN
[],ERLEC_HUMAN
[],CLIP3_HUMAN
[],T4S19_HUMAN
[],CKLF5_HUMAN
[],PBIR1_HUMAN
[],RRFM_HUMAN
[],RMI2_HUMAN
[],RAB3C_HUMAN
[],NGBR_HUMAN
[],MTEF3_HUMAN
[],ZMY19_HUMAN
[],SACA9_HUMAN
[],OMA1_HUMAN
[],KLRG1_HUMAN
[],SPDLY_HUMAN
[],ELP4_HUMAN
[],SIR1_HUMAN
[],YIPF6_HUMAN
[],HOOK2_HUMAN
[],SEH1_HUMAN
[],MTMR8_HUMAN
[],FBX17_HUMAN
[],ARSG_HUMAN
[],ZN837_HUMAN
[],MASU1_HUMAN
[],NEUL3_HUMAN
[],THA11_HUMAN
[],KBP_HUMAN
[],GNA1_HUMAN
[],INKA1_HUMAN
[],RM53_HUMAN
[],T3HPD_HUMAN
[],MOCOS_HUMAN
[],RNF31_HUMAN
[],CHFR_HUMAN
[],DAZP1_HUMAN
[],NTCP4_HUMAN
[],SGTB_HUMAN
[],RN125_HUMAN
[],MITOK_HUMAN
[],SGF29_HUMAN
[],RRP36_HUMAN
[],C1GLC_HUMAN
[],RBM33_HUMAN
[],DTBP1_HUMAN
[],HBAP1_HUMAN
[],RNFT2_HUMAN
[],DC2I2_HUMAN
[],DNJA3_HUMAN
[],TMA16_HUMAN
[],MB12A_HUMAN
[],PTCD3_HUMAN
[],MMAB_HUMAN
[],MCRS1_HUMAN
[],CK024_HUMAN
[],CYFP2_HUMAN
[],SAT2_HUMAN
[],GIMA5_HUMAN
[],NRBF2_HUMAN
[],ALG14_HUMAN
[],TRI11_HUMAN
[],ZN503_HUMAN
[],I17RA_HUMAN
[],DISP1_HUMAN
[],CNRP1_HUMAN
[],EDC3_HUMAN
[],PELI1_HUMAN
[],DDX11_HUMAN
[],LIGO1_HUMAN
[],P3IP1_HUMAN
[],CDCA5_HUMAN
[],ELMD3_HUMAN
[],BORC8_HUMAN
[],NEIL1_HUMAN
[],STALP_HUMAN
[],DYL2_HUMAN
[],S47A1_HUMAN
[],GLT14_HUMAN
[],PGAP3_HUMAN
[],CPNE2_HUMAN
[],S10AG_HUMAN
[],SIPA1_HUMAN
[],ASIC4_HUMAN
[],IFT43_HUMAN
[],TSN17_HUMAN
[],THOC1_HUMAN
[],OTUB1_HUMAN
[],DPH3_HUMAN
[],TRM61_HUMAN
[],PERP_HUMAN
[],HMCES_HUMAN
[],CKLF7_HUMAN
[],CHMP6_HUMAN
[],BICD1_HUMAN
[],PGM2_HUMAN
[],EF2KT_HUMAN
[],IMP4_HUMAN
[],CERS2_HUMAN
[],MED8_HUMAN
[],CFA36_HUMAN
[],MRAP2_HUMAN
[],KLD7B_HUMAN
[],DUS3L_HUMAN
[],NUD11_HUMAN
[],OTUD5_HUMAN
[],RMD5B_HUMAN
[],S35A4_HUMAN
[],P2Y11_HUMAN
[],BSCL2_HUMAN
[],LTV1_HUMAN
[],SDSL_HUMAN
[],ZN274_HUMAN
[],VMP1_HUMAN
[],PLPP_HUMAN
[],SCMH1_HUMAN
[],AURKB_HUMAN
[],CEP95_HUMAN
[],CALL4_HUMAN
[],RN185_HUMAN
[],DCNL1_HUMAN
[],TRM2B_HUMAN
[],F163A_HUMAN
[],PLPR2_HUMAN
[],SMRD1_HUMAN
[],TOE1_HUMAN
[],CDA7L_HUMAN
[],SREC2_HUMAN
[],RUSF1_HUMAN
[],DDX27_HUMAN
[],ACBG1_HUMAN
[],ZDH12_HUMAN
[],BORC6_HUMAN
[],AB17A_HUMAN
[],MACIR_HUMAN
[],PGCB_HUMAN
[],SYMM_HUMAN
[],TECT2_HUMAN
[],GWL_HUMAN
[],MTNB_HUMAN
[],LIN37_HUMAN
[],S41A3_HUMAN
[],TIMD4_HUMAN
[],SNF8_HUMAN
[],CENPN_HUMAN
[],MYO19_HUMAN
[],S39AD_HUMAN
[],ZN764_HUMAN
[],COQ2_HUMAN
[],P121A_HUMAN
[],TONSL_HUMAN
[],NTAQ1_HUMAN
[],PX11C_HUMAN
[],CC120_HUMAN
[],PDLI5_HUMAN
[],CREL1_HUMAN
[],ACY3_HUMAN
[],ERO1A_HUMAN
[],TMM80_HUMAN
[],SFRP2_HUMAN
[],TMM19_HUMAN
[],GRM2B_HUMAN
[],SENP5_HUMAN
[],CCD34_HUMAN
[],MS4A3_HUMAN
[],SAHH3_HUMAN
[],DOCK6_HUMAN
[],T176A_HUMAN
[],MED30_HUMAN
[],NAF1_HUMAN
[],REEP6_HUMAN
[],PGAM5_HUMAN
[],MR1L1_HUMAN
[],SGSM3_HUMAN
[],DIRA2_HUMAN
[],INT4_HUMAN
[],DDRGK_HUMAN
[],DHTK1_HUMAN
[],HES6_HUMAN
[],ABHD8_HUMAN
[],SCLY_HUMAN
[],PREY_HUMAN
[],FUBP3_HUMAN
[],SPF45_HUMAN
[],PP16A_HUMAN
[],RCC1L_HUMAN
[],SYNM_HUMAN
[],GPTC3_HUMAN
[],SUCB2_HUMAN
[],AJUBA_HUMAN
[],LRCH3_HUMAN
[],GMPPA_HUMAN
[],BOD1_HUMAN
[],GMCL1_HUMAN
[],COA8_HUMAN
[],TET5A_HUMAN
[],ZN414_HUMAN
[],HPDL_HUMAN
[],RAX2_HUMAN
[],ZN496_HUMAN
[],ZBED3_HUMAN
[],ABHEB_HUMAN
[],NGLY1_HUMAN
[],FXDC2_HUMAN
[],SC22A_HUMAN
[],ATPMK_HUMAN
[],NSL1_HUMAN
[],CBPB2_HUMAN
[],PAWR_HUMAN
[],ADTRP_HUMAN
[],RBM41_HUMAN
[],MET2A_HUMAN
[],RSRC1_HUMAN
[],THOC3_HUMAN
[],ITCH_HUMAN
[],TXD15_HUMAN
[],MRP9_HUMAN
[],MRP8_HUMAN
[],KIRR1_HUMAN
[],CELF6_HUMAN
[],WNK4_HUMAN
[],PIWL1_HUMAN
[],LRIG1_HUMAN
[],PKHA8_HUMAN
[],DYH8_HUMAN
[],COG3_HUMAN
[],HIC2_HUMAN
[],CK5P3_HUMAN
[],LOXL4_HUMAN
[],MPP4_HUMAN
[],VPS39_HUMAN
[],EAF1_HUMAN
[],AKCL2_HUMAN
[],SC16B_HUMAN
[],MAP6_HUMAN
[],SIAT2_HUMAN
[],VPS50_HUMAN
[],MAGD4_HUMAN
[],ZN469_HUMAN
[],VCIP1_HUMAN
[],RADIL_HUMAN
[],SPTCS_HUMAN
[],ELMO2_HUMAN
[],JPH4_HUMAN
[],TMX3_HUMAN
[],DCAF5_HUMAN
[],MAML3_HUMAN
[],ZN333_HUMAN
[],ZN462_HUMAN
[],CHAP1_HUMAN
[],LMBL3_HUMAN
[],LCOR_HUMAN
[],CC136_HUMAN
[],NEUL4_HUMAN
[],FEM1C_HUMAN
[],MY15B_HUMAN
[],ZFP91_HUMAN
[],CDHR1_HUMAN
[],PCD16_HUMAN
[],M4A4A_HUMAN
[],PGBD1_HUMAN
[],S41A2_HUMAN
[],SRAC1_HUMAN
[],MAEL_HUMAN
[],PDLI2_HUMAN
[],HSH2D_HUMAN
[],FACR2_HUMAN
[],RN170_HUMAN
[],ANCHR_HUMAN
[],RITA1_HUMAN
[],ZN668_HUMAN
[],UBP47_HUMAN
[],AGRG7_HUMAN
[],ZC3HA_HUMAN
[],ZN521_HUMAN
[],CLP1L_HUMAN
[],TOPK_HUMAN
[],DNJC1_HUMAN
[],MEG10_HUMAN
[],SCYL1_HUMAN
[],COX42_HUMAN
[],KCNS1_HUMAN
[],O10C1_HUMAN
[],H2A1H_HUMAN
[],Z512B_HUMAN
[],CNDP1_HUMAN
[],PKNX2_HUMAN
[],LRAT1_HUMAN
[],RPGR1_HUMAN
[],PLAT5_HUMAN
[],EXOC2_HUMAN
[],CNDP2_HUMAN
[],TNIP3_HUMAN
[],ASPP1_HUMAN
[],EHMT2_HUMAN
[],LMLN_HUMAN
[],F210B_HUMAN
[],PHAR3_HUMAN
[],EGLN2_HUMAN
[],WDR90_HUMAN
[],SUSD3_HUMAN
[],CALR3_HUMAN
[],RL10L_HUMAN
[],RHOV_HUMAN
[],MARK4_HUMAN
[],KCNH8_HUMAN
[],CPNS2_HUMAN
[],LLR1_HUMAN
[],B3GT6_HUMAN
[],NSD1_HUMAN
[],EP400_HUMAN
[],SNX27_HUMAN
[],KI16B_HUMAN
[],ALPK3_HUMAN
[],FCRL2_HUMAN
[],FCRL1_HUMAN
[],ANM6_HUMAN
[],MRGX2_HUMAN
[],MRGX1_HUMAN
[],IFT74_HUMAN
[],VATG3_HUMAN
[],PGRP4_HUMAN
[],PGRP3_HUMAN
[],SIG10_HUMAN
[],BMF_HUMAN
[],TRI47_HUMAN
[],SENP8_HUMAN
[],CNO6L_HUMAN
[],HSFY1_HUMAN
[],DHRS1_HUMAN
[],UBX10_HUMAN
[],CEP19_HUMAN
[],CH048_HUMAN
[],DJC30_HUMAN
[],SMIP2_HUMAN
[],SMIP9_HUMAN
[],LURA1_HUMAN
[],UB2E2_HUMAN
[],APLD1_HUMAN
[],SAMD8_HUMAN
[],CI072_HUMAN
[],RNPC3_HUMAN
[],PRIPO_HUMAN
[],CAR19_HUMAN
[],CCD17_HUMAN
[],ZN597_HUMAN
[],CANB2_HUMAN
[],RMD2_HUMAN
[],CJ090_HUMAN
[],HYLS1_HUMAN
[],PRRC1_HUMAN
[],TEKT5_HUMAN
[],KAD7_HUMAN
[],MAGBI_HUMAN
[],ODAD1_HUMAN
[],DNHD1_HUMAN
[],CFA53_HUMAN
[],KLH15_HUMAN
[],FGD4_HUMAN
[],PACRG_HUMAN
[],KAD8_HUMAN
[],HARB1_HUMAN
[],DRC1_HUMAN
[],KICS2_HUMAN
[],STAC3_HUMAN
[],NSE2_HUMAN
[],JSPR1_HUMAN
[],NSE3_HUMAN
[],PCMD1_HUMAN
[],HEXI2_HUMAN
[],DIESL_HUMAN
[],CBPC4_HUMAN
[],FA20A_HUMAN
[],ZFP42_HUMAN
[],H6ST2_HUMAN
[],NALP4_HUMAN
[],ZN488_HUMAN
[],KCTD7_HUMAN
[],CFA57_HUMAN
[],ROBO3_HUMAN
[],PRIC1_HUMAN
[],CFA44_HUMAN
[],CEP63_HUMAN
[],YTDC1_HUMAN
[],KREM1_HUMAN
[],TLCD4_HUMAN
[],ZDH15_HUMAN
[],COG8_HUMAN
[],CKLF3_HUMAN
[],ZNF48_HUMAN
[],F161B_HUMAN
[],INT15_HUMAN
[],JKIP1_HUMAN
[],G137A_HUMAN
[],AP4AT_HUMAN
[],ZN578_HUMAN
[],PWP2A_HUMAN
[],MBOA7_HUMAN
[],DOCK7_HUMAN
[],HUTU_HUMAN
[],ZN641_HUMAN
[],S6A18_HUMAN
[],ZN396_HUMAN
[],SPT13_HUMAN
[],RILP_HUMAN
[],CEP20_HUMAN
[],SFXN2_HUMAN
[],ZN830_HUMAN
[],ZMAT2_HUMAN
[],FRMD6_HUMAN
[],ODAD4_HUMAN
[],ZN558_HUMAN
[],BROMI_HUMAN
[],LRFN5_HUMAN
[],SCLT1_HUMAN
[],CF418_HUMAN
[],TOX2_HUMAN
[],AIFM3_HUMAN
[],PTHD1_HUMAN
[],RDH12_HUMAN
[],VMA22_HUMAN
[],GUCD1_HUMAN
[],PCFT_HUMAN
[],SAM11_HUMAN
[],ANR27_HUMAN
[],LRRC7_HUMAN
[],KCC1G_HUMAN
[],CLIC6_HUMAN
[],NECT4_HUMAN
[],MUS81_HUMAN
[],FOXN4_HUMAN
[],WFKN1_HUMAN
[],PRAP1_HUMAN
[],BIRC8_HUMAN
[],NSUN5_HUMAN
[],SPB11_HUMAN
[],RPR1A_HUMAN
[],NLRP3_HUMAN
[],5NT1B_HUMAN
[],FCRL3_HUMAN
[],COLA1_HUMAN
[],AGAP3_HUMAN
[],ARAP1_HUMAN
[],WDFY2_HUMAN
[],CTSR2_HUMAN
[],SPB12_HUMAN
[],QRFPR_HUMAN
[],GP101_HUMAN
[],OXGR1_HUMAN
[],IPO9_HUMAN
[],NECA3_HUMAN
[],CASD1_HUMAN
[],NOE3_HUMAN
[],IP6K3_HUMAN
[],AP1S3_HUMAN
[],MIA2_HUMAN
[],DCBD2_HUMAN
[],IL17F_HUMAN
[],PGRP2_HUMAN
[],MOGT1_HUMAN
[],DGAT2_HUMAN
[],AGRA2_HUMAN
[],ARHGH_HUMAN
[],INP4A_HUMAN
[],MCEE_HUMAN
[],TGM7_HUMAN
[],TSSK2_HUMAN
[],BBC3B_HUMAN
[],NOX5_HUMAN
[],DB118_HUMAN
[],FCRL4_HUMAN
[],RBM14_HUMAN
[],ERMAP_HUMAN
[],ZN363_HUMAN
[],Z385A_HUMAN
[],ADCYA_HUMAN
[],TREF1_HUMAN
[],TSSK3_HUMAN
[],GBP5_HUMAN
[],GBP4_HUMAN
[],SORC2_HUMAN
[],SIG12_HUMAN
[],ZN317_HUMAN
[],KLHL5_HUMAN
[],KCNC2_HUMAN
[],AQP10_HUMAN
[],UHRF2_HUMAN
[],NED4L_HUMAN
[],QKI_HUMAN
[],SYGP1_HUMAN
[],PNMA5_HUMAN
[],LENG8_HUMAN
[],F193B_HUMAN
[],RN157_HUMAN
[],SLIK1_HUMAN
[],PKH4B_HUMAN
[],FMNL2_HUMAN
[],NEK1_HUMAN
[],PUS7_HUMAN
[],F111A_HUMAN
[],CSMD1_HUMAN
[],LMTK3_HUMAN
[],TPPC9_HUMAN
[],PLIN4_HUMAN
[],BTBD9_HUMAN
[],TRNT1_HUMAN
[],SMG1_HUMAN
[],ASB2_HUMAN
[],FACC1_HUMAN
[],CDK15_HUMAN
[],ALS2_HUMAN
[],TM237_HUMAN
[],CIB3_HUMAN
[],DERL3_HUMAN
[],ALKB3_HUMAN
[],KI20B_HUMAN
[],B3A4_HUMAN
[],GSDMA_HUMAN
[],RHG07_HUMAN
[],PP1RA_HUMAN
[],S38A2_HUMAN
[],UIF_HUMAN
[],MYCT_HUMAN
[],ATAD5_HUMAN
[],TEFM_HUMAN
[],RAB3I_HUMAN
[],GCNA_HUMAN
[],MTMR9_HUMAN
[],PRAM_HUMAN
[],HS3S6_HUMAN
[],VPS35_HUMAN
[],ALPK1_HUMAN
[],PURB_HUMAN
[],ARX_HUMAN
[],PSKH2_HUMAN
[],TRPM7_HUMAN
[],PHF12_HUMAN
[],PCD15_HUMAN
[],1A1L1_HUMAN
[],XPO6_HUMAN
[],HHIP_HUMAN
[],H2A1A_HUMAN
[],MAGI1_HUMAN
[],SPAG5_HUMAN
[],PANX2_HUMAN
[],PANX1_HUMAN
[],FCRL5_HUMAN
[],NACC1_HUMAN
[],ZN300_HUMAN
[],SNX18_HUMAN
[],PASK_HUMAN
[],PAR4_HUMAN
[],NR1H4_HUMAN
[],TAAR6_HUMAN
[],TAAR1_HUMAN
[],TR13C_HUMAN
[],FER3L_HUMAN
[],CIC_HUMAN
[],BBS4_HUMAN
[],UIMC1_HUMAN
[],SIG11_HUMAN
[],VP13A_HUMAN
[],S26A8_HUMAN
[],MED15_HUMAN
[],UCN2_HUMAN
[],G3ST4_HUMAN
[],EFGM_HUMAN
[],ERGI2_HUMAN
[],MCCA_HUMAN
[],OXLA_HUMAN
[],PEO1_HUMAN
[],KKCC2_HUMAN
[],TGS1_HUMAN
[],NUDC1_HUMAN
[],ERBIN_HUMAN
[],GCP6_HUMAN
[],GCP5_HUMAN
[],UBP28_HUMAN
[],FNBP1_HUMAN
[],TRIB3_HUMAN
[],TRIB1_HUMAN
[],HMCN1_HUMAN
[],IF140_HUMAN
[],LMF1_HUMAN
[],WDR24_HUMAN
[],JMJD8_HUMAN
[],RB40C_HUMAN
[],S22AC_HUMAN
[],KS6C1_HUMAN
[],NODAL_HUMAN
[],PRPK_HUMAN
[],PIGS_HUMAN
[],TESK2_HUMAN
[],WRIP1_HUMAN
[],RANB9_HUMAN
[],CSRN1_HUMAN
[],CLCC1_HUMAN
[],UBL7_HUMAN
[],CCNL2_HUMAN
[],MYADM_HUMAN
[],PKHF1_HUMAN
[],SERC2_HUMAN
[],NEB2_HUMAN
[],SRPK1_HUMAN
[],SMC6_HUMAN
[],DCR1C_HUMAN
[],TBX15_HUMAN
[],KCD15_HUMAN
[],STRBP_HUMAN
[],DIRC2_HUMAN
[],GPX7_HUMAN
[],ORAI2_HUMAN
[],CK5P2_HUMAN
[],ZN587_HUMAN
[],ATOH8_HUMAN
[],CP2S1_HUMAN
[],IWS1_HUMAN
[],SIN3A_HUMAN
[],CEP89_HUMAN
[],OSBL9_HUMAN
[],CRBN_HUMAN
[],INT14_HUMAN
[],ZSC10_HUMAN
[],AEDO_HUMAN
[],CK5P1_HUMAN
[],MA7D2_HUMAN
[],SEBP2_HUMAN
[],RSF1_HUMAN
[],RBM15_HUMAN
[],PP16B_HUMAN
[],RUFY1_HUMAN
[],IMP2L_HUMAN
[],MBOA4_HUMAN
[],KCNKH_HUMAN
[],KCNKG_HUMAN
[],MINT_HUMAN
[],PNKP_HUMAN
[],NMNA3_HUMAN
[],SETB2_HUMAN
[],MMS19_HUMAN
[],SL9A7_HUMAN
[],UHRF1_HUMAN
[],GPHA2_HUMAN
[],NIBA2_HUMAN
[],YMEL1_HUMAN
[],RMD3_HUMAN
[],CSF3R_HUMAN
[],HBEGF_HUMAN
[],HTF4_HUMAN
[],MUC4_HUMAN
[],AMELX_HUMAN
[],SCN2A_HUMAN
[],DCE1_HUMAN
[],MYCBP_HUMAN
[],CYH2_HUMAN
[],ACOX2_HUMAN
[],TBCB_HUMAN
[],NELL2_HUMAN
[],PSB7_HUMAN
[],VATO_HUMAN
[],CNN2_HUMAN
[],PCY2_HUMAN
[],PHX2B_HUMAN
[],K1C12_HUMAN
[],CDC5L_HUMAN
[],PSMD1_HUMAN
[],NOTC4_HUMAN
[],CD180_HUMAN
[],STAC_HUMAN
[],PFD5_HUMAN
[],PAFA2_HUMAN
[],OXDD_HUMAN
[],AGAP2_HUMAN
[],RING2_HUMAN
[],PARK7_HUMAN
[],S1PR3_HUMAN
[],GA2L1_HUMAN
[],EYA1_HUMAN
[],EYA3_HUMAN
[],FMO2_HUMAN
[],NEUR1_HUMAN
[],SORT_HUMAN
[],GPER1_HUMAN
[],VAT1_HUMAN
[],LGMN_HUMAN
[],PLIN2_HUMAN
[],MMP19_HUMAN
[],DNJC2_HUMAN
[],MPH6_HUMAN
[],MPP8_HUMAN
[],MPP9_HUMAN
[],MTEF1_HUMAN
[],M3K14_HUMAN
[],NUP88_HUMAN
[],PKP4_HUMAN
[],PI3R4_HUMAN
[],P2RX4_HUMAN
[],P2RX7_HUMAN
[],NEUS_HUMAN
[],POP1_HUMAN
[],T22D3_HUMAN
[],RIT2_HUMAN
[],FEV_HUMAN
[],MNT_HUMAN
[],S10AD_HUMAN
[],SCAFB_HUMAN
[],ZBT18_HUMAN
[],TBX5_HUMAN
[],TEAD3_HUMAN
[],TI17A_HUMAN
[],TSNAX_HUMAN
[],ELF4_HUMAN
[],NECD_HUMAN
[],SPS2_HUMAN
[],KLF6_HUMAN
[],EIF3C_HUMAN
[],DNJC7_HUMAN
[],CCL13_HUMAN
[],SPSB2_HUMAN
[],C10_HUMAN
[],PHB2_HUMAN
[],S38A3_HUMAN
[],CDX2_HUMAN
[],CSN8_HUMAN
[],PRP18_HUMAN
[],RAD9A_HUMAN
[],PMYT1_HUMAN
[],C560_HUMAN
[],EPYC_HUMAN
[],OSMR_HUMAN
[],CHP1_HUMAN
[],KIF2C_HUMAN
[],I12R2_HUMAN
[],CGRE1_HUMAN
[],CGRF1_HUMAN
[],LPAR4_HUMAN
[],M3K5_HUMAN
[],GFI1_HUMAN
[],MGLL_HUMAN
[],MEIS3_HUMAN
[],FEZ1_HUMAN
[],PITX2_HUMAN
[],LYST_HUMAN
[],ATX2_HUMAN
[],DOK1_HUMAN
[],MCHR1_HUMAN
[],KI2L4_HUMAN
[],METH_HUMAN
[],CTIP_HUMAN
[],KCJ15_HUMAN
[],HCD2_HUMAN
[],COCA1_HUMAN
[],SMAD5_HUMAN
[],SEPT5_HUMAN
[],SGMR1_HUMAN
[],ZNT3_HUMAN
[],BARD1_HUMAN
[],ROAA_HUMAN
[],CCL19_HUMAN
[],LITAF_HUMAN
[],NP1L4_HUMAN
[],MGST2_HUMAN
[],CDC6_HUMAN
[],NPAS2_HUMAN
[],SNAG_HUMAN
[],NRTN_HUMAN
[],MDFI_HUMAN
[],PI51A_HUMAN
[],THIOM_HUMAN
[],ABCA3_HUMAN
[],M3K3_HUMAN
[],ATP5S_HUMAN
[],APBA2_HUMAN
[],NOE1_HUMAN
[],CML1_HUMAN
[],GPA33_HUMAN
[],MIPEP_HUMAN
[],ACON_HUMAN
[],NKX31_HUMAN
[],COQ7_HUMAN
[],S29A1_HUMAN
[],EPAS1_HUMAN
[],TS101_HUMAN
[],CIB1_HUMAN
[],CPNE1_HUMAN
[],TCPH_HUMAN
[],SMO_HUMAN
[],MYD88_HUMAN
[],EBP2_HUMAN
[],FOXB1_HUMAN
[],ARI3A_HUMAN
[],HAUS7_HUMAN
[],ANM1_HUMAN
[],H2B1N_HUMAN
[],H2A1J_HUMAN
[],H2B1M_HUMAN
[],H2B1L_HUMAN
[],SC6A7_HUMAN
[],CTRC_HUMAN
[],SSX3_HUMAN
[],GBRG3_HUMAN
[],ASCL2_HUMAN
[],SPAG8_HUMAN
[],BAG1_HUMAN
[],PROL1_HUMAN
[],ATF6B_HUMAN
[],RNF5_HUMAN
[],PLCA_HUMAN
[],EGFL8_HUMAN
[],PRRT1_HUMAN
[],PTN18_HUMAN
[],DUS9_HUMAN
[],FOXC2_HUMAN
[],PKP2_HUMAN
[],SH3G1_HUMAN
[],SH3G2_HUMAN
[],SH3G3_HUMAN
[],ADAM2_HUMAN
[],CITE1_HUMAN
[],CITE2_HUMAN
[],RARR2_HUMAN
[],MYOC_HUMAN
[],TEP1_HUMAN
[],OMD_HUMAN
[],SEM3C_HUMAN
[],VRK1_HUMAN
[],GDF15_HUMAN
[],VGLL1_HUMAN
[],AKAP9_HUMAN
[],G3ST1_HUMAN
[],DPYL5_HUMAN
[],B9D2_HUMAN
[],P2Y13_HUMAN
[],NIPS1_HUMAN
[],DHRS9_HUMAN
[],DHB14_HUMAN
[],CND3_HUMAN
[],MICU1_HUMAN
[],HOP_HUMAN
[],SPI2B_HUMAN
[],PAIP2_HUMAN
[],SIN1_HUMAN
[],RBM4B_HUMAN
[],SOSB1_HUMAN
[],TICN3_HUMAN
[],ZFY21_HUMAN
[],KCNS3_HUMAN
[],DDX50_HUMAN
[],TREX2_HUMAN
[],PD1L2_HUMAN
[],RNZ2_HUMAN
[],TRIR_HUMAN
[],USB1_HUMAN
[],KR412_HUMAN
[],GRWD1_HUMAN
[],MACD1_HUMAN
[],TCF25_HUMAN
[],SLX1_HUMAN
[],TBL1Y_HUMAN
[],F110A_HUMAN
[],KLDC3_HUMAN
[],ECSIT_HUMAN
[],MEP50_HUMAN
[],HINFP_HUMAN
[],CYBC1_HUMAN
[],SOST_HUMAN
[],VKOR1_HUMAN
[],DPH2_HUMAN
[],KXDL1_HUMAN
[],ANKMT_HUMAN
[],TBA1C_HUMAN
[],SELS_HUMAN
[],APOL2_HUMAN
[],BCL7B_HUMAN
[],SENP7_HUMAN
[],MBB1A_HUMAN
[],SYT3_HUMAN
[],NUD12_HUMAN
[],AIF1L_HUMAN
[],E2AK1_HUMAN
[],CCDC3_HUMAN
[],SGIP1_HUMAN
[],SLF1_HUMAN
[],TMM47_HUMAN
[],LPIN3_HUMAN
[],FERM1_HUMAN
[],MGME1_HUMAN
[],GORS1_HUMAN
[],SYT15_HUMAN
[],HEPH_HUMAN
[],FYCO1_HUMAN
[],ODC_HUMAN
[],CSTN3_HUMAN
[],COE4_HUMAN
[],RHXF2_HUMAN
[],DBND2_HUMAN
[],ST4A1_HUMAN
[],JPH2_HUMAN
[],ACBD6_HUMAN
[],COR1B_HUMAN
[],NAA38_HUMAN
[],TXD17_HUMAN
[],PIGQ_HUMAN
[],PLCD4_HUMAN
[],BUD13_HUMAN
[],CPPED_HUMAN
[],VPS25_HUMAN
[],SH23A_HUMAN
[],ZNT2_HUMAN
[],RM45_HUMAN
[],TIRR_HUMAN
[],MESP1_HUMAN
[],REEP2_HUMAN
[],MXRA8_HUMAN
[],LZTS2_HUMAN
[],CAB45_HUMAN
[],SRSF8_HUMAN
[],SC22C_HUMAN
[],OVOL2_HUMAN
[],PAAF1_HUMAN
[],PYM1_HUMAN
[],PYGO2_HUMAN
[],NUD22_HUMAN
[],ORAI3_HUMAN
[],MIC25_HUMAN
[],FSP1_HUMAN
[],ZKSC3_HUMAN
[],PGAP4_HUMAN
[],ADPGK_HUMAN
[],RHG09_HUMAN
[],RIOK1_HUMAN
[],LARP6_HUMAN
[],UQCC2_HUMAN
[],MIEN1_HUMAN
[],ZNG1A_HUMAN
[],SLD5_HUMAN
[],UTP23_HUMAN
[],SWET1_HUMAN
[],SIKE1_HUMAN
[],PELO_HUMAN
[],PSF3_HUMAN
[],PXL2A_HUMAN
[],WDR83_HUMAN
[],TRI56_HUMAN
[],CENPK_HUMAN
[],APC13_HUMAN
[],ERP44_HUMAN
[],ZN649_HUMAN
[],ZN670_HUMAN
[],LXN_HUMAN
[],ZPBP1_HUMAN
[],S35A5_HUMAN
[],TTYH2_HUMAN
[],TM175_HUMAN
[],ATGA1_HUMAN
[],RHNO1_HUMAN
[],NTPCR_HUMAN
[],TMM79_HUMAN
[],HERP2_HUMAN
[],GDAH_HUMAN
[],SMAKA_HUMAN
[],ZNF2_HUMAN
[],TACO1_HUMAN
[],HDHD3_HUMAN
[],TINF2_HUMAN
[],GCP2_HUMAN
[],CQ080_HUMAN
[],PIMRE_HUMAN
[],ESYT1_HUMAN
[],S2533_HUMAN
[],FEM1A_HUMAN
[],UBAC1_HUMAN
[],PCGF1_HUMAN
[],CCM2_HUMAN
[],YIPF4_HUMAN
[],RTKN_HUMAN
[],PHAF1_HUMAN
[],NAA11_HUMAN
[],SEN34_HUMAN
[],EFC4B_HUMAN
[],SYT17_HUMAN
[],DESI2_HUMAN
[],FUZZY_HUMAN
[],CNPY3_HUMAN
[],MTG1_HUMAN
[],ALG1_HUMAN
[],LIMD2_HUMAN
[],HAUS8_HUMAN
[],ALKB7_HUMAN
[],INP5K_HUMAN
[],RPC7L_HUMAN
[],THAP7_HUMAN
[],SPXN_HUMAN
[],NFIP1_HUMAN
[],CSN4_HUMAN
[],SOX7_HUMAN
[],SYT11_HUMAN
[],TCHP_HUMAN
[],WAC_HUMAN
[],DIDO1_HUMAN
[],MTA3_HUMAN
[],TM121_HUMAN
[],RBM42_HUMAN
[],DCTN5_HUMAN
[],MCMBP_HUMAN
[],AASD1_HUMAN
[],DCNL5_HUMAN
[],THUM2_HUMAN
[],PAGR1_HUMAN
[],RAMAC_HUMAN
[],IER2_HUMAN
[],URM1_HUMAN
[],LRFN3_HUMAN
[],ZBED2_HUMAN
[],FAP24_HUMAN
[],AN32E_HUMAN
[],MED10_HUMAN
[],P4K2A_HUMAN
[],TMM43_HUMAN
[],FSD1_HUMAN
[],TBCD_HUMAN
[],NDC1_HUMAN
[],TM208_HUMAN
[],FUCO2_HUMAN
[],DHRS4_HUMAN
[],THTPA_HUMAN
[],ZN692_HUMAN
[],CPLN2_HUMAN
[],CRDL1_HUMAN
[],NDUF3_HUMAN
[],CENPO_HUMAN
[],MMTA2_HUMAN
[],TM243_HUMAN
[],DOHH_HUMAN
[],SPNDC_HUMAN
[],ADAT1_HUMAN
[],MKNK1_HUMAN
[],TMM70_HUMAN
[],SPON2_HUMAN
[],MED18_HUMAN
[],ISCA1_HUMAN
[],TBB6_HUMAN
[],CRUM3_HUMAN
[],PAXX_HUMAN
[],BEGIN_HUMAN
[],RPC3_HUMAN
[],HNRL1_HUMAN
[],MSTO1_HUMAN
[],PHF23_HUMAN
[],PDC10_HUMAN
[],RPP25_HUMAN
[],G6PC3_HUMAN
[],CC28B_HUMAN
[],DERL1_HUMAN
[],EFHD1_HUMAN
[],HTAI2_HUMAN
[],DDX23_HUMAN
[],TCAB1_HUMAN
[],MIC26_HUMAN
[],DHRS6_HUMAN
[],MET22_HUMAN
[],RSRP1_HUMAN
[],RCAF1_HUMAN
[],BBLN_HUMAN
[],CHAC1_HUMAN
[],ZN426_HUMAN
[],TRAF4_HUMAN
[],ALG12_HUMAN
[],MTNA_HUMAN
[],ABHD6_HUMAN
[],CCD32_HUMAN
[],SCMC3_HUMAN
[],MELPH_HUMAN
[],WDR18_HUMAN
[],VAMP8_HUMAN
[],THUM3_HUMAN
[],DUS26_HUMAN
[],MTND_HUMAN
[],RN126_HUMAN
[],CP250_HUMAN
[],MECR_HUMAN
[],EMC6_HUMAN
[],NTM1A_HUMAN
[],SNR25_HUMAN
[],EDEM2_HUMAN
[],KTNB1_HUMAN
[],TBB2B_HUMAN
[],FICD_HUMAN
[],DCC1_HUMAN
[],LST8_HUMAN
[],TM109_HUMAN
[],TRI62_HUMAN
[],KIFC3_HUMAN
[],PTSS2_HUMAN
[],SIA7E_HUMAN
[],PHF20_HUMAN
[],NOC4L_HUMAN
[],UT14A_HUMAN
[],DUS23_HUMAN
[],ALG8_HUMAN
[],TMED9_HUMAN
[],TM147_HUMAN
[],NUP58_HUMAN
[],SELO_HUMAN
[],GGACT_HUMAN
[],RUSC1_HUMAN
[],GNL3_HUMAN
[],AFG2B_HUMAN
[],RIOK2_HUMAN
[],TR61B_HUMAN
[],TMUB1_HUMAN
[],FND11_HUMAN
[],TALD3_HUMAN
[],TIM21_HUMAN
[],TIPIN_HUMAN
[],T106C_HUMAN
[],SARG_HUMAN
[],MAD3_HUMAN
[],KIFC1_HUMAN
[],NUP85_HUMAN
[],ELOV1_HUMAN
[],DDA1_HUMAN
[],KATL1_HUMAN
[],CINP_HUMAN
[],HIRP3_HUMAN
[],IFT27_HUMAN
[],YJU2_HUMAN
[],NUDT9_HUMAN
[],SYTM_HUMAN
[],CC106_HUMAN
[],THIC_HUMAN
[],REPI1_HUMAN
[],TRAIP_HUMAN
[],RBM4_HUMAN
[],SCNM1_HUMAN
[],FUND2_HUMAN
[],RPAP1_HUMAN
[],SF3B5_HUMAN
[],CYREN_HUMAN
[],CA043_HUMAN
[],SFXN3_HUMAN
[],PRR14_HUMAN
[],COL11_HUMAN
[],YIPF2_HUMAN
[],LFG2_HUMAN
[],CHID1_HUMAN
[],CDCA7_HUMAN
[],PAPOG_HUMAN
[],CAR10_HUMAN
[],NADAP_HUMAN
[],CDK19_HUMAN
[],BOC_HUMAN
[],CDAC1_HUMAN
[],TTLL2_HUMAN
[],SSBP3_HUMAN
[],SCRT1_HUMAN
[],PHF7_HUMAN
[],GATA5_HUMAN
[],GTPB2_HUMAN
[],SYCP2_HUMAN
[],LS14B_HUMAN
[],RBM24_HUMAN
[],TPSNR_HUMAN
[],FANCJ_HUMAN
[],SRBS1_HUMAN
[],JAM3_HUMAN
[],HINT2_HUMAN
[],BTBD2_HUMAN
[],TM2D1_HUMAN
[],STRA6_HUMAN
[],TRPM6_HUMAN
[],SGPP1_HUMAN
[],PLVAP_HUMAN
[],SUCR1_HUMAN
[],TSSK6_HUMAN
[],TSSK1_HUMAN
[],LGR4_HUMAN
[],OSB11_HUMAN
[],OSB10_HUMAN
[],SPT16_HUMAN
[],HCAR1_HUMAN
[],GP174_HUMAN
[],BBS2_HUMAN
[],NPL_HUMAN
[],CECR2_HUMAN
[],RFIP5_HUMAN
[],TEKT3_HUMAN
[],BBC3_HUMAN
[],ORNT2_HUMAN
[],5NT1A_HUMAN
[],TB10A_HUMAN
[],C1QT6_HUMAN
[],C1QT5_HUMAN
[],C1QT1_HUMAN
[],C1QT4_HUMAN
[],C1QT3_HUMAN
[],C1QT2_HUMAN
[],AMNLS_HUMAN
[],TACAN_HUMAN
[],NAA15_HUMAN
[],B2L13_HUMAN
[],CAR14_HUMAN
[],CAR11_HUMAN
[],CDCA4_HUMAN
[],PRAX_HUMAN
[],PINK1_HUMAN
[],ASPN_HUMAN
[],CLC7A_HUMAN
[],S12A9_HUMAN
[],SRRT_HUMAN
[],PAPP2_HUMAN
[],TGT_HUMAN
[],POK6_HUMAN
[],TLR10_HUMAN
[],FHR5_HUMAN
[],COPA1_HUMAN
[],IDI2_HUMAN
[],TMM59_HUMAN
[],AP1M1_HUMAN
[],NUSAP_HUMAN
[],S26A6_HUMAN
[],TDRD1_HUMAN
[],TEX15_HUMAN
[],M10L1_HUMAN
[],RNF17_HUMAN
[],TEX12_HUMAN
[],STK31_HUMAN
[],UBP26_HUMAN
[],CABP8_HUMAN
[],GON7_HUMAN
[],MLP3C_HUMAN
[],OSBL1_HUMAN
[],FACD2_HUMAN
[],EMIL2_HUMAN
[],RSPO3_HUMAN
[],BEX2_HUMAN
[],S4A5_HUMAN
[],EBPL_HUMAN
[],S46A2_HUMAN
[],PACN1_HUMAN
[],SCAPE_HUMAN
[],TX101_HUMAN
[],AGRE3_HUMAN
[],DGC6L_HUMAN
[],ITPA_HUMAN
[],HDAC8_HUMAN
[],RTF2_HUMAN
[],CHM4A_HUMAN
[],EIF2A_HUMAN
[],PECR_HUMAN
[],SC11C_HUMAN
[],UDB28_HUMAN
[],KDM5D_HUMAN
[],CADM1_HUMAN
[],ANGL4_HUMAN
[],PDIP3_HUMAN
[],RNF26_HUMAN
[],MFRP_HUMAN
[],DUS16_HUMAN
[],SHAN3_HUMAN
[],GNB1L_HUMAN
[],FUT8_HUMAN
[],RM32_HUMAN
[],CNFN_HUMAN
[],HES7_HUMAN
[],TMPSD_HUMAN
[],LCE3D_HUMAN
[],PCGF6_HUMAN
[],CDHR2_HUMAN
[],ACE2_HUMAN
[],B3GN5_HUMAN
[],MK67I_HUMAN
[],PAR6G_HUMAN
[],PAR6B_HUMAN
[],GSDMC_HUMAN
[],SE6L1_HUMAN
[],IKBZ_HUMAN
[],HYCCI_HUMAN
[],LOXE3_HUMAN
[],TRI34_HUMAN
[],YTHD1_HUMAN
[],HELZ2_HUMAN
[],HOIL1_HUMAN
[],SRXN1_HUMAN
[],ZN341_HUMAN
[],WNK3_HUMAN
[],KR171_HUMAN
[],KRA99_HUMAN
[],KRA98_HUMAN
[],KRA94_HUMAN
[],KRA93_HUMAN
[],KRA92_HUMAN
[],KRA46_HUMAN
[],KR411_HUMAN
[],KRA41_HUMAN
[],KRA47_HUMAN
[],KRA45_HUMAN
[],KRA44_HUMAN
[],KRA43_HUMAN
[],KRA42_HUMAN
[],KRA33_HUMAN
[],KRA32_HUMAN
[],KRA31_HUMAN
[],KRA24_HUMAN
[],KRA15_HUMAN
[],S17A9_HUMAN
[],STK33_HUMAN
[],NEUL_HUMAN
[],ANO3_HUMAN
[],PBX4_HUMAN
[],AGT2_HUMAN
[],TRI54_HUMAN
[],TRI55_HUMAN
[],BCDO2_HUMAN
[],CEP41_HUMAN
[],BACH2_HUMAN
[],GTR11_HUMAN
[],SETD2_HUMAN
[],DB126_HUMAN
[],TBD2A_HUMAN
[],IFIH1_HUMAN
[],ACTBM_HUMAN
[],LDH6B_HUMAN
[],RHBT2_HUMAN
[],REG4_HUMAN
[],ADA33_HUMAN
[],PANK2_HUMAN
[],DOCK9_HUMAN
[],FRMD8_HUMAN
[],PITM3_HUMAN
[],PITM2_HUMAN
[],NSD3_HUMAN
[],PC11X_HUMAN
[],PC11Y_HUMAN
[],CPEB1_HUMAN
[],CELF4_HUMAN
[],ABCA2_HUMAN
[],S29A3_HUMAN
[],NUF2_HUMAN
[],TMG4_HUMAN
[],GLIS2_HUMAN
[],PUS3_HUMAN
[],GTPB4_HUMAN
[],ASPC1_HUMAN
[],OSBL8_HUMAN
[],OSBL7_HUMAN
[],OSBL6_HUMAN
[],UACA_HUMAN
[],RAB34_HUMAN
[],PPAT_HUMAN
[],DPH1_HUMAN
[],WDR11_HUMAN
[],REN3B_HUMAN
[],CRNL1_HUMAN
[],TRYD_HUMAN
[],S2539_HUMAN
[],GPR62_HUMAN
[],GPR61_HUMAN
[],TBL1R_HUMAN
[],UBL5_HUMAN
[],SMIM3_HUMAN
[],PP12C_HUMAN
[],KPCD2_HUMAN
[],PG12A_HUMAN
[],PA2GF_HUMAN
[],GSX2_HUMAN
[],ULBP3_HUMAN
[],ULBP2_HUMAN
[],ULBP1_HUMAN
[],CHIA_HUMAN
[],SHP1L_HUMAN
[],NMNA2_HUMAN
[],EDEM3_HUMAN
[],NIBA1_HUMAN
[],RTN4R_HUMAN
[],B2L14_HUMAN
[],TRIM8_HUMAN
[],FOXP3_HUMAN
[],UBXN6_HUMAN
[],S19A3_HUMAN
[],IMPG2_HUMAN
[],S13A1_HUMAN
[],TM6S2_HUMAN
[],TSG10_HUMAN
[],CD244_HUMAN
[],UCK2_HUMAN
[],ROP1B_HUMAN
[],TRI31_HUMAN
[],SN_HUMAN
[],API5_HUMAN
[],NLRP1_HUMAN
[],SPY4_HUMAN
[],DPY30_HUMAN
[],TRI15_HUMAN
[],TRIM9_HUMAN
[],TRIM7_HUMAN
[],TRIM6_HUMAN
[],TRIM5_HUMAN
[],TRIM4_HUMAN
[],TRIM2_HUMAN
[],NKX62_HUMAN
[],IN80B_HUMAN
[],GRB1L_HUMAN
[],SPEF2_HUMAN
[],DCLK3_HUMAN
[],CNTP4_HUMAN
[],ZFHX2_HUMAN
[],SETD5_HUMAN
[],UNK_HUMAN
[],FTO_HUMAN
[],CFA74_HUMAN
[],ZDHC5_HUMAN
[],TB182_HUMAN
[],SEM4C_HUMAN
[],CIPC_HUMAN
[],AMRA1_HUMAN
[],UBE2O_HUMAN
[],PHAR1_HUMAN
[],CE295_HUMAN
[],ZY11B_HUMAN
[],TANC1_HUMAN
[],FHDC1_HUMAN
[],EPT1_HUMAN
[],XPO4_HUMAN
[],LNP_HUMAN
[],ASXL3_HUMAN
[],CEP44_HUMAN
[],ZN436_HUMAN
[],ZN407_HUMAN
[],DYH6_HUMAN
[],TTYH3_HUMAN
[],SRCN1_HUMAN
[],MTMRC_HUMAN
[],THS7B_HUMAN
[],B3GN4_HUMAN
[],WDR33_HUMAN
[],BHE41_HUMAN
[],BC11B_HUMAN
[],S39A8_HUMAN
[],STRAB_HUMAN
[],WDR12_HUMAN
[],YIPF3_HUMAN
[],TINAL_HUMAN
[],NDEL1_HUMAN
[],GPR88_HUMAN
[],ARP6_HUMAN
[],TGIF2_HUMAN
[],BSSP4_HUMAN
[],ROGDI_HUMAN
[],PDGFD_HUMAN
[],DERL2_HUMAN
[],COMD5_HUMAN
[],NMUR2_HUMAN
[],NPFF1_HUMAN
[],MLP3B_HUMAN
[],SENP6_HUMAN
[],REXO4_HUMAN
[],ELOV4_HUMAN
[],DDX24_HUMAN
[],DNAI2_HUMAN
[],RPA49_HUMAN
[],SKI8_HUMAN
[],CHST5_HUMAN
[],SLIRP_HUMAN
[],SRR_HUMAN
[],WN10A_HUMAN
[],NIF3L_HUMAN
[],EGLN1_HUMAN
[],MCLN1_HUMAN
[],PEG3_HUMAN
[],NYX_HUMAN
[],CTDS1_HUMAN
[],PIP30_HUMAN
[],ANKR2_HUMAN
[],SC5A7_HUMAN
[],IF5A2_HUMAN
[],WWTR1_HUMAN
[],HPLN2_HUMAN
[],PRD14_HUMAN
[],FGF23_HUMAN
[],MS4A7_HUMAN
[],CHST6_HUMAN
[],ZN350_HUMAN
[],IL22_HUMAN
[],AICDA_HUMAN
[],TWSG1_HUMAN
[],NXF2_HUMAN
[],NTAL_HUMAN
[],MFF_HUMAN
[],NAA50_HUMAN
[],ACH10_HUMAN
[],GFRA4_HUMAN
[],LACRT_HUMAN
[],UBA5_HUMAN
[],MKRN2_HUMAN
[],LHPP_HUMAN
[],ADA19_HUMAN
[],S22A4_HUMAN
[],MFR1L_HUMAN
[],SPRTN_HUMAN
[],T126A_HUMAN
[],MAF1_HUMAN
[],DRC3_HUMAN
[],PAIP1_HUMAN
[],CLPB_HUMAN
[],KTBL1_HUMAN
[],MIS12_HUMAN
[],RB33B_HUMAN
[],LSG1_HUMAN
[],NUAK2_HUMAN
[],DRC9_HUMAN
[],NAT10_HUMAN
[],RNF32_HUMAN
[],COMD4_HUMAN
[],SPC1L_HUMAN
[],IQCN_HUMAN
[],KLC2_HUMAN
[],CRLD2_HUMAN
[],ZMY12_HUMAN
[],ADT4_HUMAN
[],BTBD1_HUMAN
[],ILKAP_HUMAN
[],ZN541_HUMAN
[],XRN2_HUMAN
[],TOLIP_HUMAN
[],SP130_HUMAN
[],UBP44_HUMAN
[],BRD8_HUMAN
[],RNF38_HUMAN
[],SHRPN_HUMAN
[],ARL6_HUMAN
[],NSRP1_HUMAN
[],INT2_HUMAN
[],KLH25_HUMAN
[],RGAP1_HUMAN
[],ENKD1_HUMAN
[],CF263_HUMAN
[],QRIC2_HUMAN
[],PAR12_HUMAN
[],SIK2_HUMAN
[],PUS7L_HUMAN
[],CSTFT_HUMAN
[],WWP1_HUMAN
[],ZCPW1_HUMAN
[],RAB6C_HUMAN
[],PHS2_HUMAN
[],5NT3A_HUMAN
[],FXYD6_HUMAN
[],AP5M1_HUMAN
[],TM222_HUMAN
[],GBP3_HUMAN
[],GATA_HUMAN
[],GBRL1_HUMAN
[],DDX47_HUMAN
[],RAB17_HUMAN
[],MAGT1_HUMAN
[],RAB1B_HUMAN
[],RM18_HUMAN
[],LMA2L_HUMAN
[],CCDC8_HUMAN
[],SMG9_HUMAN
[],CK054_HUMAN
[],RN208_HUMAN
[],OSBL5_HUMAN
[],ATG10_HUMAN
[],RBM38_HUMAN
[],CST11_HUMAN
[],SNAB_HUMAN
[],GZF1_HUMAN
[],TDIF1_HUMAN
[],SLIK2_HUMAN
[],CAD19_HUMAN
[],ING2_HUMAN
[],ALX4_HUMAN
[],BC11A_HUMAN
[],STMN4_HUMAN
[],ZBP1_HUMAN
[],ABCG4_HUMAN
[],SIL1_HUMAN
[],SDCB2_HUMAN
[],METL9_HUMAN
[],APC1_HUMAN
[],NXF5_HUMAN
[],XYLT2_HUMAN
[],I2BPL_HUMAN
[],UN93B_HUMAN
[],TRPV6_HUMAN
[],RPC6_HUMAN
[],RNAS7_HUMAN
[],NUCKS_HUMAN
[],KI13A_HUMAN
[],ASCC2_HUMAN
[],REN3A_HUMAN
[],WNT8A_HUMAN
[],WNT5B_HUMAN
[],RBNS5_HUMAN
[],ISCU_HUMAN
[],GHC2_HUMAN
[],DB127_HUMAN
[],S35B3_HUMAN
[],OSBL2_HUMAN
[],CMIP1_HUMAN
[],DUS15_HUMAN
[],MYLK2_HUMAN
[],S2551_HUMAN
[],S6A17_HUMAN
[],RSPH9_HUMAN
[],ATG5_HUMAN
[],OPN3_HUMAN
[],EPN3_HUMAN
[],MED28_HUMAN
[],CDT1_HUMAN
[],ABCG8_HUMAN
[],ABCG5_HUMAN
[],EHD4_HUMAN
[],GBA3_HUMAN
[],S1PR5_HUMAN
[],PORCN_HUMAN
[],MMP28_HUMAN
[],P2Y12_HUMAN
[],CAD23_HUMAN
[],KCNH6_HUMAN
[],SPTN4_HUMAN
[],O51E2_HUMAN
[],CARD9_HUMAN
[],VP33B_HUMAN
[],VPS16_HUMAN
[],VPS11_HUMAN
[],IL25_HUMAN
[],DCSTP_HUMAN
[],SH3L3_HUMAN
[],AL8A1_HUMAN
[],CXL16_HUMAN
[],CHST8_HUMAN
[],SYT4_HUMAN
[],S26A1_HUMAN
[],GAN_HUMAN
[],LHX5_HUMAN
[],ARV1_HUMAN
[],S2532_HUMAN
[],TARA_HUMAN
[],SEM6A_HUMAN
[],3BHS7_HUMAN
[],EPC1_HUMAN
[],SLK_HUMAN
[],TSYL2_HUMAN
[],GO45_HUMAN
[],CXXC4_HUMAN
[],PPIL3_HUMAN
[],S38A1_HUMAN
[],PDCL3_HUMAN
[],S6A15_HUMAN
[],IF3M_HUMAN
[],TNKS2_HUMAN
[],TAOK3_HUMAN
[],TMM60_HUMAN
[],RASF4_HUMAN
[],BHMT2_HUMAN
[],RBGPR_HUMAN
[],ADNP_HUMAN
[],DPH5_HUMAN
[],KLK15_HUMAN
[],KCNN2_HUMAN
[],RNF39_HUMAN
[],TNMD_HUMAN
[],IKZF4_HUMAN
[],DHX36_HUMAN
[],IPYR2_HUMAN
[],ADAM7_HUMAN
[],SPNS1_HUMAN
[],M4A6A_HUMAN
[],MIXL1_HUMAN
[],RM46_HUMAN
[],CHRD_HUMAN
[],CLC4M_HUMAN
[],HIPK2_HUMAN
[],S12A5_HUMAN
[],ZN106_HUMAN
[],PARL_HUMAN
[],CDIP1_HUMAN
[],MMP27_HUMAN
[],PININ_HUMAN
[],RHBG_HUMAN
[],TTYH1_HUMAN
[],VCX1_HUMAN
[],ATS10_HUMAN
[],E41LB_HUMAN
[],FOXP1_HUMAN
[],PABP3_HUMAN
[],P63_HUMAN
[],BACD3_HUMAN
[],MOD5_HUMAN
[],CK068_HUMAN
[],GPT_HUMAN
[],MTRFR_HUMAN
[],GHITM_HUMAN
[],BOLA2_HUMAN
[],MMAD_HUMAN
[],KCNF1_HUMAN
[],TXNIP_HUMAN
[],ATX3L_HUMAN
[],TMX1_HUMAN
[],HRH4_HUMAN
[],NELFA_HUMAN
[],GCP60_HUMAN
[],BORG4_HUMAN
[],G3ST2_HUMAN
[],KDM4C_HUMAN
[],NDST4_HUMAN
[],MUC13_HUMAN
[],CENPH_HUMAN
[],SEM4A_HUMAN
[],TMPS5_HUMAN
[],TPK1_HUMAN
[],PIGM_HUMAN
[],PTN23_HUMAN
[],SEM6C_HUMAN
[],SEM6B_HUMAN
[],UN45A_HUMAN
[],MFSD1_HUMAN
[],SMOC2_HUMAN
[],SRMS_HUMAN
[],DNJC5_HUMAN
[],LIME1_HUMAN
[],DSN1_HUMAN
[],HIPK3_HUMAN
[],KCNKF_HUMAN
[],CHM4B_HUMAN
[],FZD8_HUMAN
[],CUED2_HUMAN
[],FXL15_HUMAN
[],RBSK_HUMAN
[],FN3K_HUMAN
[],OFUT1_HUMAN
[],PIGU_HUMAN
[],MLP3A_HUMAN
[],TOR3A_HUMAN
[],WNK1_HUMAN
[],GLP3L_HUMAN
[],GOLP3_HUMAN
[],DPEP2_HUMAN
[],OSGL1_HUMAN
[],PLK3_HUMAN
[],SAV1_HUMAN
[],TBB1_HUMAN
[],CSTN2_HUMAN
[],NXF3_HUMAN
[],RHOJ_HUMAN
[],DEFI6_HUMAN
[],SIA7D_HUMAN
[],SMOC1_HUMAN
[],E41L1_HUMAN
[],GAPR1_HUMAN
[],FA83D_HUMAN
[],ZHX3_HUMAN
[],EMRE_HUMAN
[],MTG2_HUMAN
[],SENP3_HUMAN
[],OSBL3_HUMAN
[],SMRCD_HUMAN
[],FBX44_HUMAN
[],PKHA4_HUMAN
[],EHD1_HUMAN
[],RNF41_HUMAN
[],PRD13_HUMAN
[],PRD12_HUMAN
[],GSX1_HUMAN
[],ZSC16_HUMAN
[],COE3_HUMAN
[],RGCC_HUMAN
[],GSTO2_HUMAN
[],ZN335_HUMAN
[],CAPAM_HUMAN
[],BAFL_HUMAN
[],ALG2_HUMAN
[],ZN644_HUMAN
[],HEAT1_HUMAN
[],DUS21_HUMAN
[],VIAAT_HUMAN
[],CFA68_HUMAN
[],ZN768_HUMAN
[],SUV92_HUMAN
[],PIEZ2_HUMAN
[],ELOV6_HUMAN
[],TAF1D_HUMAN
[],SG196_HUMAN
[],RABE2_HUMAN
[],PDZD7_HUMAN
[],TFB2M_HUMAN
[],ZCHC4_HUMAN
[],IKZF5_HUMAN
[],CDCP1_HUMAN
[],STEEP_HUMAN
[],CIA2A_HUMAN
[],SLIK6_HUMAN
[],DHX35_HUMAN
[],F124B_HUMAN
[],PIF1_HUMAN
[],RPP21_HUMAN
[],NSUN3_HUMAN
[],STN1_HUMAN
[],ASB7_HUMAN
[],BICC1_HUMAN
[],CLMP_HUMAN
[],EPHX3_HUMAN
[],XKR8_HUMAN
[],HAUS4_HUMAN
[],CC134_HUMAN
[],STPAP_HUMAN
[],CCD86_HUMAN
[],REEP4_HUMAN
[],SOX17_HUMAN
[],CSTP1_HUMAN
[],ILRUN_HUMAN
[],OPA3_HUMAN
[],TM231_HUMAN
[],ARMC7_HUMAN
[],RETR1_HUMAN
[],TASP1_HUMAN
[],SLAP2_HUMAN
[],CIAO3_HUMAN
[],DHX33_HUMAN
[],ACSS3_HUMAN
[],NOL6_HUMAN
[],ZDHC6_HUMAN
[],WDCP_HUMAN
[],YTDC2_HUMAN
[],AZI2_HUMAN
[],ES8L2_HUMAN
[],ESRP2_HUMAN
[],RPAP3_HUMAN
[],BCAS3_HUMAN
[],ALG9_HUMAN
[],LDAH_HUMAN
[],RIOX1_HUMAN
[],ANTR1_HUMAN
[],RN167_HUMAN
[],RANB3_HUMAN
[],EGLN3_HUMAN
[],GARE1_HUMAN
[],ZN552_HUMAN
[],PACER_HUMAN
[],SPRNG_HUMAN
[],ASB8_HUMAN
[],GREM2_HUMAN
[],DCTP1_HUMAN
[],RNZ1_HUMAN
[],SH24A_HUMAN
[],EXO5_HUMAN
[],PEAK1_HUMAN
[],CPLN1_HUMAN
[],RPF2_HUMAN
[],SMYD3_HUMAN
[],SYNCI_HUMAN
[],DOCK5_HUMAN
[],WDR26_HUMAN
[],TDRD3_HUMAN
[],CH033_HUMAN
[],AT133_HUMAN
[],MET17_HUMAN
[],SDS3_HUMAN
[],VISTA_HUMAN
[],SFR19_HUMAN
[],MB12B_HUMAN
[],PKHG2_HUMAN
[],ZN703_HUMAN
[],AUNIP_HUMAN
[],SYNG1_HUMAN
[],NAA60_HUMAN
[],ZN696_HUMAN
[],NRDE2_HUMAN
[],KAT8_HUMAN
[],PGES2_HUMAN
[],TLE6_HUMAN
[],PACC1_HUMAN
[],PHAX_HUMAN
[],DCR1B_HUMAN
[],METL8_HUMAN
[],UBE2Z_HUMAN
[],GEMI7_HUMAN
[],ACAD9_HUMAN
[],MT21D_HUMAN
[],YYAP1_HUMAN
[],RMD5A_HUMAN
[],PKRI1_HUMAN
[],TTC12_HUMAN
[],CSR2B_HUMAN
[],NOL11_HUMAN
[],DDX31_HUMAN
[],TMT1A_HUMAN
[],PAAT_HUMAN
[],MMRN2_HUMAN
[],BRD9_HUMAN
[],CNNM2_HUMAN
[],MINY3_HUMAN
[],EVA1A_HUMAN
[],ZN395_HUMAN
[],SR5A3_HUMAN
[],MOB1A_HUMAN
[],AKTIP_HUMAN
[],ECT2_HUMAN
[],PKHF2_HUMAN
[],TRI45_HUMAN
[],IPPK_HUMAN
[],ZDH11_HUMAN
[],ANKZ1_HUMAN
[],GORS2_HUMAN
[],ZWILC_HUMAN
[],REEP1_HUMAN
[],MTD2L_HUMAN
[],JUPI2_HUMAN
[],GHC1_HUMAN
[],MED20_HUMAN
[],QTRT2_HUMAN
[],WDR54_HUMAN
[],ARP8_HUMAN
[],SYP2L_HUMAN
[],MARH7_HUMAN
[],ARMT1_HUMAN
[],PANK3_HUMAN
[],CNO10_HUMAN
[],RMI1_HUMAN
[],EHMT1_HUMAN
[],SFXN1_HUMAN
[],SPE39_HUMAN
[],ZN408_HUMAN
[],ANRA2_HUMAN
[],COG4_HUMAN
[],ARP5_HUMAN
[],AGO3_HUMAN
[],VP37B_HUMAN
[],RM44_HUMAN
[],UBP42_HUMAN
[],MER34_HUMAN
[],KANL2_HUMAN
[],AKIR1_HUMAN
[],CHODL_HUMAN
[],UNKL_HUMAN
[],L2HDH_HUMAN
[],CSN7B_HUMAN
[],NHEJ1_HUMAN
[],NANOG_HUMAN
[],FKRP_HUMAN
[],ELP3_HUMAN
[],RN122_HUMAN
[],JMJD4_HUMAN
[],RPA2_HUMAN
[],LN28A_HUMAN
[],ZMAT3_HUMAN
[],UCK1_HUMAN
[],TBC17_HUMAN
[],CAHM2_HUMAN
[],SYCM_HUMAN
[],CERS4_HUMAN
[],S52A2_HUMAN
[],PPCS_HUMAN
[],SUCHY_HUMAN
[],UBTD1_HUMAN
[],WDR41_HUMAN
[],CLXN_HUMAN
[],EAF6_HUMAN
[],TASL_HUMAN
[],SP30L_HUMAN
[],COE2_HUMAN
[],NMNA1_HUMAN
[],MLXIP_HUMAN
[],LIN7B_HUMAN
[],KIF9_HUMAN
[],AGRL3_HUMAN
[],NJMU_HUMAN
[],S28A3_HUMAN
[],ROP1A_HUMAN
[],SIAE_HUMAN
[],PELI2_HUMAN
[],PKHA5_HUMAN
[],SMUF2_HUMAN
[],RENT2_HUMAN
[],RNPL1_HUMAN
[],GBB4_HUMAN
[],XPO5_HUMAN
[],TNR27_HUMAN
[],GRPE1_HUMAN
[],BRF2_HUMAN
[],CLSPN_HUMAN
[],UD17_HUMAN
[],UD110_HUMAN
[],UD18_HUMAN
[],BCDO1_HUMAN
[],CLK4_HUMAN
[],PRD16_HUMAN
[],ELOV3_HUMAN
[],MYG1_HUMAN
[],KCNKD_HUMAN
[],KCNKC_HUMAN
[],PKHA2_HUMAN
[],PKHA3_HUMAN
[],PKHA1_HUMAN
[],ILRL2_HUMAN
[],CP343_HUMAN
[],SP110_HUMAN
[],NET4_HUMAN
[],ELL3_HUMAN
[],CYBP_HUMAN
[],PIDD1_HUMAN
[],NMUR1_HUMAN
[],RRAGC_HUMAN
[],FANCE_HUMAN
[],TRPV4_HUMAN
[],CDHR5_HUMAN
[],RC3H2_HUMAN
[],PATZ1_HUMAN
[],IL21_HUMAN
[],IL21R_HUMAN
[],ZFYV1_HUMAN
[],VPP4_HUMAN
[],IF122_HUMAN
[],LY9_HUMAN
[],RHOF_HUMAN
[],DEFM_HUMAN
[],RDH14_HUMAN
[],BEX1_HUMAN
[],MKNK2_HUMAN
[],PARVG_HUMAN
[],PARVB_HUMAN
[],CP4FB_HUMAN
[],UBP29_HUMAN
[],CLTRN_HUMAN
[],AS3MT_HUMAN
[],TENS1_HUMAN
[],NMRL1_HUMAN
[],VEZA_HUMAN
[],SPC25_HUMAN
[],TAF9B_HUMAN
[],CAD20_HUMAN
[],Z286A_HUMAN
[],BARX1_HUMAN
[],EKI1_HUMAN
[],SACA1_HUMAN
[],LPAR2_HUMAN
[],LRRC4_HUMAN
[],AGRL4_HUMAN
[],LGR6_HUMAN
[],RXFP1_HUMAN
[],NOX3_HUMAN
[],SGK2_HUMAN
[],ARNT2_HUMAN
[],TM165_HUMAN
[],OTOF_HUMAN
[],ABC3G_HUMAN
[],TPC_HUMAN
[],PROK2_HUMAN
[],LFG4_HUMAN
[],NOD2_HUMAN
[],EMAL4_HUMAN
[],MRM3_HUMAN
[],CBX8_HUMAN
[],NCKX3_HUMAN
[],SENP2_HUMAN
[],CRLF2_HUMAN
[],CPAP_HUMAN
[],ZBT20_HUMAN
[],MUC5B_HUMAN
[],CAN10_HUMAN
[],GPR35_HUMAN
[],NEK6_HUMAN
[],SPON1_HUMAN
[],MCCB_HUMAN
[],GDPD2_HUMAN
[],LST2_HUMAN
[],NCOA5_HUMAN
[],TANC2_HUMAN
[],EPG5_HUMAN
[],MOV10_HUMAN
[],MET14_HUMAN
[],ARGAL_HUMAN
[],SMUF1_HUMAN
[],ANO8_HUMAN
[],TRPM3_HUMAN
[],GBA2_HUMAN
[],CWC22_HUMAN
[],NCK5L_HUMAN
[],CPNE5_HUMAN
[],SYTL2_HUMAN
[],MAGE1_HUMAN
[],MSL2_HUMAN
[],TNR6C_HUMAN
[],ANKH_HUMAN
[],LRC4C_HUMAN
[],ZBT26_HUMAN
[],ROBO2_HUMAN
[],AGO4_HUMAN
[],CHD8_HUMAN
[],GPAT1_HUMAN
[],RESF1_HUMAN
[],PLXA4_HUMAN
[],K1549_HUMAN
[],E41L5_HUMAN
[],TRI39_HUMAN
[],PGAP6_HUMAN
[],GPN1_HUMAN
[],GPVI_HUMAN
[],SDF2L_HUMAN
[],KC1G1_HUMAN
[],HHATL_HUMAN
[],GALT9_HUMAN
[],NPVF_HUMAN
[],PDE11_HUMAN
[],CP4FC_HUMAN
[],TF7L1_HUMAN
[],SYF1_HUMAN
[],CD248_HUMAN
[],CELR2_HUMAN
[],SEC12_HUMAN
[],DPOD4_HUMAN
[],BRMS1_HUMAN
[],ZN304_HUMAN
[],TRPC7_HUMAN
[],S10AE_HUMAN
[],SRA1_HUMAN
[],AT131_HUMAN
[],MRS2_HUMAN
[],GOPC_HUMAN
[],LYRM4_HUMAN
[],B2L10_HUMAN
[],SPCS_HUMAN
[],CHM1A_HUMAN
[],PTPRH_HUMAN
[],MOG1_HUMAN
[],MYO10_HUMAN
[],RETN_HUMAN
[],NDF4_HUMAN
[],NRX3B_HUMAN
[],JPH1_HUMAN
[],APMAP_HUMAN
[],PLAT1_HUMAN
[],ENH1_HUMAN
[],WDR6_HUMAN
[],TRXR2_HUMAN
[],TUFT1_HUMAN
[],CD209_HUMAN
[],HMX1_HUMAN
[],SH22A_HUMAN
[],SHCAF_HUMAN
[],BPIA1_HUMAN
[],PDE7B_HUMAN
[],ABCB6_HUMAN
[],S40A1_HUMAN
[],IRPL2_HUMAN
[],ARFG3_HUMAN
[],GCM1_HUMAN
[],ZCC17_HUMAN
[],HM20A_HUMAN
[],AMBN_HUMAN
[],MLXPL_HUMAN
[],RAB18_HUMAN
[],ALG13_HUMAN
[],PALMD_HUMAN
[],SSU72_HUMAN
[],ABCB9_HUMAN
[],VTA1_HUMAN
[],PLPL8_HUMAN
[],SYSM_HUMAN
[],TNR12_HUMAN
[],PODO_HUMAN
[],CABP5_HUMAN
[],DPOLM_HUMAN
[],RAB9B_HUMAN
[],S6A20_HUMAN
[],S39A2_HUMAN
[],FGF20_HUMAN
[],DLRB1_HUMAN
[],MYOZ1_HUMAN
[],TREM1_HUMAN
[],EMC7_HUMAN
[],KCMB3_HUMAN
[],MMP25_HUMAN
[],M1IP1_HUMAN
[],ENY2_HUMAN
[],SAYS1_HUMAN
[],NT5M_HUMAN
[],CABP2_HUMAN
[],PAR6A_HUMAN
[],ACKR4_HUMAN
[],LT4R2_HUMAN
[],KCNK9_HUMAN
[],CIP1_HUMAN
[],A4GAT_HUMAN
[],MYOZ2_HUMAN
[],MYNN_HUMAN
[],SIX2_HUMAN
[],EXOS4_HUMAN
[],SO1B3_HUMAN
[],UBE2T_HUMAN
[],NGRN_HUMAN
[],NOP10_HUMAN
[],SPAG4_HUMAN
[],CD320_HUMAN
[],CHSTB_HUMAN
[],OSGEP_HUMAN
[],DMAP1_HUMAN
[],IL23A_HUMAN
[],ADAP2_HUMAN
[],FZD3_HUMAN
[],NGB_HUMAN
[],UBN1_HUMAN
[],PCD12_HUMAN
[],ZDHC4_HUMAN
[],PPA6_HUMAN
[],INO1_HUMAN
[],IL1AP_HUMAN
[],NOX4_HUMAN
[],IL26_HUMAN
[],TM138_HUMAN
[],BRD7_HUMAN
[],NRK2_HUMAN
[],DCP1A_HUMAN
[],FANCF_HUMAN
[],KCJ16_HUMAN
[],MKKS_HUMAN
[],ACO13_HUMAN
[],PNRC2_HUMAN
[],MED4_HUMAN
[],NXT2_HUMAN
[],TIDC1_HUMAN
[],NLRC4_HUMAN
[],RIC8A_HUMAN
[],SEM4B_HUMAN
[],GP108_HUMAN
[],C1QR1_HUMAN
[],B3GA2_HUMAN
[],AT132_HUMAN
[],SLAF7_HUMAN
[],LUC7L_HUMAN
[],ESM1_HUMAN
[],AKIP1_HUMAN
[],ASCL3_HUMAN
[],TMM9B_HUMAN
[],SCUB2_HUMAN
[],ISK5_HUMAN
[],S52A3_HUMAN
[],LZTL1_HUMAN
[],RM40_HUMAN
[],SSF1_HUMAN
[],PLCB1_HUMAN
[],LHX9_HUMAN
[],CASS4_HUMAN
[],MEPE_HUMAN
[],CRAC1_HUMAN
[],GPC5C_HUMAN
[],TRI36_HUMAN
[],HEYL_HUMAN
[],TIGAR_HUMAN
[],FERY3_HUMAN
[],ANO2_HUMAN
[],COPRS_HUMAN
[],A1CF_HUMAN
[],TRPV5_HUMAN
[],TF7L2_HUMAN
[],JADE2_HUMAN
[],RTN4_HUMAN
[],CYLD_HUMAN
[],IFT46_HUMAN
[],HINT3_HUMAN
[],MANBL_HUMAN
[],RPR1B_HUMAN
[],MID51_HUMAN
[],HPS4_HUMAN
[],XPP3_HUMAN
[],DDX4_HUMAN
[],RRAGD_HUMAN
[],DMRT3_HUMAN
[],DAAF6_HUMAN
[],PFD4_HUMAN
[],S35C2_HUMAN
[],KMT5A_HUMAN
[],NIT2_HUMAN
[],G6PC2_HUMAN
[],NECT3_HUMAN
[],GPR84_HUMAN
[],INCE_HUMAN
[],EXOS5_HUMAN
[],EXOS3_HUMAN
[],KI13B_HUMAN
[],PAK6_HUMAN
[],PRD11_HUMAN
[],PRD10_HUMAN
[],PRDM9_HUMAN
[],PRDM8_HUMAN
[],SC31B_HUMAN
[],PRDM7_HUMAN
[],ANLN_HUMAN
[],XPP1_HUMAN
[],CNGB3_HUMAN
[],PRDM6_HUMAN
[],PRDM5_HUMAN
[],GEPH_HUMAN
[],MYO5C_HUMAN
[],NPDC1_HUMAN
[],ITM2C_HUMAN
[],BIN3_HUMAN
[],SAS10_HUMAN
[],DAZ1_HUMAN
[],STAR7_HUMAN
[],ZC4H2_HUMAN
[],ENTP7_HUMAN
[],ZNF71_HUMAN
[],TCIM_HUMAN
[],BIRC6_HUMAN
[],ZN302_HUMAN
[],PDLI7_HUMAN
[],C163B_HUMAN
[],ACSA_HUMAN
[],DYRK4_HUMAN
[],PAR11_HUMAN
[],ANM8_HUMAN
[],GDF3_HUMAN
[],DBLOH_HUMAN
[],DDX21_HUMAN
[],SAR1A_HUMAN
[],DPOE4_HUMAN
[],MA1C1_HUMAN
[],SIAS_HUMAN
[],SHLB2_HUMAN
[],ASH1L_HUMAN
[],EI2BG_HUMAN
[],BATF3_HUMAN
[],MBNL1_HUMAN
[],DLL4_HUMAN
[],CP26B_HUMAN
[],KLHL1_HUMAN
[],ASAH2_HUMAN
[],ARHG4_HUMAN
[],ARHG3_HUMAN
[],KCNQ5_HUMAN
[],S2A4R_HUMAN
[],DAZ3_HUMAN
[],TLR9_HUMAN
[],TLR8_HUMAN
[],MXRA5_HUMAN
[],SPHK2_HUMAN
[],PDGFC_HUMAN
[],S17A5_HUMAN
[],4ET_HUMAN
[],CHSTC_HUMAN
[],ST7_HUMAN
[],SPTN5_HUMAN
[],SIR7_HUMAN
[],FBX6_HUMAN
[],PICK1_HUMAN
[],DUOX2_HUMAN
[],DUOX1_HUMAN
[],MMP26_HUMAN
[],TSH2_HUMAN
[],SH2B1_HUMAN
[],PYRG2_HUMAN
[],DPOE3_HUMAN
[],CHRC1_HUMAN
[],PRDC1_HUMAN
[],SMYD2_HUMAN
[],AAAS_HUMAN
[],SNRK_HUMAN
[],TBG2_HUMAN
[],DISC1_HUMAN
[],CCL28_HUMAN
[],TULP4_HUMAN
[],PCDBG_HUMAN
[],ABCBA_HUMAN
[],BAZ1A_HUMAN
[],STRN4_HUMAN
[],GTR9_HUMAN
[],ENAM_HUMAN
[],I17RB_HUMAN
[],LATS2_HUMAN
[],ADPPT_HUMAN
[],METL5_HUMAN
[],OSTC_HUMAN
[],STK36_HUMAN
[],PLS4_HUMAN
[],SMCO4_HUMAN
[],TRYG1_HUMAN
[],C42S2_HUMAN
[],RNC_HUMAN
[],UBQL4_HUMAN
[],INP5E_HUMAN
[],C42S1_HUMAN
[],TMPS4_HUMAN
[],SNX15_HUMAN
[],RAB6B_HUMAN
[],ABC3C_HUMAN
[],DUS22_HUMAN
[],VPS45_HUMAN
[],PNO1_HUMAN
[],RM17_HUMAN
[],PHP14_HUMAN
[],SERC1_HUMAN
[],KISHB_HUMAN
[],SOSSC_HUMAN
[],RHG35_HUMAN
[],PLS3_HUMAN
[],PLS2_HUMAN
[],PLCD_HUMAN
[],PLCC_HUMAN
[],HELLS_HUMAN
[],C1GLT_HUMAN
[],LTBP3_HUMAN
[],GLRX2_HUMAN
[],RASF1_HUMAN
[],ZHANG_HUMAN
[],RED2_HUMAN
[],KCNH7_HUMAN
[],TOPRS_HUMAN
[],KCIP2_HUMAN
[],THSD1_HUMAN
[],RPRM_HUMAN
[],TNR19_HUMAN
[],TOM22_HUMAN
[],GKN1_HUMAN
[],MBIP1_HUMAN
[],CLTR2_HUMAN
[],AAA1_HUMAN
[],CHST7_HUMAN
[],LANC2_HUMAN
[],KIF15_HUMAN
[],RAD18_HUMAN
[],S22AB_HUMAN
[],FGF21_HUMAN
[],KCND1_HUMAN
[],CNBP1_HUMAN
[],KRT84_HUMAN
[],KRT82_HUMAN
[],HOME2_HUMAN
[],SALL1_HUMAN
[],HOME3_HUMAN
[],SIA7A_HUMAN
[],ZN275_HUMAN
[],S6A13_HUMAN
[],SYFB_HUMAN
[],CISH_HUMAN
[],SYIM_HUMAN
[],FIRRM_HUMAN
[],BRWD1_HUMAN
[],SAMN1_HUMAN
[],KLC4_HUMAN
[],CS012_HUMAN
[],SNTG1_HUMAN
[],CENPM_HUMAN
[],PLPL3_HUMAN
[],TREX1_HUMAN
[],DIAP3_HUMAN
[],BMP2K_HUMAN
[],EMIL3_HUMAN
[],ATG3_HUMAN
[],TEN2_HUMAN
[],LRC4B_HUMAN
[],PKDRE_HUMAN
[],SIR3_HUMAN
[],AT8A2_HUMAN
[],PDS5B_HUMAN
[],SMC4_HUMAN
[],MA2C1_HUMAN
[],SAC1_HUMAN
[],DEPP1_HUMAN
[],OLA1_HUMAN
[],CUTC_HUMAN
[],S35D1_HUMAN
[],SEM4G_HUMAN
[],CXB4_HUMAN
[],ZF64B_HUMAN
[],RN146_HUMAN
[],F217B_HUMAN
[],TB22B_HUMAN
[],MDN1_HUMAN
[],FX4L1_HUMAN
[],ZFP57_HUMAN
[],ACS2L_HUMAN
[],ZCHC3_HUMAN
[],PIGV_HUMAN
[],ZDH18_HUMAN
[],TM14B_HUMAN
[],DECR2_HUMAN
[],ABHDA_HUMAN
[],T11L1_HUMAN
[],MBNL3_HUMAN
[],STAU2_HUMAN
[],SHFL_HUMAN
[],DDX28_HUMAN
[],S39A9_HUMAN
[],T106B_HUMAN
[],LMBD1_HUMAN
[],ACER3_HUMAN
[],LIN7C_HUMAN
[],PLCE_HUMAN
[],TXLNG_HUMAN
[],UFSP2_HUMAN
[],CYRIB_HUMAN
[],AP5S1_HUMAN
[],MITOS_HUMAN
[],OTULL_HUMAN
[],DD19A_HUMAN
[],SPTC3_HUMAN
[],GIMA4_HUMAN
[],TYDP1_HUMAN
[],POTE1_HUMAN
[],TBC23_HUMAN
[],DCA13_HUMAN
[],TM140_HUMAN
[],SAST_HUMAN
[],TM100_HUMAN
[],IMP3_HUMAN
[],NUD15_HUMAN
[],MRGBP_HUMAN
[],RN19A_HUMAN
[],TM39A_HUMAN
[],EXOC1_HUMAN
[],PCMD2_HUMAN
[],INT9_HUMAN
[],NFIP2_HUMAN
[],CC50A_HUMAN
[],UQCC1_HUMAN
[],SEP11_HUMAN
[],S38A7_HUMAN
[],MED17_HUMAN
[],SETD4_HUMAN
[],PARVA_HUMAN
[],UBP40_HUMAN
[],PANK4_HUMAN
[],FBX28_HUMAN
[],EKI2_HUMAN
[],EXD2_HUMAN
[],DJC11_HUMAN
[],INT7_HUMAN
[],TMLH_HUMAN
[],FANCI_HUMAN
[],ATD3A_HUMAN
[],ARL8B_HUMAN
[],FGOP2_HUMAN
[],F86C1_HUMAN
[],FAME_HUMAN
[],ANM7_HUMAN
[],INT13_HUMAN
[],RIC8B_HUMAN
[],GNL3L_HUMAN
[],DDX18_HUMAN
[],ASF1B_HUMAN
[],DZAN1_HUMAN
[],INT10_HUMAN
[],KTU_HUMAN
[],PNPO_HUMAN
[],ARMC1_HUMAN
[],RPC5_HUMAN
[],SDA1_HUMAN
[],TM38B_HUMAN
[],PAPD1_HUMAN
[],AIG1_HUMAN
[],THAP1_HUMAN
[],RNF12_HUMAN
[],HAUS2_HUMAN
[],NLE1_HUMAN
[],KBTB4_HUMAN
[],RPC2_HUMAN
[],RBM28_HUMAN
[],ANO10_HUMAN
[],FANCL_HUMAN
[],RBM22_HUMAN
[],GPTC2_HUMAN
[],DMAC2_HUMAN
[],TMM51_HUMAN
[],RFOX1_HUMAN
[],ARGL1_HUMAN
[],IFT57_HUMAN
[],TM248_HUMAN
[],BEX4_HUMAN
[],S52A1_HUMAN
[],RN216_HUMAN
[],TM242_HUMAN
[],SPAT6_HUMAN
[],SLTM_HUMAN
[],BCD1_HUMAN
[],SMOX_HUMAN
[],FKB14_HUMAN
[],FBX34_HUMAN
[],GPT2L_HUMAN
[],PHAG1_HUMAN
[],CN119_HUMAN
[],MCUB_HUMAN
[],PIHD1_HUMAN
[],PARI_HUMAN
[],F118A_HUMAN
[],RMND1_HUMAN
[],ZN446_HUMAN
[],PK1IP_HUMAN
[],HIF1N_HUMAN
[],AKIP_HUMAN
[],OXSM_HUMAN
[],GID8_HUMAN
[],RM22_HUMAN
[],BABA1_HUMAN
[],CLN6_HUMAN
[],NRK1_HUMAN
[],PLAT2_HUMAN
[],ASB6_HUMAN
[],THG1_HUMAN
[],HPF1_HUMAN
[],IRAK4_HUMAN
[],UCKL1_HUMAN
[],GEMI8_HUMAN
[],TXN4B_HUMAN
[],NALP2_HUMAN
[],AIRIM_HUMAN
[],TSAP1_HUMAN
[],COMD8_HUMAN
[],DDIT4_HUMAN
[],NDUBB_HUMAN
[],SDHF2_HUMAN
[],NHP2_HUMAN
[],OCAD1_HUMAN
[],ADPRS_HUMAN
[],MARH5_HUMAN
[],RHBL2_HUMAN
[],HYPK_HUMAN
[],RAB20_HUMAN
[],LYAR_HUMAN
[],T161A_HUMAN
[],IMPA3_HUMAN
[],MIC19_HUMAN
[],ZSC32_HUMAN
[],MED29_HUMAN
[],DUS2_HUMAN
[],CKLF6_HUMAN
[],TM260_HUMAN
[],WBP1L_HUMAN
[],SYBU_HUMAN
[],SIR5_HUMAN
[],MKS1_HUMAN
[],ELOV2_HUMAN
[],GFOD1_HUMAN
[],MIOS_HUMAN
[],NSMA3_HUMAN
[],CWC25_HUMAN
[],TEX10_HUMAN
[],ZDHC7_HUMAN
[],CNTLN_HUMAN
[],THUM1_HUMAN
[],P4HTM_HUMAN
[],TRM1_HUMAN
[],RN186_HUMAN
[],PGPI_HUMAN
[],MCM9_HUMAN
[],NDE1_HUMAN
[],ANR10_HUMAN
[],BABA2_HUMAN
[],ING3_HUMAN
[],QPCTL_HUMAN
[],KCTD5_HUMAN
[],CARF_HUMAN
[],DJB12_HUMAN
[],ALKB4_HUMAN
[],NSE4A_HUMAN
[],DDX43_HUMAN
[],GAR1_HUMAN
[],STAB1_HUMAN
[],CLC5A_HUMAN
[],S39A1_HUMAN
[],PP4R2_HUMAN
[],GALT8_HUMAN
[],BTG4_HUMAN
[],DPP3_HUMAN
[],CLDN1_HUMAN
[],ASIC5_HUMAN
[],SCN3A_HUMAN
[],CA2D2_HUMAN
[],OBP2A_HUMAN
[],NSMA2_HUMAN
[],AATF_HUMAN
[],SL2A8_HUMAN
[],TBA8_HUMAN
[],SCN3B_HUMAN
[],ETAA1_HUMAN
[],SC5A4_HUMAN
[],DDX56_HUMAN
[],B3GN2_HUMAN
[],SNTG2_HUMAN
[],SPHK1_HUMAN
[],GOG6A_HUMAN
[],MTMR4_HUMAN
[],TE2IP_HUMAN
[],SO1C1_HUMAN
[],ABI2_HUMAN
[],DYH9_HUMAN
[],HXC10_HUMAN
[],DACT1_HUMAN
[],BCLF1_HUMAN
[],ZDHC3_HUMAN
[],APC11_HUMAN
[],KCNK4_HUMAN
[],UTP6_HUMAN
[],PSD3_HUMAN
[],DLL3_HUMAN
[],TAB2_HUMAN
[],TLR7_HUMAN
[],RM39_HUMAN
[],EURL_HUMAN
[],M3K20_HUMAN
[],CP39A_HUMAN
[],GPR83_HUMAN
[],BET1L_HUMAN
[],DONS_HUMAN
[],ELOV5_HUMAN
[],EPCIP_HUMAN
[],MS18A_HUMAN
[],HAOX2_HUMAN
[],CELR1_HUMAN
[],CELR3_HUMAN
[],FAT2_HUMAN
[],KBRS2_HUMAN
[],KBRS1_HUMAN
[],UGGG2_HUMAN
[],UGGG1_HUMAN
[],CDK12_HUMAN
[],RRN3_HUMAN
[],T2R16_HUMAN
[],T2R14_HUMAN
[],T2R10_HUMAN
[],TA2R5_HUMAN
[],TA2R4_HUMAN
[],RBAK_HUMAN
[],CALY_HUMAN
[],IL20_HUMAN
[],PLK2_HUMAN
[],FAKD2_HUMAN
[],TV23B_HUMAN
[],MFRN1_HUMAN
[],GTSE1_HUMAN
[],SIGL8_HUMAN
[],TECR_HUMAN
[],ERAP1_HUMAN
[],UBAP1_HUMAN
[],PA2G3_HUMAN
[],PEN2_HUMAN
[],USE1_HUMAN
[],CISD1_HUMAN
[],GGA3_HUMAN
[],PDXL2_HUMAN
[],FMN2_HUMAN
[],TLS1_HUMAN
[],RTEL1_HUMAN
[],STMN3_HUMAN
[],PRR13_HUMAN
[],NLGN3_HUMAN
[],CLIC5_HUMAN
[],F120A_HUMAN
[],MOCS1_HUMAN
[],TREM2_HUMAN
[],GDE1_HUMAN
[],EHF_HUMAN
[],WWOX_HUMAN
[],SMAL1_HUMAN
[],GPC5D_HUMAN
[],GLTP_HUMAN
[],AHSP_HUMAN
[],SPG21_HUMAN
[],RM35_HUMAN
[],NINJ2_HUMAN
[],GPC5B_HUMAN
[],IL37_HUMAN
[],IL36B_HUMAN
[],IL36G_HUMAN
[],KCIP1_HUMAN
[],GRHL1_HUMAN
[],TF2L1_HUMAN
[],UBIP1_HUMAN
[],IF2B1_HUMAN
[],DTL_HUMAN
[],SACS_HUMAN
[],E2AK3_HUMAN
[],COQ3_HUMAN
[],MTCH1_HUMAN
[],NUDT4_HUMAN
[],ADA2_HUMAN
[],PA2GE_HUMAN
[],ZN224_HUMAN
[],HPBP1_HUMAN
[],MAT2B_HUMAN
[],MYOF_HUMAN
[],ITSN2_HUMAN
[],BICRA_HUMAN
[],NOP53_HUMAN
[],PK2L2_HUMAN
[],IRPL1_HUMAN
[],EHD3_HUMAN
[],EHD2_HUMAN
[],ARHGC_HUMAN
[],CNOT2_HUMAN
[],AIPL1_HUMAN
[],NPAP1_HUMAN
[],C1RL_HUMAN
[],SPN90_HUMAN
[],PD1L1_HUMAN
[],TRPM5_HUMAN
[],TMOD2_HUMAN
[],LRP1B_HUMAN
[],VSX1_HUMAN
[],KLRF1_HUMAN
[],BFAR_HUMAN
[],CALL5_HUMAN
[],FLRT3_HUMAN
[],FLRT1_HUMAN
[],LMCD1_HUMAN
[],CABP1_HUMAN
[],CRIM1_HUMAN
[],SELN_HUMAN
[],MSRB1_HUMAN
[],ZIM2_HUMAN
[],KCND2_HUMAN
[],DSPP_HUMAN
[],CHMP5_HUMAN
[],COMD9_HUMAN
[],CNIH4_HUMAN
[],CWC15_HUMAN
[],CRIPT_HUMAN
[],NDUF4_HUMAN
[],HACD3_HUMAN
[],JKAMP_HUMAN
[],MED11_HUMAN
[],CC167_HUMAN
[],KLK14_HUMAN
[],EMC3_HUMAN
[],NDUAD_HUMAN
[],PDP1_HUMAN
[],KCMF1_HUMAN
[],ADA22_HUMAN
[],RAI14_HUMAN
[],FOXJ2_HUMAN
[],FRS1L_HUMAN
[],VAPA_HUMAN
[],ZKSC7_HUMAN
[],MARK1_HUMAN
[],PK2L1_HUMAN
[],AKA7G_HUMAN
[],H2AW_HUMAN
[],TM216_HUMAN
[],MARH2_HUMAN
[],TBCD7_HUMAN
[],RN181_HUMAN
[],MRES1_HUMAN
[],GSKIP_HUMAN
[],COX16_HUMAN
[],ORML1_HUMAN
[],TM14C_HUMAN
[],ZN581_HUMAN
[],TMEM9_HUMAN
[],TOM7_HUMAN
[],SENP1_HUMAN
[],CXXC1_HUMAN
[],SH3B4_HUMAN
[],SLAF8_HUMAN
[],SEP10_HUMAN
[],IFNK_HUMAN
[],HM20B_HUMAN
[],SPAT7_HUMAN
[],CAC1I_HUMAN
[],SOX_HUMAN
[],GMIP_HUMAN
[],GCNT4_HUMAN
[],NTRI_HUMAN
[],CLC1B_HUMAN
[],LUZP4_HUMAN
[],DLGP2_HUMAN
[],VPS54_HUMAN
[],MDFIC_HUMAN
[],RPA12_HUMAN
[],TM63C_HUMAN
[],SIRPG_HUMAN
[],PIM2_HUMAN
[],CAMP3_HUMAN
[],ZBTB4_HUMAN
[],CACO1_HUMAN
[],HCN3_HUMAN
[],WHRN_HUMAN
[],NHSL3_HUMAN
[],CEP72_HUMAN
[],PLCE1_HUMAN
[],DAPLE_HUMAN
[],DYH2_HUMAN
[],CNTN3_HUMAN
[],AT10D_HUMAN
[],ZFAT_HUMAN
[],STIM2_HUMAN
[],VPS18_HUMAN
[],RCC2_HUMAN
[],JCAD_HUMAN
[],MBD5_HUMAN
[],SLAI2_HUMAN
[],TRM9B_HUMAN
[],TEN3_HUMAN
[],UBP36_HUMAN
[],FNIP2_HUMAN
[],SEM5B_HUMAN
[],PAK5_HUMAN
[],BCCIP_HUMAN
[],STK26_HUMAN
[],C5AR2_HUMAN
[],ABI3_HUMAN
[],FPRP_HUMAN
[],CT2NL_HUMAN
[],IBTK_HUMAN
[],CHD7_HUMAN
[],HTR5B_HUMAN
[],DYH1_HUMAN
[],KIF17_HUMAN
[],ZNFX1_HUMAN
[],CHPF2_HUMAN
[],PCD10_HUMAN
[],MARH4_HUMAN
[],RRBP1_HUMAN
[],RHG20_HUMAN
[],ZN319_HUMAN
[],AKIB1_HUMAN
[],KLH14_HUMAN
[],MAP10_HUMAN
[],KLHL8_HUMAN
[],CE126_HUMAN
[],IFT80_HUMAN
[],UBP35_HUMAN
[],CPSF2_HUMAN
[],TUTLA_HUMAN
[],KLHL9_HUMAN
[],SYLC_HUMAN
[],C2D2A_HUMAN
[],TXD16_HUMAN
[],RCOR3_HUMAN
[],MYEF2_HUMAN
[],KLH42_HUMAN
[],E2AK4_HUMAN
[],DISP3_HUMAN
[],WDR35_HUMAN
[],LR2BP_HUMAN
[],TBC14_HUMAN
[],CING_HUMAN
[],RHG28_HUMAN
[],ATS9_HUMAN
[],KANL3_HUMAN
[],KLH13_HUMAN
[],HECW2_HUMAN
[],STAR9_HUMAN
[],FRM4A_HUMAN
[],ANFY1_HUMAN
[],RERE_HUMAN
[],SUCB1_HUMAN
[],NRX2A_HUMAN
[],WRP73_HUMAN
[],SPMA2_HUMAN
[],GMPR2_HUMAN
[],VGLU1_HUMAN
[],VGLU2_HUMAN
[],HOP2_HUMAN
[],GBG13_HUMAN
[],B3GA1_HUMAN
[],STX18_HUMAN
[],DPM3_HUMAN
[],IMPCT_HUMAN
[],ZN219_HUMAN
[],UVRAG_HUMAN
[],ATX10_HUMAN
[],MBD2_HUMAN
[],NCDN_HUMAN
[],TFP11_HUMAN
[],HNF6_HUMAN
[],IKBL1_HUMAN
[],EP15R_HUMAN
[],DNM3B_HUMAN
[],MYO1A_HUMAN
[],GALP_HUMAN
[],SPRR3_HUMAN
[],HSFX1_HUMAN
[],XCL2_HUMAN
[],ORC3_HUMAN
[],RHCG_HUMAN
[],CLCF1_HUMAN
[],SAE1_HUMAN
[],NLK_HUMAN
[],MAGC2_HUMAN
[],COPG2_HUMAN
[],RBX2_HUMAN
[],PI4KB_HUMAN
[],MYOTI_HUMAN
[],MRC2_HUMAN
[],CRNN_HUMAN
[],I36RA_HUMAN
[],S53A1_HUMAN
[],COMD3_HUMAN
[],STML1_HUMAN
[],GBG12_HUMAN
[],ABCD2_HUMAN
[],PRGC1_HUMAN
[],HCST_HUMAN
[],MTRR_HUMAN
[],UXT_HUMAN
[],ASH2L_HUMAN
[],CPNE7_HUMAN
[],P2RX2_HUMAN
[],PEMT_HUMAN
[],OPT_HUMAN
[],DHCR7_HUMAN
[],MGT4C_HUMAN
[],CCG4_HUMAN
[],TRPC4_HUMAN
[],TR10D_HUMAN
[],HDAC6_HUMAN
[],SPAST_HUMAN
[],DKK3_HUMAN
[],HEY2_HUMAN
[],TRMB_HUMAN
[],GULP1_HUMAN
[],VPS29_HUMAN
[],EIF3K_HUMAN
[],EXTL2_HUMAN
[],GRHPR_HUMAN
[],BUP1_HUMAN
[],CATZ_HUMAN
[],LHX3_HUMAN
[],CKLF_HUMAN
[],KS6B2_HUMAN
[],DNJB9_HUMAN
[],DJB11_HUMAN
[],GABR1_HUMAN
[],RNF14_HUMAN
[],SUCO_HUMAN
[],SAE2_HUMAN
[],DKK4_HUMAN
[],POLK_HUMAN
[],CTNL1_HUMAN
[],DKK2_HUMAN
[],GHRL_HUMAN
[],DBF4A_HUMAN
[],MO4L1_HUMAN
[],NXF1_HUMAN
[],SE1L1_HUMAN
[],WNT16_HUMAN
[],B4GT7_HUMAN
[],PEF1_HUMAN
[],BIN2_HUMAN
[],ZMYM2_HUMAN
[],CSN7A_HUMAN
[],HESX1_HUMAN
[],CATF_HUMAN
[],DUX4_HUMAN
[],DIC_HUMAN
[],FBLN5_HUMAN
[],KLK11_HUMAN
[],B4GT6_HUMAN
[],SL9A2_HUMAN
[],LPAR3_HUMAN
[],CLN8_HUMAN
[],HSPB7_HUMAN
[],APEX2_HUMAN
[],REV1_HUMAN
[],ZNF69_HUMAN
[],PPR1B_HUMAN
[],AASS_HUMAN
[],CLIP2_HUMAN
[],ZN212_HUMAN
[],QCR9_HUMAN
[],ZMAT5_HUMAN
[],S14L4_HUMAN
[],ZO2_HUMAN
[],DNJB4_HUMAN
[],TRI10_HUMAN
[],MALT1_HUMAN
[],ST17A_HUMAN
[],KLOT_HUMAN
[],ZN629_HUMAN
[],DAXX_HUMAN
[],TRM7_HUMAN
[],VTI1B_HUMAN
[],MARCO_HUMAN
[],STK39_HUMAN
[],ADDG_HUMAN
[],PKHB1_HUMAN
[],HYPDH_HUMAN
[],EPHA6_HUMAN
[],FXL17_HUMAN
[],ZBT47_HUMAN
[],LRWD1_HUMAN
[],RIM3A_HUMAN
[],CCD39_HUMAN
[],CNOT8_HUMAN
[],CS025_HUMAN
[],DYH17_HUMAN
[],GAK1A_HUMAN
[],CGBP1_HUMAN
[],IF172_HUMAN
[],GIMA2_HUMAN
[],PISD_HUMAN
[],MIOX_HUMAN
[],RGS17_HUMAN
[],RF1ML_HUMAN
[],S23A2_HUMAN
[],ZRAN1_HUMAN
[],KCNN3_HUMAN
[],TES_HUMAN
[],AAKG3_HUMAN
[],AAKG2_HUMAN
[],GCP4_HUMAN
[],STAP2_HUMAN
[],SRGEF_HUMAN
[],KDM5B_HUMAN
[],CRCT1_HUMAN
[],ACHA9_HUMAN
[],DMBT1_HUMAN
[],FETUB_HUMAN
[],SYWM_HUMAN
[],CLM8_HUMAN
[],PARP2_HUMAN
[],LIMD1_HUMAN
[],DPOLL_HUMAN
[],SEC63_HUMAN
[],FLOWR_HUMAN
[],GTR6_HUMAN
[],Z3H7B_HUMAN
[],SUSD2_HUMAN
[],TCF20_HUMAN
[],HMGX4_HUMAN
[],NOL12_HUMAN
[],SEPT3_HUMAN
[],ABC3B_HUMAN
[],SWP70_HUMAN
[],COE1_HUMAN
[],KLHL3_HUMAN
[],MLX_HUMAN
[],SUN2_HUMAN
[],LTOR3_HUMAN
[],IL36A_HUMAN
[],NDOR1_HUMAN
[],LIMA1_HUMAN
[],AFF4_HUMAN
[],SRP68_HUMAN
[],MLH3_HUMAN
[],ASIC3_HUMAN
[],CNTP2_HUMAN
[],MKRN1_HUMAN
[],NPCL1_HUMAN
[],IL19_HUMAN
[],CHRD1_HUMAN
[],TBK1_HUMAN
[],CIDEB_HUMAN
[],SEPT9_HUMAN
[],UBQL2_HUMAN
[],NAT8_HUMAN
[],STEA1_HUMAN
[],TKNK_HUMAN
[],EGFL7_HUMAN
[],NAT8B_HUMAN
[],I20RA_HUMAN
[],TRPS1_HUMAN
[],DCDC2_HUMAN
[],PCS1N_HUMAN
[],PCYOX_HUMAN
[],IP6K2_HUMAN
[],LAT2_HUMAN
[],DDX20_HUMAN
[],S23A1_HUMAN
[],ATS1_HUMAN
[],SMBT1_HUMAN
[],SHPK_HUMAN
[],PGAP2_HUMAN
[],NUFP1_HUMAN
[],AMACR_HUMAN
[],DDX25_HUMAN
[],DPP2_HUMAN
[],GT2D1_HUMAN
[],OPN4_HUMAN
[],DPOG2_HUMAN
[],CEIP2_HUMAN
[],UBP25_HUMAN
[],RSP14_HUMAN
[],CLC2D_HUMAN
[],NARF_HUMAN
[],BAP29_HUMAN
[],NB5R1_HUMAN
[],BI2L1_HUMAN
[],S30BP_HUMAN
[],SRTD1_HUMAN
[],MED13_HUMAN
[],PP13_HUMAN
[],PFD2_HUMAN
[],S12A6_HUMAN
[],PUF60_HUMAN
[],AGRE2_HUMAN
[],NRBP_HUMAN
[],ENOPH_HUMAN
[],FEZ2_HUMAN
[],EVL_HUMAN
[],NDUAC_HUMAN
[],EI2BD_HUMAN
[],VATH_HUMAN
[],PRAF1_HUMAN
[],M2GD_HUMAN
[],IPO11_HUMAN
[],TR112_HUMAN
[],GLSL_HUMAN
[],SCNBA_HUMAN
[],DACH1_HUMAN
[],TSP50_HUMAN
[],NCKX2_HUMAN
[],CBPA4_HUMAN
[],MRM2_HUMAN
[],DNAI1_HUMAN
[],CTNA3_HUMAN
[],MD2L2_HUMAN
[],CYH4_HUMAN
[],XPO7_HUMAN
[],SLAF5_HUMAN
[],LCMT1_HUMAN
[],VPS51_HUMAN
[],ZN639_HUMAN
[],ZN230_HUMAN
[],MUTYH_HUMAN
[],BAZ2B_HUMAN
[],BAZ2A_HUMAN
[],BAZ1B_HUMAN
[],PS1C2_HUMAN
[],SO3A1_HUMAN
[],KLF15_HUMAN
[],ATIF1_HUMAN
[],HERC5_HUMAN
[],DS13B_HUMAN
[],ZDHC2_HUMAN
[],KAD3_HUMAN
[],DAPK2_HUMAN
[],TEFF2_HUMAN
[],SCOC_HUMAN
[],KIF25_HUMAN
[],PHF11_HUMAN
[],LCAP_HUMAN
[],BTNL2_HUMAN
[],MBD1_HUMAN
[],SIX4_HUMAN
[],CNOT7_HUMAN
[],SPB13_HUMAN
[],VAX2_HUMAN
[],PLXA1_HUMAN
[],KCNG1_HUMAN
[],GGT7_HUMAN
[],SIA7B_HUMAN
[],RABX5_HUMAN
[],MAGL2_HUMAN
[],MSRA_HUMAN
[],NAGK_HUMAN
[],CLC4K_HUMAN
[],ZMYM5_HUMAN
[],HACL1_HUMAN
[],KCNE5_HUMAN
[],KCNG2_HUMAN
[],STAG3_HUMAN
[],CRLS1_HUMAN
[],MCM8_HUMAN
[],TRM6_HUMAN
[],ENPP5_HUMAN
[],HOOK1_HUMAN
[],RIMS3_HUMAN
[],NGAP_HUMAN
[],GNPTG_HUMAN
[],ZF69B_HUMAN
[],ERRFI_HUMAN
[],HAOX1_HUMAN
[],KLH21_HUMAN
[],LAMP5_HUMAN
[],SALL4_HUMAN
[],S2513_HUMAN
[],TBD_HUMAN
[],TSKS_HUMAN
[],FBXL7_HUMAN
[],LEF1_HUMAN
[],FOXD3_HUMAN
[],DBNL_HUMAN
[],TRIM1_HUMAN
[],DDX41_HUMAN
[],DCTN4_HUMAN
[],TINAG_HUMAN
[],DNM3L_HUMAN
[],ZN180_HUMAN
[],SRTD3_HUMAN
[],OSGI1_HUMAN
[],CDC23_HUMAN
[],APC7_HUMAN
[],APC5_HUMAN
[],APC4_HUMAN
[],ANC2_HUMAN
[],HSPB8_HUMAN
[],GGA2_HUMAN
[],GGA1_HUMAN
[],STML2_HUMAN
[],GDF2_HUMAN
[],KCND3_HUMAN
[],FBX2_HUMAN
[],NAGPA_HUMAN
[],KS6A6_HUMAN
[],ZN580_HUMAN
[],NOCT_HUMAN
[],VPS28_HUMAN
[],LSM7_HUMAN
[],ING1_HUMAN
[],ZPI_HUMAN
[],CCNL1_HUMAN
[],DBR1_HUMAN
[],TASOR_HUMAN
[],FEM1B_HUMAN
[],JUPI1_HUMAN
[],UBP21_HUMAN
[],FBX10_HUMAN
[],FBX9_HUMAN
[],FBX3_HUMAN
[],FBXL5_HUMAN
[],FBXL4_HUMAN
[],AKA11_HUMAN
[],RCAN3_HUMAN
[],PTBP2_HUMAN
[],FBW1B_HUMAN
[],DJC12_HUMAN
[],AJAP1_HUMAN
[],FBXL2_HUMAN
[],GMEB2_HUMAN
[],TNIK_HUMAN
[],ADA30_HUMAN
[],ADA29_HUMAN
[],CPSF3_HUMAN
[],PITC1_HUMAN
[],DP13A_HUMAN
[],S13A4_HUMAN
[],OCTC_HUMAN
[],BORG2_HUMAN
[],TLK1_HUMAN
[],PO2F3_HUMAN
[],PILRA_HUMAN
[],CHIC2_HUMAN
[],ADA21_HUMAN
[],PARP4_HUMAN
[],NXT1_HUMAN
[],NUDT5_HUMAN
[],RCOR1_HUMAN
[],C8AP2_HUMAN
[],CXD2_HUMAN
[],PPCT_HUMAN
[],MA1B1_HUMAN
[],RALY_HUMAN
[],MUC12_HUMAN
[],PRDM4_HUMAN
[],MYO15_HUMAN
[],TF3C4_HUMAN
[],ITBP2_HUMAN
[],ATS7_HUMAN
[],ATS6_HUMAN
[],UR2R_HUMAN
[],ADA28_HUMAN
[],KLK12_HUMAN
[],ERG28_HUMAN
[],PACN3_HUMAN
[],IKZF2_HUMAN
[],FBX5_HUMAN
[],FBX4_HUMAN
[],FBXL3_HUMAN
[],FBXW2_HUMAN
[],IKZF3_HUMAN
[],ACSL6_HUMAN
[],TRHDE_HUMAN
[],ACAD8_HUMAN
[],ANGL2_HUMAN
[],HDAC9_HUMAN
[],ACINU_HUMAN
[],AMFR_HUMAN
[],AGO2_HUMAN
[],VAV3_HUMAN
[],ELF5_HUMAN
[],MYH2_HUMAN
[],MYH13_HUMAN
[],ITA11_HUMAN
[],NUP50_HUMAN
[],PRND_HUMAN
[],ZHX1_HUMAN
[],POMT2_HUMAN
[],CNO11_HUMAN
[],TEN1_HUMAN
[],PCOC2_HUMAN
[],DSE_HUMAN
[],INT6_HUMAN
[],SARDH_HUMAN
[],BAG5_HUMAN
[],CFA45_HUMAN
[],TBX21_HUMAN
[],AGO1_HUMAN
[],PLAT4_HUMAN
[],RAB21_HUMAN
[],RB22A_HUMAN
[],TPC2L_HUMAN
[],ZN346_HUMAN
[],PNMA3_HUMAN
[],PNMA2_HUMAN
[],BL1S6_HUMAN
[],PSME2_HUMAN
[],TCFL5_HUMAN
[],HCN2_HUMAN
[],TM11E_HUMAN
[],TAOK2_HUMAN
[],TRPC5_HUMAN
[],MKLN1_HUMAN
[],MYT1L_HUMAN
[],DNPEP_HUMAN
[],NRX1A_HUMAN
[],CADH9_HUMAN
[],CADH7_HUMAN
[],MUCEN_HUMAN
[],RAB23_HUMAN
[],MCTS1_HUMAN
[],ACSL5_HUMAN
[],PADI1_HUMAN
[],ZDHC8_HUMAN
[],OGDHL_HUMAN
[],MTUS1_HUMAN
[],BRPF3_HUMAN
[],ZN777_HUMAN
[],INTU_HUMAN
[],KCNH3_HUMAN
[],WWC3_HUMAN
[],PALD_HUMAN
[],S39AA_HUMAN
[],INO80_HUMAN
[],CCPG1_HUMAN
[],KDIS_HUMAN
[],ASAP1_HUMAN
[],LRFN2_HUMAN
[],MRTFB_HUMAN
[],ATD2B_HUMAN
[],RIMKB_HUMAN
[],HEG1_HUMAN
[],KI26A_HUMAN
[],ODF2L_HUMAN
[],ZBT21_HUMAN
[],ZMIZ1_HUMAN
[],NEB1_HUMAN
[],GRID1_HUMAN
[],MED23_HUMAN
[],VANG2_HUMAN
[],PLXB3_HUMAN
[],SHRM4_HUMAN
[],ZN490_HUMAN
[],YETS2_HUMAN
[],CNOT6_HUMAN
[],NDRG4_HUMAN
[],TBC24_HUMAN
[],STRP2_HUMAN
[],TPC1_HUMAN
[],ISY1_HUMAN
[],PPM1H_HUMAN
[],TTC7A_HUMAN
[],ZNRF3_HUMAN
[],HECD1_HUMAN
[],ZMYD8_HUMAN
[],CAPS1_HUMAN
[],MYO5B_HUMAN
[],FZD4_HUMAN
[],CIZ1_HUMAN
[],COR1C_HUMAN
[],HSF4_HUMAN
[],CBLC_HUMAN
[],TPX2_HUMAN
[],FZD10_HUMAN
[],ABT1_HUMAN
[],RAB26_HUMAN
[],NP1L2_HUMAN
[],PADI3_HUMAN
[],NOB1_HUMAN
[],RN112_HUMAN
[],AKP8L_HUMAN
[],CAH14_HUMAN
[],MAFF_HUMAN
[],CLC4E_HUMAN
[],APEL_HUMAN
[],STAP1_HUMAN
[],ASC_HUMAN
[],MMP17_HUMAN
[],TMCO1_HUMAN
[],YLAT1_HUMAN
[],PADI4_HUMAN
[],FZR1_HUMAN
[],APC10_HUMAN
[],HPCL4_HUMAN
[],MGT4A_HUMAN
[],EPDR1_HUMAN
[],HHLA2_HUMAN
[],NOTC3_HUMAN
[],MYO6_HUMAN
[],PLAL1_HUMAN
[],ALK_HUMAN
[],SPAT2_HUMAN
[],COHA1_HUMAN
[],ICAM5_HUMAN
[],KMT2B_HUMAN
[],BARX2_HUMAN
[],CAN11_HUMAN
[],DD19B_HUMAN
[],TBX20_HUMAN
[],PPT2_HUMAN
[],CLC4A_HUMAN
[],NFU1_HUMAN
[],PRP19_HUMAN
[],SYNP2_HUMAN
[],UBP18_HUMAN
[],UBQL1_HUMAN
[],SUFU_HUMAN
[],OAZ3_HUMAN
[],BOK_HUMAN
[],NENF_HUMAN
[],GUC1B_HUMAN
[],S45A2_HUMAN
[],UTP16_HUMAN
[],SNX12_HUMAN
[],SYNRG_HUMAN
[],PTPRQ_HUMAN
[],DAPP1_HUMAN
[],NDRG2_HUMAN
[],VPS4A_HUMAN
[],AT1B4_HUMAN
[],PCDA7_HUMAN
[],PCDA6_HUMAN
[],PCDA4_HUMAN
[],S6A14_HUMAN
[],SOX13_HUMAN
[],LORF1_HUMAN
[],G3BP2_HUMAN
[],GBRT_HUMAN
[],ATS5_HUMAN
[],RHG26_HUMAN
[],A4GCT_HUMAN
[],POLI_HUMAN
[],EDAR_HUMAN
[],RPH3L_HUMAN
[],CHIP_HUMAN
[],PACN2_HUMAN
[],MAGD2_HUMAN
[],TNF18_HUMAN
[],CC14A_HUMAN
[],SNX7_HUMAN
[],SNX6_HUMAN
[],CELA1_HUMAN
[],DUS12_HUMAN
[],STX8_HUMAN
[],PA2GD_HUMAN
[],ING4_HUMAN
[],PSD13_HUMAN
[],FAF1_HUMAN
[],EPCR_HUMAN
[],SIAT9_HUMAN
[],PPIE_HUMAN
[],ABCG2_HUMAN
[],DIM1_HUMAN
[],TIM_HUMAN
[],CSN3_HUMAN
[],RBL2B_HUMAN
[],CP8B1_HUMAN
[],MINP1_HUMAN
[],GP132_HUMAN
[],NOVA2_HUMAN
[],WDR3_HUMAN
[],KCJ14_HUMAN
[],TTF2_HUMAN
[],ZN232_HUMAN
[],NSF1C_HUMAN
[],FZD1_HUMAN
[],TFR2_HUMAN
[],PA24C_HUMAN
[],ATS8_HUMAN
[],COG5_HUMAN
[],S12A4_HUMAN
[],BSN_HUMAN
[],SRPK3_HUMAN
[],PLAL2_HUMAN
[],FLVC2_HUMAN
[],LHX6_HUMAN
[],AP4E1_HUMAN
[],B9D1_HUMAN
[],MACF1_HUMAN
[],CP131_HUMAN
[],SCAF8_HUMAN
[],PP6R1_HUMAN
[],TRI33_HUMAN
[],PHF8_HUMAN
[],IQEC3_HUMAN
[],LIMC1_HUMAN
[],AGAP1_HUMAN
[],TRI35_HUMAN
[],PZRN3_HUMAN
[],DOLK_HUMAN
[],TNR6B_HUMAN
[],PLCL2_HUMAN
[],SMG5_HUMAN
[],NAC2_HUMAN
[],SET1B_HUMAN
[],ANR26_HUMAN
[],EXOC7_HUMAN
[],JIP3_HUMAN
[],ZC3H4_HUMAN
[],UBP22_HUMAN
[],SORC3_HUMAN
[],UBP24_HUMAN
[],TBD2B_HUMAN
[],SMAG1_HUMAN
[],CE164_HUMAN
[],PHF24_HUMAN
[],TRAK1_HUMAN
[],FOXJ3_HUMAN
[],CBPC1_HUMAN
[],SATB2_HUMAN
[],UN13A_HUMAN
[],MNAR1_HUMAN
[],SHAN2_HUMAN
[],DICER_HUMAN
[],XCT_HUMAN
[],WASF3_HUMAN
[],MARE3_HUMAN
[],HPS5_HUMAN
[],THS7A_HUMAN
[],CILK1_HUMAN
[],COR2B_HUMAN
[],KCNH4_HUMAN
[],MOK_HUMAN
[],SHOC2_HUMAN
[],DYN3_HUMAN
[],RIMS2_HUMAN
[],SRRM2_HUMAN
[],NEUR3_HUMAN
[],CNTN6_HUMAN
[],MGT4B_HUMAN
[],PA2G4_HUMAN
[],EXO1_HUMAN
[],CD11A_HUMAN
[],SPG7_HUMAN
[],CTND2_HUMAN
[],BAIP2_HUMAN
[],AURKC_HUMAN
[],GAB2_HUMAN
[],CLCA2_HUMAN
[],SCN8A_HUMAN
[],SMC3_HUMAN
[],SYCY1_HUMAN
[],JIP1_HUMAN
[],PPR3C_HUMAN
[],HDAC5_HUMAN
[],KCC2A_HUMAN
[],CHM2B_HUMAN
[],TENN_HUMAN
[],NALDL_HUMAN
[],SH2B3_HUMAN
[],SCML2_HUMAN
[],ZN148_HUMAN
[],LAMP3_HUMAN
[],POK19_HUMAN
[],TRPC6_HUMAN
[],COLQ_HUMAN
[],MTMR7_HUMAN
[],MTMR6_HUMAN
[],JAG2_HUMAN
[],NIP7_HUMAN
[],DMTF1_HUMAN
[],GLCNE_HUMAN
[],RTRAF_HUMAN
[],RNF24_HUMAN
[],S22AD_HUMAN
[],ENTP4_HUMAN
[],T3JAM_HUMAN
[],RUVB2_HUMAN
[],FUT9_HUMAN
[],CDYL_HUMAN
[],PDE10_HUMAN
[],LIPT_HUMAN
[],ABEC2_HUMAN
[],PIN4_HUMAN
[],DLEC1_HUMAN
[],NOD1_HUMAN
[],CLC11_HUMAN
[],HIG1A_HUMAN
[],TCF19_HUMAN
[],AKT3_HUMAN
[],POMP_HUMAN
[],FA50B_HUMAN
[],PSF2_HUMAN
[],LZTS1_HUMAN
[],HPSE_HUMAN
[],RNF6_HUMAN
[],POLH_HUMAN
[],PRLD1_HUMAN
[],FACE2_HUMAN
[],KCNK6_HUMAN
[],CCL26_HUMAN
[],CHKB_HUMAN
[],FOXA2_HUMAN
[],EIF3L_HUMAN
[],PLAP_HUMAN
[],ANGP4_HUMAN
[],RUVB1_HUMAN
[],NUDC_HUMAN
[],S22AE_HUMAN
[],CLTR1_HUMAN
[],RASD1_HUMAN
[],SIA10_HUMAN
[],TN13B_HUMAN
[],BCS1_HUMAN
[],VDAC3_HUMAN
[],HS3S2_HUMAN
[],VSIG4_HUMAN
[],COF2_HUMAN
[],ERGI3_HUMAN
[],INVS_HUMAN
[],ASTER_HUMAN
[],SYFA_HUMAN
[],SIGL7_HUMAN
[],ITM2B_HUMAN
[],SC5A6_HUMAN
[],ASF1A_HUMAN
[],DRG1_HUMAN
[],TPPC4_HUMAN
[],FBW1A_HUMAN
[],NCKP1_HUMAN
[],B3GN3_HUMAN
[],CNPY2_HUMAN
[],RXLT1_HUMAN
[],PIGL_HUMAN
[],T53G5_HUMAN
[],VP9D1_HUMAN
[],UST_HUMAN
[],B3GT5_HUMAN
[],EXOG_HUMAN
[],S17A4_HUMAN
[],TLR6_HUMAN
[],CAH5B_HUMAN
[],ATF5_HUMAN
[],S35A3_HUMAN
[],EXC6B_HUMAN
[],PLAK2_HUMAN
[],ADIP_HUMAN
[],MA2B2_HUMAN
[],DTX4_HUMAN
[],SL9A8_HUMAN
[],ICE1_HUMAN
[],BTBD3_HUMAN
[],EFR3B_HUMAN
[],MYRF_HUMAN
[],CARD8_HUMAN
[],AT11B_HUMAN
[],ANKR6_HUMAN
[],OFUT2_HUMAN
[],DJC16_HUMAN
[],SBNO2_HUMAN
[],DLGP4_HUMAN
[],ST38L_HUMAN
[],SAC2_HUMAN
[],FND3A_HUMAN
[],MAST1_HUMAN
[],NISCH_HUMAN
[],NTNG1_HUMAN
[],NINL_HUMAN
[],FYV1_HUMAN
[],WDR37_HUMAN
[],TBC30_HUMAN
[],RP3A_HUMAN
[],E41L3_HUMAN
[],AMOL2_HUMAN
[],PADI2_HUMAN
[],ZBTB1_HUMAN
[],SIK3_HUMAN
[],MYH15_HUMAN
[],R3HD2_HUMAN
[],UBP20_HUMAN
[],KDM2A_HUMAN
[],STB5L_HUMAN
[],RRP44_HUMAN
[],TPPC8_HUMAN
[],LRCH1_HUMAN
[],FAN1_HUMAN
[],SSUH2_HUMAN
[],KLH20_HUMAN
[],HIF3A_HUMAN
[],ZN835_HUMAN
[],S27A6_HUMAN
[],S27A5_HUMAN
[],ZN256_HUMAN
[],RCL1_HUMAN
[],AT8A1_HUMAN
[],GSTK1_HUMAN
[],LTOR2_HUMAN
[],COA3_HUMAN
[],PTN22_HUMAN
[],DDX52_HUMAN
[],RT07_HUMAN
[],CRYL1_HUMAN
[],PDIP2_HUMAN
[],AXIN2_HUMAN
[],AP3M1_HUMAN
[],GUAD_HUMAN
[],GPR55_HUMAN
[],YBOX2_HUMAN
[],M3K2_HUMAN
[],MAN1_HUMAN
[],KLDC2_HUMAN
[],CDIN1_HUMAN
[],CHSP1_HUMAN
[],RX_HUMAN
[],COG6_HUMAN
[],TR150_HUMAN
[],WBP11_HUMAN
[],S45A1_HUMAN
[],TDRKH_HUMAN
[],CSEN_HUMAN
[],MED16_HUMAN
[],NOP58_HUMAN
[],GIT1_HUMAN
[],UB2D4_HUMAN
[],ZN281_HUMAN
[],AR2BP_HUMAN
[],RPC10_HUMAN
[],ZBT32_HUMAN
[],TMM98_HUMAN
[],PRG3_HUMAN
[],KLF13_HUMAN
[],SGT1_HUMAN
[],MTO1_HUMAN
[],SYYM_HUMAN
[],COQ6_HUMAN
[],NAGA_HUMAN
[],ACOT9_HUMAN
[],NOSIP_HUMAN
[],DEOC_HUMAN
[],MEMO1_HUMAN
[],TMX2_HUMAN
[],FCF1_HUMAN
[],NSG2_HUMAN
[],LSM2_HUMAN
[],SIGL9_HUMAN
[],KLK5_HUMAN
[],PLLP_HUMAN
[],SC6A5_HUMAN
[],STA10_HUMAN
[],IFT52_HUMAN
[],SHLB1_HUMAN
[],CIA30_HUMAN
[],CAB39_HUMAN
[],LC7L2_HUMAN
[],UB2J1_HUMAN
[],RBMX2_HUMAN
[],DHRS7_HUMAN
[],ZDHC9_HUMAN
[],RT02_HUMAN
[],COQ4_HUMAN
[],UTP11_HUMAN
[],PHOCN_HUMAN
[],RRP7A_HUMAN
[],SBDS_HUMAN
[],TMED5_HUMAN
[],EXOS1_HUMAN
[],TMED7_HUMAN
[],SF3B6_HUMAN
[],RM11_HUMAN
[],ORN_HUMAN
[],WASC3_HUMAN
[],TPRKB_HUMAN
[],RNF11_HUMAN
[],PPIL1_HUMAN
[],MED31_HUMAN
[],UFC1_HUMAN
[],CIA2B_HUMAN
[],MSRB2_HUMAN
[],RT16_HUMAN
[],FIS1_HUMAN
[],TIM16_HUMAN
[],KAD6_HUMAN
[],RT23_HUMAN
[],GOT1B_HUMAN
[],BOLA1_HUMAN
[],PTH2_HUMAN
[],CHMP3_HUMAN
[],STRAP_HUMAN
[],RTCB_HUMAN
[],FBX7_HUMAN
[],3BP1_HUMAN
[],RAP2C_HUMAN
[],CBY1_HUMAN
[],STA13_HUMAN
[],ZN337_HUMAN
[],SIT1_HUMAN
[],RBGP1_HUMAN
[],NALD2_HUMAN
[],TMED3_HUMAN
[],HCN4_HUMAN
[],ADA18_HUMAN
[],T22D4_HUMAN
[],GRIP1_HUMAN
[],NEUR2_HUMAN
[],DOP1B_HUMAN
[],WNK2_HUMAN
[],ZN330_HUMAN
[],NOC2L_HUMAN
[],RL36_HUMAN
[],RWDD3_HUMAN
[],CHTOP_HUMAN
[],PYGO1_HUMAN
[],SAMH1_HUMAN
[],PKP3_HUMAN
[],SKAP_HUMAN
[],HBS1L_HUMAN
[],TBX22_HUMAN
[],ZN711_HUMAN
[],DYR1B_HUMAN
[],NR2E1_HUMAN
[],SALL2_HUMAN
[],LMBL1_HUMAN
[],ZN175_HUMAN
[],AAKB1_HUMAN
[],MTF2_HUMAN
[],WIPI4_HUMAN
[],VPP2_HUMAN
[],TLN1_HUMAN
[],ZAN_HUMAN
[],KIF3A_HUMAN
[],TRRAP_HUMAN
[],NF2L3_HUMAN
[],ARIP4_HUMAN
[],MTCL1_HUMAN
[],DCAF1_HUMAN
[],NRX3A_HUMAN
[],KDM3A_HUMAN
[],TCAF1_HUMAN
[],MFHA1_HUMAN
[],CHST2_HUMAN
[],RBM19_HUMAN
[],DAAM1_HUMAN
[],DGLA_HUMAN
[],PLXD1_HUMAN
[],HECD4_HUMAN
[],WAC2C_HUMAN
[],ZN451_HUMAN
[],UBP15_HUMAN
[],FARP1_HUMAN
[],MARF1_HUMAN
[],TGRM1_HUMAN
[],RIPR2_HUMAN
[],PKHM1_HUMAN
[],TLN2_HUMAN
[],RPGF2_HUMAN
[],IRS2_HUMAN
[],GPSM3_HUMAN
[],MYO5A_HUMAN
[],DTNA_HUMAN
[],LOXL2_HUMAN
[],TRAF6_HUMAN
[],M4K5_HUMAN
[],HYOU1_HUMAN
[],RN115_HUMAN
[],ATG4B_HUMAN
[],TBL2_HUMAN
[],WIPI2_HUMAN
[],SPEF1_HUMAN
[],TTLL3_HUMAN
[],TELO2_HUMAN
[],MMAC_HUMAN
[],LAS1L_HUMAN
[],AFG32_HUMAN
[],AMMR1_HUMAN
[],CCL27_HUMAN
[],KLF12_HUMAN
[],ARI1_HUMAN
[],LSM5_HUMAN
[],LSM4_HUMAN
[],NGN3_HUMAN
[],RN114_HUMAN
[],SAM50_HUMAN
[],PRC2C_HUMAN
[],OARD1_HUMAN
[],RPC8_HUMAN
[],IFT25_HUMAN
[],YIPF1_HUMAN
[],LRP12_HUMAN
[],SHAN1_HUMAN
[],PPME1_HUMAN
[],RIPK3_HUMAN
[],ASB4_HUMAN
[],ASB3_HUMAN
[],ASB1_HUMAN
[],TRI17_HUMAN
[],RBM7_HUMAN
[],TIM22_HUMAN
[],MB212_HUMAN
[],AP4S1_HUMAN
[],CEP83_HUMAN
[],ZSC21_HUMAN
[],NUB1_HUMAN
[],YTHD2_HUMAN
[],CTDP1_HUMAN
[],PAXB1_HUMAN
[],NDK7_HUMAN
[],SP16H_HUMAN
[],ANGL3_HUMAN
[],PCDB9_HUMAN
[],PCDB6_HUMAN
[],PCDBE_HUMAN
[],PCDBC_HUMAN
[],PCDGL_HUMAN
[],PCDA9_HUMAN
[],PCDA2_HUMAN
[],PCDAA_HUMAN
[],PCDA1_HUMAN
[],CLD16_HUMAN
[],UTP18_HUMAN
[],HEY1_HUMAN
[],PHLA3_HUMAN
[],T10B_HUMAN
[],TIM9_HUMAN
[],SPO11_HUMAN
[],KLK4_HUMAN
[],PCY1B_HUMAN
[],UCHL5_HUMAN
[],CD2AP_HUMAN
[],VATD_HUMAN
[],TNPO3_HUMAN
[],HLPDA_HUMAN
[],ENTP2_HUMAN
[],TIM13_HUMAN
[],HRH3_HUMAN
[],HEMK2_HUMAN
[],ORC6_HUMAN
[],RAI2_HUMAN
[],CERT_HUMAN
[],GMPPB_HUMAN
[],P2R3B_HUMAN
[],FADS3_HUMAN
[],MAFB_HUMAN
[],CORIN_HUMAN
[],INSL5_HUMAN
[],TF3C5_HUMAN
[],TF3C3_HUMAN
[],MMP24_HUMAN
[],HEMK1_HUMAN
[],DMRT2_HUMAN
[],DMRT1_HUMAN
[],TPPC1_HUMAN
[],TRPV2_HUMAN
[],MRCKB_HUMAN
[],NOX1_HUMAN
[],RBM8A_HUMAN
[],DJC15_HUMAN
[],UBP16_HUMAN
[],TSSC4_HUMAN
[],INSI2_HUMAN
[],TNR18_HUMAN
[],MPC1_HUMAN
[],IR3IP_HUMAN
[],MAGD1_HUMAN
[],KLF2_HUMAN
[],WIF1_HUMAN
[],SNX14_HUMAN
[],SNX13_HUMAN
[],SNX11_HUMAN
[],SNX10_HUMAN
[],SNX9_HUMAN
[],SNX8_HUMAN
[],SNX5_HUMAN
[],NR2E3_HUMAN
[],NPFF2_HUMAN
[],LIPG_HUMAN
[],FLVC1_HUMAN
[],NUBP2_HUMAN
[],PD2R2_HUMAN
[],PEX16_HUMAN
[],ST14_HUMAN
[],LYVE1_HUMAN
[],SCNAA_HUMAN
[],BACE2_HUMAN
[],HEBP2_HUMAN
[],B3GT1_HUMAN
[],HCFC2_HUMAN
[],UBIA1_HUMAN
[],CSAD_HUMAN
[],ETV7_HUMAN
[],MOFA1_HUMAN
[],PUS1_HUMAN
[],LRRF2_HUMAN
[],FHOD1_HUMAN
[],ACL7A_HUMAN
[],IRAK3_HUMAN
[],SERC_HUMAN
[],NCOR2_HUMAN
[],ORNT1_HUMAN
[],RA54B_HUMAN
[],MYH4_HUMAN
[],JAM1_HUMAN
[],GPC6_HUMAN
[],NPTN_HUMAN
[],CBPQ_HUMAN
[],AGRG1_HUMAN
[],SPIN1_HUMAN
[],HS3SB_HUMAN
[],HS3SA_HUMAN
[],KPTN_HUMAN
[],S12A7_HUMAN
[],ALG6_HUMAN
[],ALG5_HUMAN
[],RT18B_HUMAN
[],COPG1_HUMAN
[],AUP1_HUMAN
[],FKBP7_HUMAN
[],KCMB2_HUMAN
[],GMEB1_HUMAN
[],S22A7_HUMAN
[],CLIC4_HUMAN
[],NFS1_HUMAN
[],CCG2_HUMAN
[],POMT1_HUMAN
[],CP46A_HUMAN
[],CFA20_HUMAN
[],TACC3_HUMAN
[],SPCS1_HUMAN
[],EID1_HUMAN
[],SAR1B_HUMAN
[],AP4B1_HUMAN
[],EMIL1_HUMAN
[],PTC2_HUMAN
[],MTCH2_HUMAN
[],SELK_HUMAN
[],BIG2_HUMAN
[],BIG1_HUMAN
[],MD1L1_HUMAN
[],STK24_HUMAN
[],5MP1_HUMAN
[],SIR4_HUMAN
[],PARP3_HUMAN
[],IRAG1_HUMAN
[],CDY1_HUMAN
[],WNT6_HUMAN
[],TM14A_HUMAN
[],RM42_HUMAN
[],COMDA_HUMAN
[],DC1L1_HUMAN
[],CHCH2_HUMAN
[],ATP23_HUMAN
[],SNCAP_HUMAN
[],KCNE3_HUMAN
[],CXA3_HUMAN
[],EPN1_HUMAN
[],UBP3_HUMAN
[],WSB1_HUMAN
[],TX264_HUMAN
[],CABIN_HUMAN
[],KCNE2_HUMAN
[],STYL1_HUMAN
[],TAF6L_HUMAN
[],CEPT1_HUMAN
[],DNM3A_HUMAN
[],OAS3_HUMAN
[],KAD5_HUMAN
[],NEMO_HUMAN
[],SO1B1_HUMAN
[],TLL2_HUMAN
[],TEST_HUMAN
[],IF2B2_HUMAN
[],KC1G3_HUMAN
[],ZNT1_HUMAN
[],S4A7_HUMAN
[],NDUB9_HUMAN
[],COX11_HUMAN
[],SQOR_HUMAN
[],LAMC3_HUMAN
[],ROBO1_HUMAN
[],CAD10_HUMAN
[],USH1C_HUMAN
[],SESN1_HUMAN
[],CAN6_HUMAN
[],STON1_HUMAN
[],AP1M2_HUMAN
[],TNR11_HUMAN
[],NCOA3_HUMAN
[],NUMBL_HUMAN
[],S4A4_HUMAN
[],M3K4_HUMAN
[],FCGBP_HUMAN
[],CCD61_HUMAN
[],DGKB_HUMAN
[],SCIN_HUMAN
[],PCLO_HUMAN
[],DDX49_HUMAN
[],CAN7_HUMAN
[],WASF2_HUMAN
[],DUS10_HUMAN
[],ICOS_HUMAN
[],SETBP_HUMAN
[],SERP1_HUMAN
[],PIAS3_HUMAN
[],SCC4_HUMAN
[],ENPP4_HUMAN
[],MYO16_HUMAN
[],ZHX2_HUMAN
[],MORC2_HUMAN
[],NS1BP_HUMAN
[],CMTA1_HUMAN
[],S23IP_HUMAN
[],LY96_HUMAN
[],COL10_HUMAN
[],SACA6_HUMAN
[],NUD4B_HUMAN
[],LV218_HUMAN
[],TVB19_HUMAN
[],TVA27_HUMAN
[],TVB17_HUMAN
[],SIM26_HUMAN
[],TVB65_HUMAN
[],TUNAR_HUMAN
[],MYMX_HUMAN
[],SPAR_HUMAN
[],TRBC2_HUMAN
[],HAPR2_HUMAN
[],RPSA2_HUMAN
[],TM223_HUMAN
[],DAPL1_HUMAN
[],CIB4_HUMAN
[],SHSA3_HUMAN
[],GXLT2_HUMAN
[],TMM72_HUMAN
[],BICL2_HUMAN
[],MEX3A_HUMAN
[],NDUF8_HUMAN
[],ZBT7C_HUMAN
[],SRTM1_HUMAN
[],PTPC1_HUMAN
[],KV229_HUMAN
[],ZN320_HUMAN
[],HMX2_HUMAN
[],DEND3_HUMAN
[],DCD2B_HUMAN
[],FUCM_HUMAN
[],SBNO1_HUMAN
[],SIM30_HUMAN
[],RAB19_HUMAN
[],O2A25_HUMAN
[],MTMRB_HUMAN
[],EFCB5_HUMAN
[],CFA90_HUMAN
[],FITM1_HUMAN
[],TPC13_HUMAN
[],T150B_HUMAN
[],MP3B2_HUMAN
[],GEMC1_HUMAN
[],U17L3_HUMAN
[],O14I1_HUMAN
[],LRIT2_HUMAN
[],MADL2_HUMAN
[],RIMC1_HUMAN
[],EPAB2_HUMAN
[],RBY1E_HUMAN
[],NUPR2_HUMAN
[],HELT_HUMAN
[],GRCR2_HUMAN
[],RFOX3_HUMAN
[],S31J1_HUMAN
[],WIPF3_HUMAN
[],TLCD2_HUMAN
[],O51F1_HUMAN
[],OR2T8_HUMAN
[],CAN8_HUMAN
[],OTOL1_HUMAN
[],EPOP_HUMAN
[],HMX3_HUMAN
[],RHG42_HUMAN
[],CCD69_HUMAN
[],PRR19_HUMAN
[],UNC4_HUMAN
[],CD8B2_HUMAN
[],S22AK_HUMAN
[],CC85C_HUMAN
[],SAC31_HUMAN
[],SHSA7_HUMAN
[],C2C4B_HUMAN
[],DUXA_HUMAN
[],SPDE4_HUMAN
[],AQ12B_HUMAN
[],SIG16_HUMAN
[],FIGL2_HUMAN
[],F170B_HUMAN
[],AXA2L_HUMAN
[],DRGX_HUMAN
[],O2AT4_HUMAN
[],MARHB_HUMAN
[],DRS7C_HUMAN
[],ENO4_HUMAN
[],ABTB3_HUMAN
[],YJEN3_HUMAN
[],RTL8C_HUMAN
[],GOG8A_HUMAN
[],DISP2_HUMAN
[],EFCB7_HUMAN
[],ERI2_HUMAN
[],D11L8_HUMAN
[],GOG8B_HUMAN
[],R212B_HUMAN
[],U17L5_HUMAN
[],HIG1C_HUMAN
[],WASH4_HUMAN
[],ELAP2_HUMAN
[],VSTM5_HUMAN
[],CMA1B_HUMAN
[],NALF1_HUMAN
[],R10B2_HUMAN
[],C1T9B_HUMAN
[],POTEC_HUMAN
[],HNRC2_HUMAN
[],EP2A2_HUMAN
[],FM25A_HUMAN
[],TM233_HUMAN
[],SHSA9_HUMAN
[],TRDC_HUMAN
[],SHSA8_HUMAN
[],T150C_HUMAN
[],SEHBP_HUMAN
[],MP31_HUMAN
[],PKHUO_HUMAN
[],DDUP_HUMAN
[],P155_HUMAN
[],NACAM_HUMAN
[],TM262_HUMAN
[],SO1B7_HUMAN
[],CNIPF_HUMAN
[],PIRC2_HUMAN
[],PANO1_HUMAN
[],SUPYN_HUMAN
[],CORT_HUMAN
[],TULP2_HUMAN
[],P2Y10_HUMAN
[],IFRD1_HUMAN
[],LAD1_HUMAN
[],VMA5A_HUMAN
[],SOX1_HUMAN
[],TRAD1_HUMAN
[],VCY2_HUMAN
[],IF1AY_HUMAN
[],GP171_HUMAN
[],TMG1_HUMAN
[],ZN197_HUMAN
[],OPSX_HUMAN
[],OVOL1_HUMAN
[],OPLA_HUMAN
[],QCR10_HUMAN
[],TRI66_HUMAN
[],RIMB2_HUMAN
[],GRRE1_HUMAN
[],NACAD_HUMAN
[],ZN536_HUMAN
[],GP182_HUMAN
[],RT12_HUMAN
[],TM9S1_HUMAN
[],CHAD_HUMAN
[],MOT6_HUMAN
[],MOT7_HUMAN
[],TNC18_HUMAN
[],RGS5_HUMAN
[],CMIP4_HUMAN
[],HS12A_HUMAN
[],ZN208_HUMAN
[],MSI1H_HUMAN
[],ERI3_HUMAN
[],GON2_HUMAN
[],FOXS1_HUMAN
[],TSN6_HUMAN
[],NDUC1_HUMAN
[],PI15_HUMAN
[],ITM2A_HUMAN
[],DUX1_HUMAN
[],NKG2F_HUMAN
[],PRKY_HUMAN
[],MFS11_HUMAN
[],SSX4_HUMAN
[],SSX5_HUMAN
[],GMFG_HUMAN
[],PCDH7_HUMAN
[],GBG7_HUMAN
[],SUSD5_HUMAN
[],LZTS3_HUMAN
[],PCDGC_HUMAN
[],NDK8_HUMAN
[],OR7C2_HUMAN
[],ONEC3_HUMAN
[],TDRD6_HUMAN
[],PSPN_HUMAN
[],CST8_HUMAN
[],MAGC1_HUMAN
[],Z354A_HUMAN
[],FMO6_HUMAN
[],PRAM2_HUMAN
[],ENK19_HUMAN
[],DEN4B_HUMAN
[],MEGF6_HUMAN
[],ZN623_HUMAN
[],CLU_HUMAN
[],T22D2_HUMAN
[],UDB11_HUMAN
[],LRRN2_HUMAN
[],LIPA4_HUMAN
[],ZN253_HUMAN
[],MPU1_HUMAN
[],BCAS1_HUMAN
[],GPR32_HUMAN
[],RM33_HUMAN
[],FBX24_HUMAN
[],ZN254_HUMAN
[],PAGE1_HUMAN
[],CAH11_HUMAN
[],ZN821_HUMAN
[],CLC3A_HUMAN
[],SPB7_HUMAN
[],RFPL2_HUMAN
[],KRA58_HUMAN
[],SCRG1_HUMAN
[],GPX5_HUMAN
[],TCEA3_HUMAN
[],ZN189_HUMAN
[],SPI2_HUMAN
[],RASF9_HUMAN
[],DNJB5_HUMAN
[],TSN9_HUMAN
[],C1QRF_HUMAN
[],OR2J3_HUMAN
[],OR2J2_HUMAN
[],KT33A_HUMAN
[],OR7C1_HUMAN
[],LY6H_HUMAN
[],K0754_HUMAN
[],PLPHP_HUMAN
[],FBX21_HUMAN
[],FA13A_HUMAN
[],OR6B1_HUMAN
[],SEM3D_HUMAN
[],ALX3_HUMAN
[],AGFG2_HUMAN
[],PRS23_HUMAN
[],UBL3_HUMAN
[],NDUB2_HUMAN
[],OAZ2_HUMAN
[],RCBT2_HUMAN
[],OR6A2_HUMAN
[],6PGL_HUMAN
[],OR2C1_HUMAN
[],TIAF1_HUMAN
[],TGDS_HUMAN
[],DUS4L_HUMAN
[],ZBT11_HUMAN
[],DIRA3_HUMAN
[],NTR2_HUMAN
[],PPR3D_HUMAN
[],RAB36_HUMAN
[],HS74L_HUMAN
[],TBCD8_HUMAN
[],ZN682_HUMAN
[],GPR75_HUMAN
[],GLP2R_HUMAN
[],ANGL1_HUMAN
[],OR2H2_HUMAN
[],IGSF6_HUMAN
[],IFN10_HUMAN
[],IFNA5_HUMAN
[],KV117_HUMAN
[],KVD16_HUMAN
[],KVD12_HUMAN
[],KVD40_HUMAN
[],KV315_HUMAN
[],LV140_HUMAN
[],LV319_HUMAN
[],LV301_HUMAN
[],LV325_HUMAN
[],LV327_HUMAN
[],TVBL3_HUMAN
[],HV146_HUMAN
[],HV311_HUMAN
[],HV348_HUMAN
[],HV313_HUMAN
[],HV353_HUMAN
[],HV309_HUMAN
[],HV439_HUMAN
[],TRGV3_HUMAN
[],LV743_HUMAN
[],KV116_HUMAN
[],KVD39_HUMAN
[],KV311_HUMAN
[],TVB79_HUMAN
[],TVA29_HUMAN
[],REL1_HUMAN
[],IFNA6_HUMAN
[],IFN16_HUMAN
[],KV230_HUMAN
[],KV502_HUMAN
[],HV434_HUMAN
[],ACYP1_HUMAN
[],CRGB_HUMAN
[],RM03_HUMAN
[],CEL3A_HUMAN
[],HXC6_HUMAN
[],H2BFM_HUMAN
[],OR4E1_HUMAN
[],KRA23_HUMAN
[],SFTA3_HUMAN
[],RHF2B_HUMAN
[],ACSM4_HUMAN
[],RBY1D_HUMAN
[],ZH11B_HUMAN
[],C1T9A_HUMAN
[],PATE4_HUMAN
[],ONCO_HUMAN
[],IGLC6_HUMAN
[],CTF8_HUMAN
[],NHLC4_HUMAN
[],GST2_HUMAN
[],POTEI_HUMAN
[],POTEJ_HUMAN
[],TRI49_HUMAN
[],AKAI1_HUMAN
[],PT100_HUMAN
[],OPSG2_HUMAN
[],OPSG3_HUMAN
[],CGB7_HUMAN
[],IGD_HUMAN
[],IGE_HUMAN
[],IGM_HUMAN
[],ZTRF1_HUMAN
[],HV384_HUMAN
[],PRAM9_HUMAN
[],MNS60_HUMAN
[],PACMP_HUMAN
[],ZN875_HUMAN
[],POK10_HUMAN
[],MOTI_HUMAN
[],ACYP2_HUMAN
[],CBPA3_HUMAN
[],ZNF44_HUMAN
[],GDC_HUMAN
[],ZN708_HUMAN
[],ZN182_HUMAN
[],ZNF22_HUMAN
[],ZKSC1_HUMAN
[],ZNF25_HUMAN
[],ZNF26_HUMAN
[],ZN37A_HUMAN
[],ZNF28_HUMAN
[],ZNF43_HUMAN
[],ZNF30_HUMAN
[],ZNF7_HUMAN
[],ZNF8_HUMAN
[],CTRB1_HUMAN
[],AMY2B_HUMAN
[],MCH_HUMAN
[],ZNF10_HUMAN
[],RS4Y1_HUMAN
[],SPR2E_HUMAN
[],SPR2D_HUMAN
[],CALB2_HUMAN
[],RABP1_HUMAN
[],T4S1_HUMAN
[],OR1E1_HUMAN
[],O10J1_HUMAN
[],HXA6_HUMAN
[],HXD11_HUMAN
[],FOXN2_HUMAN
[],CKS2_HUMAN
[],BMP8B_HUMAN
[],SPR2B_HUMAN
[],MAS1L_HUMAN
[],SAA4_HUMAN
[],UDB10_HUMAN
[],GNL1_HUMAN
[],CTRL_HUMAN
[],HUTH_HUMAN
[],RBM34_HUMAN
[],MAGAA_HUMAN
[],KI2L2_HUMAN
[],GPR6_HUMAN
[],GPR12_HUMAN
[],OMP_HUMAN
[],OR3A4_HUMAN
[],OR1E2_HUMAN
[],OR3A3_HUMAN
[],OR1G1_HUMAN
[],OR3A2_HUMAN
[],NPTX2_HUMAN
[],GLIP1_HUMAN
[],RM19_HUMAN
[],INPP_HUMAN
[],YLPM1_HUMAN
[],RET2_HUMAN
[],ZNF80_HUMAN
[],ZNF81_HUMAN
[],ZNF83_HUMAN
[],ARSD_HUMAN
[],ZN75D_HUMAN
[],ZN136_HUMAN
[],ZN134_HUMAN
[],ZN142_HUMAN
[],DVLP1_HUMAN
[],ARSF_HUMAN
[],MFAP3_HUMAN
[],INHBC_HUMAN
[],XG_HUMAN
[],CMC4_HUMAN
[],MTCP1_HUMAN
[],HUNK_HUMAN
[],M3KCL_HUMAN
[],PCBP4_HUMAN
[],CXA9_HUMAN
[],FBXW4_HUMAN
[],ISK7_HUMAN
[],INHBE_HUMAN
[],OR2B6_HUMAN
[],O12D2_HUMAN
[],PROK1_HUMAN
[],ZN121_HUMAN
[],FXYD7_HUMAN
[],YBEY_HUMAN
[],EVA1C_HUMAN
[],RHBL3_HUMAN
[],RTP1_HUMAN
[],NAL11_HUMAN
[],CHM4P_HUMAN
[],TPPP2_HUMAN
[],T2R38_HUMAN
[],T2R39_HUMAN
[],T2R40_HUMAN
[],T2R43_HUMAN
[],T2R31_HUMAN
[],T2R46_HUMAN
[],T2R20_HUMAN
[],GPX6_HUMAN
[],SELV_HUMAN
[],BPIB3_HUMAN
[],RNAS9_HUMAN
[],KR101_HUMAN
[],KR103_HUMAN
[],KR10C_HUMAN
[],ERB1_HUMAN
[],EFC2_HUMAN
[],C1QT8_HUMAN
[],GPR85_HUMAN
[],GMFB_HUMAN
[],OSTN_HUMAN
[],ENVT1_HUMAN
[],ENK21_HUMAN
[],ENK24_HUMAN
[],ENK7_HUMAN
[],GAK21_HUMAN
[],GA113_HUMAN
[],VPK8_HUMAN
[],VPK18_HUMAN
[],GAK9_HUMAN
[],VPK24_HUMAN
[],GAK7_HUMAN
[],VPK7_HUMAN
[],PO113_HUMAN
[],POK8_HUMAN
[],POK7_HUMAN
[],POK25_HUMAN
[],GAK24_HUMAN
[],GBG3_HUMAN
[],TYB10_HUMAN
[],MORN_HUMAN
[],IRX1_HUMAN
[],SIM1_HUMAN
[],SSBP2_HUMAN
[],RT25_HUMAN
[],RT05_HUMAN
[],RT11_HUMAN
[],RT21_HUMAN
[],RT09_HUMAN
[],HMGN5_HUMAN
[],RET5_HUMAN
[],OX26_HUMAN
[],SERF2_HUMAN
[],CCZ1_HUMAN
[],GAK10_HUMAN
[],ZXDB_HUMAN
[],PSG4_HUMAN
[],DIAC_HUMAN
[],TAGL_HUMAN
[],MYL5_HUMAN
[],BDH_HUMAN
[],ZNF45_HUMAN
[],OC90_HUMAN
[],TNAP2_HUMAN
[],EVX2_HUMAN
[],ZNF92_HUMAN
[],CSTF1_HUMAN
[],STP2_HUMAN
[],CTSL2_HUMAN
[],ZN33B_HUMAN
[],DERM_HUMAN
[],ZN543_HUMAN
[],ZN763_HUMAN
[],CCD15_HUMAN
[],SCRN3_HUMAN
[],CF210_HUMAN
[],PNRC1_HUMAN
[],ZN155_HUMAN
[],ELAV2_HUMAN
[],FOXD4_HUMAN
[],HSPB3_HUMAN
[],TSN31_HUMAN
[],SPP24_HUMAN
[],ZN154_HUMAN
[],MYBPH_HUMAN
[],ZN211_HUMAN
[],PM2P3_HUMAN
[],MKRN4_HUMAN
[],HAP28_HUMAN
[],OR5I1_HUMAN
[],OR2F1_HUMAN
[],CYLC2_HUMAN
[],CCNI_HUMAN
[],BTG3_HUMAN
[],RCAN2_HUMAN
[],GLPK3_HUMAN
[],GP176_HUMAN
[],ELAV3_HUMAN
[],MAD4_HUMAN
[],ZN235_HUMAN
[],ZN273_HUMAN
[],INSL4_HUMAN
[],KCTD2_HUMAN
[],KI2S3_HUMAN
[],T132D_HUMAN
[],MF13A_HUMAN
[],TRAM2_HUMAN
[],LRC14_HUMAN
[],IPYR_HUMAN
[],PGFRL_HUMAN
[],PSG5_HUMAN
[],MTFR1_HUMAN
[],P2Y14_HUMAN
[],RSU1_HUMAN
[],OR1Q1_HUMAN
[],OR8G1_HUMAN
[],OR8B8_HUMAN
[],HMGN3_HUMAN
[],U2AFL_HUMAN
[],GPR19_HUMAN
[],MLF2_HUMAN
[],ADIRF_HUMAN
[],ZNF77_HUMAN
[],ZNF79_HUMAN
[],PROL4_HUMAN
[],GP162_HUMAN
[],PSG3_HUMAN
[],CCNG2_HUMAN
[],MEA1_HUMAN
[],RTL8B_HUMAN
[],ODAPH_HUMAN
[],TPRXL_HUMAN
[],FA98C_HUMAN
[],LIPR3_HUMAN
[],LY6K_HUMAN
[],MSMP_HUMAN
[],SWI5_HUMAN
[],TM241_HUMAN
[],KI26B_HUMAN
[],PRS53_HUMAN
[],ISX_HUMAN
[],MGAL_HUMAN
[],FA83E_HUMAN
[],EX3L2_HUMAN
[],SHRM1_HUMAN
[],ZN674_HUMAN
[],SPRE3_HUMAN
[],CB068_HUMAN
[],TSR1_HUMAN
[],VMAC_HUMAN
[],D19L1_HUMAN
[],TMM44_HUMAN
[],INSY1_HUMAN
[],GOG7B_HUMAN
[],PRIC4_HUMAN
[],IF2GL_HUMAN
[],AP5B1_HUMAN
[],PRTG_HUMAN
[],LETM2_HUMAN
[],DB136_HUMAN
[],DB110_HUMAN
[],ZN699_HUMAN
[],ATOSA_HUMAN
[],PLPR5_HUMAN
[],RPA43_HUMAN
[],LEG9B_HUMAN
[],NBPF1_HUMAN
[],BSH_HUMAN
[],ACOT6_HUMAN
[],NSN5B_HUMAN
[],CEA21_HUMAN
[],KR134_HUMAN
[],RGL3_HUMAN
[],MUCL3_HUMAN
[],WDR72_HUMAN
[],S2552_HUMAN
[],ZIK1_HUMAN
[],UD3A2_HUMAN
[],GON4L_HUMAN
[],OTOGL_HUMAN
[],F174B_HUMAN
[],ZN260_HUMAN
[],ZN568_HUMAN
[],S36A3_HUMAN
[],TRI60_HUMAN
[],LONF3_HUMAN
[],CDNF_HUMAN
[],GPR33_HUMAN
[],MINY4_HUMAN
[],VP26B_HUMAN
[],SRCRM_HUMAN
[],MCMD2_HUMAN
[],HSF5_HUMAN
[],GXLT1_HUMAN
[],GRPL2_HUMAN
[],AARD_HUMAN
[],RM51_HUMAN
[],ZNG1F_HUMAN
[],AT135_HUMAN
[],SYTL3_HUMAN
[],MBRL_HUMAN
[],TA2R2_HUMAN
[],EPC2_HUMAN
[],CC184_HUMAN
[],SBK1_HUMAN
[],IF44L_HUMAN
[],ZN394_HUMAN
[],TEX44_HUMAN
[],FBLN7_HUMAN
[],RAB6D_HUMAN
[],H1BP3_HUMAN
[],ACTBL_HUMAN
[],M17L2_HUMAN
[],LARGN_HUMAN
[],OCAD2_HUMAN
[],TDR12_HUMAN
[],H90B3_HUMAN
[],H90B2_HUMAN
[],SY14L_HUMAN
[],SPRN_HUMAN
[],AG10A_HUMAN
[],ISK9_HUMAN
[],ZN628_HUMAN
[],PRRT3_HUMAN
[],ZN789_HUMAN
[],ARSJ_HUMAN
[],RNS10_HUMAN
[],XKR4_HUMAN
[],TP8L3_HUMAN
[],FSCB_HUMAN
[],DDX6L_HUMAN
[],FIGN_HUMAN
[],MTX3_HUMAN
[],TECRL_HUMAN
[],TM196_HUMAN
[],ZC12B_HUMAN
[],DB121_HUMAN
[],CT47A_HUMAN
[],PPM1J_HUMAN
[],CX066_HUMAN
[],KLF17_HUMAN
[],RRP12_HUMAN
[],DRC5_HUMAN
[],TOR2A_HUMAN
[],KRBX4_HUMAN
[],SPIN3_HUMAN
[],SIRB2_HUMAN
[],NKAPL_HUMAN
[],CDKL4_HUMAN
[],SPXN3_HUMAN
[],SPDYC_HUMAN
[],TBCEL_HUMAN
[],ZNG1E_HUMAN
[],MANEA_HUMAN
[],TSBP1_HUMAN
[],CTSRE_HUMAN
[],BEND6_HUMAN
[],HYI_HUMAN
[],TPRGL_HUMAN
[],SPT46_HUMAN
[],S35F1_HUMAN
[],TPC3L_HUMAN
[],ARMD3_HUMAN
[],AKCL1_HUMAN
[],T170B_HUMAN
[],RM02_HUMAN
[],EMARD_HUMAN
[],QNG1_HUMAN
[],LITD1_HUMAN
[],LELP1_HUMAN
[],RBM26_HUMAN
[],SL9C2_HUMAN
[],B2L15_HUMAN
[],ATPF1_HUMAN
[],ZBT37_HUMAN
[],LGSN_HUMAN
[],SE1L2_HUMAN
[],ZN697_HUMAN
[],H37_HUMAN
[],SIRBL_HUMAN
[],BIG3_HUMAN
[],STPG1_HUMAN
[],CC181_HUMAN
[],FA72A_HUMAN
[],ZN658_HUMAN
[],HECD2_HUMAN
[],MCAF2_HUMAN
[],SYDE2_HUMAN
[],EF1A3_HUMAN
[],ANGE2_HUMAN
[],DNAI4_HUMAN
[],TT39B_HUMAN
[],P210L_HUMAN
[],CAHD1_HUMAN
[],DRC8_HUMAN
[],OTUD1_HUMAN
[],ZN691_HUMAN
[],ATRN1_HUMAN
[],IKBP1_HUMAN
[],C1QL3_HUMAN
[],PRAM6_HUMAN
[],LIPK_HUMAN
[],SYPL2_HUMAN
[],NKAI2_HUMAN
[],MEDAG_HUMAN
[],LIPM_HUMAN
[],MORN5_HUMAN
[],DMRTA_HUMAN
[],STYL2_HUMAN
[],BSPRY_HUMAN
[],EST4A_HUMAN
[],FBW10_HUMAN
[],ZKSC2_HUMAN
[],KFA_HUMAN
[],METRL_HUMAN
[],F91A1_HUMAN
[],TBC9B_HUMAN
[],Z385C_HUMAN
[],TM198_HUMAN
[],2ABD_HUMAN
[],QTGAL_HUMAN
[],OLM2A_HUMAN
[],OLM2B_HUMAN
[],TPGS2_HUMAN
[],DEN2C_HUMAN
[],LMBD2_HUMAN
[],S31H1_HUMAN
[],KCD16_HUMAN
[],ZN626_HUMAN
[],UQCC6_HUMAN
[],PDPK2_HUMAN
[],TXND8_HUMAN
[],ZN660_HUMAN
[],HBM_HUMAN
[],TBC3G_HUMAN
[],GP139_HUMAN
[],PTRD1_HUMAN
[],ISM2_HUMAN
[],DRS7B_HUMAN
[],T132E_HUMAN
[],OR6B2_HUMAN
[],ST6B1_HUMAN
[],ETFR1_HUMAN
[],TYW3_HUMAN
[],NB5R5_HUMAN
[],ADNP2_HUMAN
[],LAIR2_HUMAN
[],ZN425_HUMAN
[],CMI2A_HUMAN
[],R7BP_HUMAN
[],FSTL4_HUMAN
[],OGFD2_HUMAN
[],CCD70_HUMAN
[],ZSC25_HUMAN
[],EST5A_HUMAN
[],SAPL1_HUMAN
[],REEP3_HUMAN
[],TYW1B_HUMAN
[],RETST_HUMAN
[],UD3A1_HUMAN
[],CDPF1_HUMAN
[],NEPRO_HUMAN
[],ARMC6_HUMAN
[],TTI2_HUMAN
[],KANK3_HUMAN
[],T2H2L_HUMAN
[],RM14_HUMAN
[],CC033_HUMAN
[],FAH2B_HUMAN
[],NEK5_HUMAN
[],FBX42_HUMAN
[],MTFR2_HUMAN
[],NPAL3_HUMAN
[],PBIR3_HUMAN
[],GOLM2_HUMAN
[],MZT2A_HUMAN
[],LEG1H_HUMAN
[],CF161_HUMAN
[],TMM81_HUMAN
[],PDXD1_HUMAN
[],TM154_HUMAN
[],GIMA6_HUMAN
[],CSAG1_HUMAN
[],CXB7_HUMAN
[],PONL1_HUMAN
[],ZN613_HUMAN
[],LIRA6_HUMAN
[],CC174_HUMAN
[],S23A3_HUMAN
[],MDEAS_HUMAN
[],FOXR2_HUMAN
[],OGFD3_HUMAN
[],DR4L2_HUMAN
[],MO2R2_HUMAN
[],CORO6_HUMAN
[],SCND3_HUMAN
[],VHLL_HUMAN
[],TBPL2_HUMAN
[],RSLBA_HUMAN
[],PLPR3_HUMAN
[],KLH17_HUMAN
[],DNAI7_HUMAN
[],IGFL1_HUMAN
[],SPESP_HUMAN
[],CP054_HUMAN
[],GAK1B_HUMAN
[],TMCO3_HUMAN
[],SUSD1_HUMAN
[],GPRL1_HUMAN
[],LCTL_HUMAN
[],IGFL2_HUMAN
[],CE046_HUMAN
[],MPZL3_HUMAN
[],TM207_HUMAN
[],DHR13_HUMAN
[],IL40_HUMAN
[],CP089_HUMAN
[],CF015_HUMAN
[],AEGP_HUMAN
[],PAMR1_HUMAN
[],VITRN_HUMAN
[],LRRN1_HUMAN
[],LRIG3_HUMAN
[],TRML4_HUMAN
[],ABH15_HUMAN
[],GSG1L_HUMAN
[],ITIH6_HUMAN
[],DLK2_HUMAN
[],PCD23_HUMAN
[],AP2E_HUMAN
[],GDPD4_HUMAN
[],RAD9B_HUMAN
[],ZPBP2_HUMAN
[],FBW12_HUMAN
[],RPTN_HUMAN
[],LBX2_HUMAN
[],DJC14_HUMAN
[],CX6B2_HUMAN
[],TMM64_HUMAN
[],SPNS3_HUMAN
[],LDH6A_HUMAN
[],KIF6_HUMAN
[],ZN793_HUMAN
[],MACC1_HUMAN
[],CCD81_HUMAN
[],NFXL1_HUMAN
[],GDPP1_HUMAN
[],BICL1_HUMAN
[],CFA77_HUMAN
[],CTSRG_HUMAN
[],RHG36_HUMAN
[],ZN662_HUMAN
[],PEAK3_HUMAN
[],WDFY4_HUMAN
[],R9BP_HUMAN
[],GLPK5_HUMAN
[],INSY2_HUMAN
[],TRI67_HUMAN
[],RFLA_HUMAN
[],RASF6_HUMAN
[],CBAR2_HUMAN
[],S31E1_HUMAN
[],DEN5B_HUMAN
[],TGRM2_HUMAN
[],ESPNL_HUMAN
[],FBX50_HUMAN
[],PAQR9_HUMAN
[],PTHD4_HUMAN
[],PKHM3_HUMAN
[],KCP_HUMAN
[],TM11F_HUMAN
[],KRA55_HUMAN
[],CYS1_HUMAN
[],RS27L_HUMAN
[],GARE2_HUMAN
[],BRNP3_HUMAN
[],B4GN4_HUMAN
[],RNF44_HUMAN
[],MON1B_HUMAN
[],TEDC2_HUMAN
[],ZN771_HUMAN
[],SYPM_HUMAN
[],DPH6_HUMAN
[],EEPD1_HUMAN
[],GAK6_HUMAN
[],SHF_HUMAN
[],T2R42_HUMAN
[],OTOP2_HUMAN
[],STRC_HUMAN
[],GSTA5_HUMAN
[],ZN367_HUMAN
[],PRS48_HUMAN
[],OVCH1_HUMAN
[],TMPS7_HUMAN
[],PRS41_HUMAN
[],U17L1_HUMAN
[],GRIN1_HUMAN
[],RM21_HUMAN
[],ZN551_HUMAN
[],ZN550_HUMAN
[],PRIC2_HUMAN
[],OR2W3_HUMAN
[],PIWL3_HUMAN
[],TMC7_HUMAN
[],TMC4_HUMAN
[],RASE_HUMAN
[],HDDC2_HUMAN
[],F220A_HUMAN
[],GL6D1_HUMAN
[],RE114_HUMAN
[],MDGA2_HUMAN
[],PRS42_HUMAN
[],VN1R5_HUMAN
[],VN1R4_HUMAN
[],AB12B_HUMAN
[],GP142_HUMAN
[],GRASP_HUMAN
[],NRARP_HUMAN
[],RAB44_HUMAN
[],PLPL5_HUMAN
[],ANR37_HUMAN
[],MRO2B_HUMAN
[],PIGW_HUMAN
[],DB132_HUMAN
[],RM55_HUMAN
[],DPPA2_HUMAN
[],LHPL4_HUMAN
[],ZSCA2_HUMAN
[],AGRD2_HUMAN
[],LYG2_HUMAN
[],ZAR1_HUMAN
[],GP149_HUMAN
[],TEDC1_HUMAN
[],MOB3B_HUMAN
[],SRCA_HUMAN
[],ZN554_HUMAN
[],TRPT1_HUMAN
[],NOP9_HUMAN
[],PRP39_HUMAN
[],BIVM_HUMAN
[],ZN546_HUMAN
[],CUZD1_HUMAN
[],GTD2A_HUMAN
[],PHLB1_HUMAN
[],HPLN4_HUMAN
[],NT5D3_HUMAN
[],AACS_HUMAN
[],EX3L1_HUMAN
[],VS10L_HUMAN
[],IQCH_HUMAN
[],CMTD1_HUMAN
[],LRP11_HUMAN
[],ZSC30_HUMAN
[],TPRA1_HUMAN
[],F228A_HUMAN
[],PPR27_HUMAN
[],LHPL1_HUMAN
[],AMGO3_HUMAN
[],PAQR7_HUMAN
[],IFNE_HUMAN
[],OOSP2_HUMAN
[],COA5_HUMAN
[],RLGPB_HUMAN
[],TMM17_HUMAN
[],RGPS2_HUMAN
[],NIT1_HUMAN
[],COMD2_HUMAN
[],F131B_HUMAN
[],DRC11_HUMAN
[],PPR3B_HUMAN
[],PRSR1_HUMAN
[],GKN2_HUMAN
[],NIBA3_HUMAN
[],PRIMA_HUMAN
[],TM219_HUMAN
[],TXND6_HUMAN
[],CONA1_HUMAN
[],PTH_HUMAN
[],ZN573_HUMAN
[],Z280B_HUMAN
[],MYLK4_HUMAN
[],KR131_HUMAN
[],TF2LY_HUMAN
[],TF2LX_HUMAN
[],TPPC5_HUMAN
[],LRC49_HUMAN
[],SYT12_HUMAN
[],CCNJL_HUMAN
[],MSTN1_HUMAN
[],LOXH1_HUMAN
[],ARL17_HUMAN
[],SIAH3_HUMAN
[],ZN695_HUMAN
[],ARHGJ_HUMAN
[],TEX2_HUMAN
[],DEN6A_HUMAN
[],CC28A_HUMAN
[],Z3H7A_HUMAN
[],ZSC29_HUMAN
[],GOR_HUMAN
[],DHX40_HUMAN
[],FBX16_HUMAN
[],HYCC2_HUMAN
[],DDIAS_HUMAN
[],DMRTD_HUMAN
[],PPIL6_HUMAN
[],SP8_HUMAN
[],PGKA1_HUMAN
[],S35F3_HUMAN
[],RAVR1_HUMAN
[],LAS2_HUMAN
[],REM2_HUMAN
[],TRM44_HUMAN
[],TCAL8_HUMAN
[],ASTRC_HUMAN
[],DAAF8_HUMAN
[],UBQLN_HUMAN
[],CFA46_HUMAN
[],ZN679_HUMAN
[],LRC34_HUMAN
[],ZNF34_HUMAN
[],NRSN1_HUMAN
[],RUSD2_HUMAN
[],A16A1_HUMAN
[],IFNL2_HUMAN
[],RGDSR_HUMAN
[],S38A6_HUMAN
[],H6ST3_HUMAN
[],OFCC1_HUMAN
[],DYLT2_HUMAN
[],CLCL1_HUMAN
[],FAM9C_HUMAN
[],CKLF8_HUMAN
[],RBIS_HUMAN
[],TMM61_HUMAN
[],PGAM4_HUMAN
[],PUSL1_HUMAN
[],TAGAP_HUMAN
[],KI2LA_HUMAN
[],CEND_HUMAN
[],LSME2_HUMAN
[],CP4X1_HUMAN
[],F177A_HUMAN
[],ZN567_HUMAN
[],BWR1B_HUMAN
[],LRC47_HUMAN
[],CLC4F_HUMAN
[],S39AB_HUMAN
[],GAPT_HUMAN
[],PYRD2_HUMAN
[],CIART_HUMAN
[],EH1L1_HUMAN
[],ZN664_HUMAN
[],FNBP4_HUMAN
[],LCORL_HUMAN
[],CPXM2_HUMAN
[],GUF1_HUMAN
[],FXL16_HUMAN
[],FSTL5_HUMAN
[],ARL14_HUMAN
[],TOM5_HUMAN
[],IT70B_HUMAN
[],PTGR3_HUMAN
[],ARG39_HUMAN
[],T11L2_HUMAN
[],FBXL6_HUMAN
[],DTWD1_HUMAN
[],LRA25_HUMAN
[],KCNRG_HUMAN
[],NOPC1_HUMAN
[],RP25L_HUMAN
[],TTC9C_HUMAN
[],RM50_HUMAN
[],CCD33_HUMAN
[],S2541_HUMAN
[],OR2C3_HUMAN
[],DB119_HUMAN
[],MYCT1_HUMAN
[],ANR29_HUMAN
[],AR6P6_HUMAN
[],TO6BL_HUMAN
[],TEX9_HUMAN
[],PCD20_HUMAN
[],KLDC1_HUMAN
[],HORM2_HUMAN
[],EFCB3_HUMAN
[],ZN433_HUMAN
[],ZN283_HUMAN
[],CLD22_HUMAN
[],CCYL1_HUMAN
[],STPG4_HUMAN
[],UBR7_HUMAN
[],PPM1N_HUMAN
[],ZN611_HUMAN
[],TSYL6_HUMAN
[],ZN713_HUMAN
[],ZN614_HUMAN
[],ANR44_HUMAN
[],DDX51_HUMAN
[],CE112_HUMAN
[],YIPF7_HUMAN
[],VGLL2_HUMAN
[],ZN615_HUMAN
[],K1958_HUMAN
[],ZN491_HUMAN
[],C56D1_HUMAN
[],NIPA2_HUMAN
[],CDYL2_HUMAN
[],ZFP41_HUMAN
[],ZN441_HUMAN
[],GPT11_HUMAN
[],ZN557_HUMAN
[],MUT7_HUMAN
[],ZIC4_HUMAN
[],SNX31_HUMAN
[],TRIML_HUMAN
[],GG6L2_HUMAN
[],ZN610_HUMAN
[],LMTD1_HUMAN
[],LMBL4_HUMAN
[],A16L2_HUMAN
[],ZN579_HUMAN
[],TDRD5_HUMAN
[],GALD1_HUMAN
[],AVL9_HUMAN
[],KY_HUMAN
[],PCYXL_HUMAN
[],P5I13_HUMAN
[],PLPP7_HUMAN
[],SCPDL_HUMAN
[],NECP1_HUMAN
[],ZN784_HUMAN
[],CL18C_HUMAN
[],ZN485_HUMAN
[],ZBT34_HUMAN
[],PRCA1_HUMAN
[],MFI_HUMAN
[],MACA2_HUMAN
[],ADAD2_HUMAN
[],MSD4_HUMAN
[],BBOF1_HUMAN
[],GIMA8_HUMAN
[],Z280C_HUMAN
[],HMCN2_HUMAN
[],FA156_HUMAN
[],CC168_HUMAN
[],GPR26_HUMAN
[],ZN740_HUMAN
[],LY65B_HUMAN
[],BEND2_HUMAN
[],STKL1_HUMAN
[],CHDH_HUMAN
[],ACRBP_HUMAN
[],CC112_HUMAN
[],SRFB1_HUMAN
[],GAR6_HUMAN
[],FA83F_HUMAN
[],ARMC2_HUMAN
[],ZN555_HUMAN
[],D108B_HUMAN
[],SPAT4_HUMAN
[],PRS33_HUMAN
[],ENASE_HUMAN
[],BHE22_HUMAN
[],CXG3_HUMAN
[],COMA1_HUMAN
[],S2610_HUMAN
[],LINES_HUMAN
[],TTL_HUMAN
[],O2AK2_HUMAN
[],OR7G1_HUMAN
[],G32P1_HUMAN
[],O11H7_HUMAN
[],OR4M1_HUMAN
[],O10P1_HUMAN
[],OR5T2_HUMAN
[],O52L1_HUMAN
[],O52N4_HUMAN
[],O52B4_HUMAN
[],OR8D4_HUMAN
[],O10G4_HUMAN
[],O10G7_HUMAN
[],OR9G4_HUMAN
[],OR1L6_HUMAN
[],OR1B1_HUMAN
[],OR1J2_HUMAN
[],O13C5_HUMAN
[],O13C9_HUMAN
[],OR5H6_HUMAN
[],OR6B3_HUMAN
[],OR6K6_HUMAN
[],O10T2_HUMAN
[],O10X1_HUMAN
[],OR6K3_HUMAN
[],O10AG_HUMAN
[],OR4L1_HUMAN
[],OR5B3_HUMAN
[],O51Q1_HUMAN
[],OR5W2_HUMAN
[],OR5R1_HUMAN
[],OR9G1_HUMAN
[],OR1S1_HUMAN
[],OR1L1_HUMAN
[],OR2T6_HUMAN
[],KI2LB_HUMAN
[],TRY6_HUMAN
[],EXD1_HUMAN
[],RASF8_HUMAN
[],TERB2_HUMAN
[],MOSMO_HUMAN
[],ZFP28_HUMAN
[],FBX27_HUMAN
[],LPD6B_HUMAN
[],ANGL6_HUMAN
[],PSMA8_HUMAN
[],GRPE2_HUMAN
[],PP14C_HUMAN
[],ZN461_HUMAN
[],VEXIN_HUMAN
[],GABP2_HUMAN
[],FIBIN_HUMAN
[],ZN420_HUMAN
[],SUN3_HUMAN
[],STML3_HUMAN
[],CX038_HUMAN
[],FBX30_HUMAN
[],TIP_HUMAN
[],KLDC4_HUMAN
[],ZCRB1_HUMAN
[],PIGX_HUMAN
[],FA81A_HUMAN
[],ARRD2_HUMAN
[],TBC16_HUMAN
[],S2540_HUMAN
[],KISHA_HUMAN
[],CC110_HUMAN
[],ZN502_HUMAN
[],ZN596_HUMAN
[],GAR3_HUMAN
[],F110B_HUMAN
[],CCER1_HUMAN
[],O51E1_HUMAN
[],RM30_HUMAN
[],CR032_HUMAN
[],PHOP2_HUMAN
[],WFDC5_HUMAN
[],ZPLD1_HUMAN
[],PKR1_HUMAN
[],GTR12_HUMAN
[],KLF14_HUMAN
[],RNAS8_HUMAN
[],BCAS4_HUMAN
[],BRX1_HUMAN
[],MRGRD_HUMAN
[],RL3R2_HUMAN
[],GP148_HUMAN
[],GP119_HUMAN
[],ST7L_HUMAN
[],IGDC4_HUMAN
[],EOLA1_HUMAN
[],GANC_HUMAN
[],ANR24_HUMAN
[],ZN483_HUMAN
[],ZN418_HUMAN
[],GIPC3_HUMAN
[],ZN384_HUMAN
[],PPIL4_HUMAN
[],CHUR_HUMAN
[],NEUFC_HUMAN
[],UBTD2_HUMAN
[],LRRN4_HUMAN
[],CHAC2_HUMAN
[],NAT14_HUMAN
[],BCL7C_HUMAN
[],LTO1_HUMAN
[],CC107_HUMAN
[],PTCD2_HUMAN
[],EFMT1_HUMAN
[],CPLX3_HUMAN
[],UQCC5_HUMAN
[],ANR49_HUMAN
[],SMIP5_HUMAN
[],ABEC4_HUMAN
[],NRG4_HUMAN
[],GAB3_HUMAN
[],WFD12_HUMAN
[],IBPL1_HUMAN
[],PATE1_HUMAN
[],ZN606_HUMAN
[],CSKI1_HUMAN
[],CBPA5_HUMAN
[],BRI3B_HUMAN
[],CSRN3_HUMAN
[],CV015_HUMAN
[],ZCH14_HUMAN
[],KLHL6_HUMAN
[],ARAP2_HUMAN
[],DNS2B_HUMAN
[],OR8D1_HUMAN
[],OR5P3_HUMAN
[],OR1E3_HUMAN
[],ENK8_HUMAN
[],EN113_HUMAN
[],PHYIP_HUMAN
[],ZN592_HUMAN
[],NPIB3_HUMAN
[],TF3A_HUMAN
[],ARC1A_HUMAN
[],DDX12_HUMAN
[],COR2A_HUMAN
[],FGF11_HUMAN
[],RAB1C_HUMAN
[],SBP2L_HUMAN
[],TATD2_HUMAN
[],GLYL1_HUMAN
[],CXA10_HUMAN
[],TAAR8_HUMAN
[],RL36L_HUMAN
[],ARL11_HUMAN
[],SNX21_HUMAN
[],MCHR2_HUMAN
[],ZN566_HUMAN
[],PP14A_HUMAN
[],TSACC_HUMAN
[],VATE2_HUMAN
[],CPNE4_HUMAN
[],SLAF9_HUMAN
[],RM24_HUMAN
[],MFRN2_HUMAN
[],ISL2_HUMAN
[],P33MX_HUMAN
[],TIP39_HUMAN
[],PTX4_HUMAN
[],KIFC2_HUMAN
[],MRGRF_HUMAN
[],BORC7_HUMAN
[],TM186_HUMAN
[],ESPB1_HUMAN
[],F149B_HUMAN
[],FAM3D_HUMAN
[],TRI43_HUMAN
[],S1PBP_HUMAN
[],ZN775_HUMAN
[],F136A_HUMAN
[],EFHD2_HUMAN
[],ZN707_HUMAN
[],GP146_HUMAN
[],NXNL1_HUMAN
[],S7A6O_HUMAN
[],KCD12_HUMAN
[],ZN501_HUMAN
[],ECHD3_HUMAN
[],SHSA4_HUMAN
[],LEG12_HUMAN
[],PABP5_HUMAN
[],RSPRY_HUMAN
[],DRC10_HUMAN
[],MTBP_HUMAN
[],ZHX1R_HUMAN
[],F120B_HUMAN
[],REX1B_HUMAN
[],SAAL1_HUMAN
[],ADAT3_HUMAN
[],PHIPL_HUMAN
[],KIF12_HUMAN
[],DTD2_HUMAN
[],SCRN2_HUMAN
[],WBP1_HUMAN
[],RM48_HUMAN
[],DMAC1_HUMAN
[],FAH2A_HUMAN
[],A7L3B_HUMAN
[],CP074_HUMAN
[],ZC21A_HUMAN
[],S2544_HUMAN
[],PRR11_HUMAN
[],FMC1_HUMAN
[],SH3Y1_HUMAN
[],ZN419_HUMAN
[],C2AIL_HUMAN
[],ZN625_HUMAN
[],COX14_HUMAN
[],KAZD1_HUMAN
[],IGS21_HUMAN
[],FXL20_HUMAN
[],TM101_HUMAN
[],VSIG2_HUMAN
[],A26L1_HUMAN
[],TPD55_HUMAN
[],CYYR1_HUMAN
[],ESIP1_HUMAN
[],M4A14_HUMAN
[],ZN479_HUMAN
[],HIPL1_HUMAN
[],S45A3_HUMAN
[],TM87B_HUMAN
[],ZBT45_HUMAN
[],ARL5B_HUMAN
[],BTBD6_HUMAN
[],LRAT2_HUMAN
[],ZFR_HUMAN
[],F167A_HUMAN
[],LYZL4_HUMAN
[],CAZA3_HUMAN
[],C170L_HUMAN
[],NAR5_HUMAN
[],SNX22_HUMAN
[],MRGX4_HUMAN
[],SGCZ_HUMAN
[],FIMP_HUMAN
[],TAFA4_HUMAN
[],MRFL_HUMAN
[],KS6R_HUMAN
[],ZSC31_HUMAN
[],CC74B_HUMAN
[],LRGUK_HUMAN
[],CCDC7_HUMAN
[],CC138_HUMAN
[],CCD42_HUMAN
[],DMRTB_HUMAN
[],FXL18_HUMAN
[],PPM1M_HUMAN
[],HS12B_HUMAN
[],RN145_HUMAN
[],DAA10_HUMAN
[],VTM2L_HUMAN
[],SPT33_HUMAN
[],CFA54_HUMAN
[],PLD3A_HUMAN
[],ZN714_HUMAN
[],F210A_HUMAN
[],NDF6_HUMAN
[],RUN3B_HUMAN
[],TMM74_HUMAN
[],ZN599_HUMAN
[],CNT3B_HUMAN
[],HUTI_HUMAN
[],DACH2_HUMAN
[],ACAP3_HUMAN
[],GPR78_HUMAN
[],LRC3B_HUMAN
[],OPALI_HUMAN
[],ZIM3_HUMAN
[],SG3A2_HUMAN
[],TECTB_HUMAN
[],CMA1A_HUMAN
[],SG3A1_HUMAN
[],TSN32_HUMAN
[],PANX3_HUMAN
[],OR2A5_HUMAN
[],OR7D2_HUMAN
[],TAAR9_HUMAN
[],CITE4_HUMAN
[],KCNA7_HUMAN
[],PCX1_HUMAN
[],RSLAB_HUMAN
[],LYSM1_HUMAN
[],PEBP4_HUMAN
[],DMTA2_HUMAN
[],ABHD1_HUMAN
[],ZN347_HUMAN
[],TSN18_HUMAN
[],TM209_HUMAN
[],ZN607_HUMAN
[],CPXM1_HUMAN
[],ZN382_HUMAN
[],INSM2_HUMAN
[],AMELY_HUMAN
[],SEC62_HUMAN
[],GML_HUMAN
[],H4G_HUMAN
[],TTC1_HUMAN
[],CDCA3_HUMAN
[],RGPD5_HUMAN
[],GPR20_HUMAN
[],TIMP4_HUMAN
[],NPAS1_HUMAN
[],TM9S2_HUMAN
[],PRRX2_HUMAN
[],GDIR3_HUMAN
[],SPI2A_HUMAN
[],SMR3A_HUMAN
[],APOL4_HUMAN
[],ARP5L_HUMAN
[],F118B_HUMAN
[],RETNB_HUMAN
[],RT63_HUMAN
[],PSD2_HUMAN
[],NRIP2_HUMAN
[],FA83C_HUMAN
[],RTP3_HUMAN
[],PRS27_HUMAN
[],HSPB9_HUMAN
[],ZN559_HUMAN
[],CHOLN_HUMAN
[],TM2D3_HUMAN
[],CF300_HUMAN
[],GPTC1_HUMAN
[],LLPH_HUMAN
[],TCAL7_HUMAN
[],S39A3_HUMAN
[],TIM29_HUMAN
[],BTBDA_HUMAN
[],PADC1_HUMAN
[],RTBDN_HUMAN
[],NICN1_HUMAN
[],ZN577_HUMAN
[],TM204_HUMAN
[],PSMG3_HUMAN
[],UPK3B_HUMAN
[],H2AJ_HUMAN
[],LRRC1_HUMAN
[],DPH7_HUMAN
[],LMF2_HUMAN
[],TRMO_HUMAN
[],ZSA5A_HUMAN
[],CHCH7_HUMAN
[],MENT_HUMAN
[],MCRI2_HUMAN
[],EFC11_HUMAN
[],CA050_HUMAN
[],LRC61_HUMAN
[],ASHWN_HUMAN
[],TPPP3_HUMAN
[],SSBP4_HUMAN
[],APOL6_HUMAN
[],ZN471_HUMAN
[],PG12B_HUMAN
[],SALL3_HUMAN
[],SPZ1_HUMAN
[],KLF16_HUMAN
[],HEMGN_HUMAN
[],CCG6_HUMAN
[],TX13A_HUMAN
[],FHL17_HUMAN
[],GPR87_HUMAN
[],SCOT2_HUMAN
[],RM20_HUMAN
[],RM13_HUMAN
[],RM09_HUMAN
[],RM04_HUMAN
[],RM01_HUMAN
[],RT26_HUMAN
[],KRA49_HUMAN
[],KRA48_HUMAN
[],CNTP3_HUMAN
[],TMG3_HUMAN
[],RM37_HUMAN
[],IRX2_HUMAN
[],GPR63_HUMAN
[],FOXQ1_HUMAN
[],K1C23_HUMAN
[],LRCC1_HUMAN
[],BRNP2_HUMAN
[],ZC12C_HUMAN
[],GRIP2_HUMAN
[],RHG39_HUMAN
[],KLHL4_HUMAN
[],OR2H1_HUMAN
[],OR2J1_HUMAN
[],OR8D2_HUMAN
[],NRSN2_HUMAN
[],PITH1_HUMAN
[],VN1R1_HUMAN
[],CC90B_HUMAN
[],COA1_HUMAN
[],HXD1_HUMAN
[],NACA2_HUMAN
[],ZMY15_HUMAN
[],NBPF3_HUMAN
[],TM117_HUMAN
[],TKTL2_HUMAN
[],TSYL1_HUMAN
[],TM168_HUMAN
[],F234A_HUMAN
[],PCDC1_HUMAN
[],CSRN2_HUMAN
[],RPB1C_HUMAN
[],LPAR5_HUMAN
[],TMX4_HUMAN
[],MEGF9_HUMAN
[],AUGN_HUMAN
[],TSN10_HUMAN
[],O2AG1_HUMAN
[],O10A5_HUMAN
[],O10A2_HUMAN
[],O10A4_HUMAN
[],OR2D2_HUMAN
[],MAGH1_HUMAN
[],NGN2_HUMAN
[],CCD68_HUMAN
[],RBP17_HUMAN
[],I27L2_HUMAN
[],SO5A1_HUMAN
[],TM245_HUMAN
[],CRLD1_HUMAN
[],O51B5_HUMAN
[],O51B6_HUMAN
[],O51M1_HUMAN
[],O51J1_HUMAN
[],UBQL3_HUMAN
[],GGNB2_HUMAN
[],SNX25_HUMAN
[],CPVL_HUMAN
[],ABHGB_HUMAN
[],RIMS4_HUMAN
[],RWDD1_HUMAN
[],AMPB_HUMAN
[],DPEP3_HUMAN
[],CST9L_HUMAN
[],SEHL2_HUMAN
[],RIBC2_HUMAN
[],ESF1_HUMAN
[],KLH31_HUMAN
[],ACTL8_HUMAN
[],THAP9_HUMAN
[],ZN576_HUMAN
[],IGFR1_HUMAN
[],DEN2D_HUMAN
[],PCX3_HUMAN
[],FNDC4_HUMAN
[],TM38A_HUMAN
[],TM134_HUMAN
[],CS044_HUMAN
[],WDR55_HUMAN
[],PG2IP_HUMAN
[],LRC19_HUMAN
[],AAMDC_HUMAN
[],ZN442_HUMAN
[],CTSRB_HUMAN
[],CCSE2_HUMAN
[],IFT22_HUMAN
[],TBA4B_HUMAN
[],NT5D2_HUMAN
[],ZMAT4_HUMAN
[],MANS1_HUMAN
[],VRTN_HUMAN
[],RN121_HUMAN
[],WDR76_HUMAN
[],MA6D1_HUMAN
[],I20L2_HUMAN
[],RPF1_HUMAN
[],KT3K_HUMAN
[],RSAD1_HUMAN
[],LMA1L_HUMAN
[],MAGF1_HUMAN
[],B2L12_HUMAN
[],RISC_HUMAN
[],FOH1B_HUMAN
[],GGA2B_HUMAN
[],S38AA_HUMAN
[],POPD2_HUMAN
[],POPD3_HUMAN
[],GLOD4_HUMAN
[],PCDH9_HUMAN
[],HES4_HUMAN
[],ZN160_HUMAN
[],K1586_HUMAN
[],PCD18_HUMAN
[],TPIP1_HUMAN
[],FGF22_HUMAN
[],RM47_HUMAN
[],XAGE1_HUMAN
[],GAK5_HUMAN
[],ENH3_HUMAN
[],RT30_HUMAN
[],GPCP1_HUMAN
[],NRN1_HUMAN
[],OBP2B_HUMAN
[],SCRT2_HUMAN
[],EQTN_HUMAN
[],WASH6_HUMAN
[],TSSP_HUMAN
[],OR2S1_HUMAN
[],AVEN_HUMAN
[],FSCN3_HUMAN
[],ZN331_HUMAN
[],PXMP2_HUMAN
[],D39U1_HUMAN
[],YAE1_HUMAN
[],MOST1_HUMAN
[],PAPOB_HUMAN
[],ZN277_HUMAN
[],OLFL3_HUMAN
[],CYTL1_HUMAN
[],CNNM1_HUMAN
[],HEBP1_HUMAN
[],F1142_HUMAN
[],SPNXB_HUMAN
[],SPNXA_HUMAN
[],RGS18_HUMAN
[],GP173_HUMAN
[],TM7S3_HUMAN
[],SEM3G_HUMAN
[],RL3R1_HUMAN
[],SLX9_HUMAN
[],IGSF5_HUMAN
[],NRBP2_HUMAN
[],INKA2_HUMAN
[],CTSRZ_HUMAN
[],CBLN4_HUMAN
[],ECHD1_HUMAN
[],RBM12_HUMAN
[],ANKE1_HUMAN
[],ZBT40_HUMAN
[],PDRG1_HUMAN
[],BL1S4_HUMAN
[],TRM13_HUMAN
[],SPS2L_HUMAN
[],ABCF3_HUMAN
[],PRR34_HUMAN
[],TYW1_HUMAN
[],ZN701_HUMAN
[],TBC13_HUMAN
[],FAIM1_HUMAN
[],TBCC1_HUMAN
[],RT18A_HUMAN
[],NECP2_HUMAN
[],BSDC1_HUMAN
[],MED9_HUMAN
[],TM45A_HUMAN
[],CZIB_HUMAN
[],HPIP_HUMAN
[],RM16_HUMAN
[],ABITM_HUMAN
[],SOLH2_HUMAN
[],DCA16_HUMAN
[],PP14D_HUMAN
[],PAQR5_HUMAN
[],FXL12_HUMAN
[],ARH38_HUMAN
[],SIDT1_HUMAN
[],GDAP2_HUMAN
[],BARH2_HUMAN
[],ST32B_HUMAN
[],FA13B_HUMAN
[],COA4_HUMAN
[],FKB11_HUMAN
[],TMOD3_HUMAN
[],RASLC_HUMAN
[],RDH8_HUMAN
[],T2R13_HUMAN
[],TA2R9_HUMAN
[],TA2R8_HUMAN
[],TA2R7_HUMAN
[],TA2R3_HUMAN
[],TA2R1_HUMAN
[],ARP10_HUMAN
[],PTTG2_HUMAN
[],RGL1_HUMAN
[],DJC27_HUMAN
[],TMOD4_HUMAN
[],OGFR_HUMAN
[],PALS2_HUMAN
[],RM15_HUMAN
[],TAP26_HUMAN
[],RM36_HUMAN
[],IL17C_HUMAN
[],RM27_HUMAN
[],DOK5_HUMAN
[],ARP3B_HUMAN
[],PHRF1_HUMAN
[],BTBD7_HUMAN
[],COKA1_HUMAN
[],RHG23_HUMAN
[],NYAP2_HUMAN
[],LRFN1_HUMAN
[],RELCH_HUMAN
[],DIP2B_HUMAN
[],ARMX1_HUMAN
[],COPZ2_HUMAN
[],TM181_HUMAN
[],UNC79_HUMAN
[],SI1L2_HUMAN
[],ZN624_HUMAN
[],RBM27_HUMAN
[],NYNRI_HUMAN
[],LRIT1_HUMAN
[],POK18_HUMAN
[],RBPJL_HUMAN
[],ARP21_HUMAN
[],FA8A1_HUMAN
[],ZN282_HUMAN
[],MTFP1_HUMAN
[],CFDP1_HUMAN
[],ARMX3_HUMAN
[],FBX40_HUMAN
[],RLP24_HUMAN
[],IL17B_HUMAN
[],SMPX_HUMAN
[],ZNHI2_HUMAN
[],RPGFL_HUMAN
[],GPN3_HUMAN
[],TAGL3_HUMAN
[],TEKT2_HUMAN
[],FKBPL_HUMAN
[],TSYL4_HUMAN
[],GP160_HUMAN
[],CAD22_HUMAN
[],MSPD1_HUMAN
[],TSR3_HUMAN
[],ZN112_HUMAN
[],PURG_HUMAN
[],ZN229_HUMAN
[],GBG8_HUMAN
[],ZN223_HUMAN
[],ZN221_HUMAN
[],DKKL1_HUMAN
[],MRT4_HUMAN
[],ENK9_HUMAN
[],PILRB_HUMAN
[],GPTC8_HUMAN
[],O52A1_HUMAN
[],KLK13_HUMAN
[],TSN16_HUMAN
[],FXL21_HUMAN
[],CES1P_HUMAN
[],ZN236_HUMAN
[],ZN215_HUMAN
[],DEN2A_HUMAN
[],ANR50_HUMAN
[],AT7L1_HUMAN
[],RN150_HUMAN
[],PRR12_HUMAN
[],PAI2B_HUMAN
[],TMCC3_HUMAN
[],KCNS2_HUMAN
[],T53G3_HUMAN
[],SCML1_HUMAN
[],PCDB8_HUMAN
[],PCDBA_HUMAN
[],PCDGK_HUMAN
[],PCDGG_HUMAN
[],PCDAC_HUMAN
[],ANGE1_HUMAN
[],SSRG_HUMAN
[],TF2AY_HUMAN
[],GPR34_HUMAN
[],TUTLB_HUMAN
[],DHDH_HUMAN
[],PSG11_HUMAN
[],POK11_HUMAN
[],ZN443_HUMAN
[],ZN652_HUMAN
[],ZN510_HUMAN
[],FRM4B_HUMAN
[],ZKSC5_HUMAN
[],ZN257_HUMAN
[],RT28_HUMAN
[],RT17_HUMAN
[],2ABG_HUMAN
[],GPR52_HUMAN
[],KCNK7_HUMAN
[],ZBT12_HUMAN
[],VWA7_HUMAN
[],EMC9_HUMAN
[],RT18C_HUMAN
[],HDGR3_HUMAN
[],CCDC9_HUMAN
[],FA32A_HUMAN
[],C2CD2_HUMAN
[],CMAH_HUMAN
[],C170B_HUMAN
[],MTL5_HUMAN
[],CRBG1_HUMAN
[],HES2_HUMAN
[],IPP_HUMAN
[],OR1A2_HUMAN
[],KCTD3_HUMAN
[],PCDB7_HUMAN
[],PCDB5_HUMAN
[],PCDB4_HUMAN
[],PCDB3_HUMAN
[],PCDB2_HUMAN
[],PCDBF_HUMAN
[],PCDBD_HUMAN
[],PCDBB_HUMAN
[],PCDB1_HUMAN
[],PCDGM_HUMAN
[],PCDGJ_HUMAN
[],PCDGI_HUMAN
[],PCDGH_HUMAN
[],PCDGF_HUMAN
[],PCDGE_HUMAN
[],PCDGD_HUMAN
[],PCDG9_HUMAN
[],PCDG8_HUMAN
[],PCDG7_HUMAN
[],PCDG6_HUMAN
[],PCDG5_HUMAN
[],PCDG4_HUMAN
[],PCDG3_HUMAN
[],PCDG2_HUMAN
[],PCDGB_HUMAN
[],PCDGA_HUMAN
[],PCDG1_HUMAN
[],PCDA8_HUMAN
[],PCDA5_HUMAN
[],PCDA3_HUMAN
[],PCDAD_HUMAN
[],PCDAB_HUMAN
[],PCDC2_HUMAN
[],TIM8B_HUMAN
[],SRPRB_HUMAN
[],O51B2_HUMAN
[],GPR45_HUMAN
[],RFNG_HUMAN
[],SOX21_HUMAN
[],HS3S4_HUMAN
[],ARL5A_HUMAN
[],VPK6_HUMAN
[],PXMP4_HUMAN
[],ZFP37_HUMAN
[],RPKL1_HUMAN
[],GAK19_HUMAN
[],A3LT2_HUMAN
[],PYDC5_HUMAN
[],KV37_HUMAN
[],KVD42_HUMAN
[],LV469_HUMAN
[],LV861_HUMAN
[],LV460_HUMAN
[],LVK55_HUMAN
[],LVX54_HUMAN
[],LV150_HUMAN
[],LV548_HUMAN
[],LV746_HUMAN
[],LV537_HUMAN
[],LV233_HUMAN
[],LV322_HUMAN
[],LV316_HUMAN
[],LV312_HUMAN
[],LV310_HUMAN
[],LV39_HUMAN
[],LV403_HUMAN
[],TVG11_HUMAN
[],TVB73_HUMAN
[],TVBT1_HUMAN
[],TVBX1_HUMAN
[],TVBY1_HUMAN
[],KV228_HUMAN
[],HV364_HUMAN
[],TRGV2_HUMAN
[],HV404_HUMAN
[],KVD24_HUMAN
[],KVD29_HUMAN
[],KVD17_HUMAN
[],KV127_HUMAN
[],KVD30_HUMAN
[],KV137_HUMAN
[],TVAL2_HUMAN
[],TVA6_HUMAN
[],TVA91_HUMAN
[],TVA7_HUMAN
[],TVA36_HUMAN
[],TVA23_HUMAN
[],TVA18_HUMAN
[],AQP7B_HUMAN
[],PAL4H_HUMAN
[],LV545_HUMAN
[],HV432_HUMAN
[],KVD15_HUMAN
[],KVD08_HUMAN
[],TVA30_HUMAN
[],TVA92_HUMAN
[],TVAZ1_HUMAN
[],TVB16_HUMAN
[],TBC3D_HUMAN
[],KV240_HUMAN
[],MEIKN_HUMAN
[],TVB18_HUMAN
[],TBC3E_HUMAN
[],QCR6L_HUMAN
[],KVD26_HUMAN
[],KVD11_HUMAN
[],LV552_HUMAN
[],LV332_HUMAN
[],TVG10_HUMAN
[],TRGV1_HUMAN
[],TVB53_HUMAN
[],TVB67_HUMAN
[],TVB57_HUMAN
[],TVB23_HUMAN
[],HV145_HUMAN
[],HV349_HUMAN
[],KVD21_HUMAN
[],TVA14_HUMAN
[],TVB13_HUMAN
[],TVB66_HUMAN
[],TVB68_HUMAN
[],TVA83_HUMAN
[],TVA81_HUMAN
[],TVB71_HUMAN
[],TVA16_HUMAN
[],TVA19_HUMAN
[],POTEB_HUMAN
[],LV136_HUMAN
[],TRGV5_HUMAN
[],TVB9_HUMAN
[],HV601_HUMAN
[],HV315_HUMAN
[],HV321_HUMAN
[],HV226_HUMAN
[],HV373_HUMAN
[],HV781_HUMAN
[],HV374_HUMAN
[],HV343_HUMAN
[],LV949_HUMAN
[],HV372_HUMAN
[],KVD43_HUMAN
[],TVA2_HUMAN
[],TVAM2_HUMAN
[],TVA82_HUMAN
[],TVA12_HUMAN
[],TVA10_HUMAN
[],TVAM1_HUMAN
[],TVA3_HUMAN
[],TVAL1_HUMAN
[],TVA11_HUMAN
[],TVA5_HUMAN
[],TVA86_HUMAN
[],TVA39_HUMAN
[],TV381_HUMAN
[],TVAZ2_HUMAN
[],TVA41_HUMAN
[],TVA4_HUMAN
[],TVAL3_HUMAN
[],TVA24_HUMAN
[],TVA34_HUMAN
[],TVA20_HUMAN
[],TVA17_HUMAN
[],TVA25_HUMAN
[],TVA22_HUMAN
[],TVA21_HUMAN
[],TVA40_HUMAN
[],KVD13_HUMAN
[],TVBL4_HUMAN
[],HV69D_HUMAN
[],KV621_HUMAN
[],KVD20_HUMAN
[],KVD41_HUMAN
[],TRGV8_HUMAN
[],TRGV4_HUMAN
[],HV103_HUMAN
[],HV316_HUMAN
[],HV118_HUMAN
[],HV320_HUMAN
[],HV124_HUMAN
[],HV428_HUMAN
[],HV335_HUMAN
[],HV338_HUMAN
[],HV551_HUMAN
[],HV158_HUMAN
[],HV461_HUMAN
[],HV366_HUMAN
[],HV70D_HUMAN
[],KVD07_HUMAN
[],TVB54_HUMAN
[],KV108_HUMAN
[],KV224_HUMAN
[],KV109_HUMAN
[],KV106_HUMAN
[],KV112_HUMAN
[],HV692_HUMAN
[],LV539_HUMAN
[],HV741_HUMAN
[],HV64D_HUMAN
[],TVB69_HUMAN
[],HV5X1_HUMAN
[],TVB62_HUMAN
[],TVBJ1_HUMAN
[],TVB30_HUMAN
[],TVBK1_HUMAN
[],TVB27_HUMAN
[],TVB61_HUMAN
[],TVB77_HUMAN
[],TVBJ3_HUMAN
[],TVBJ2_HUMAN
[],DP2NB_HUMAN
[],MISFA_HUMAN
[],F237A_HUMAN
[],UB2L5_HUMAN
[],F237B_HUMAN
[],TVB76_HUMAN
[],TVB64_HUMAN
[],TVB78_HUMAN
[],TRDV1_HUMAN
[],TVB2_HUMAN
[],TVBL5_HUMAN
[],TVB74_HUMAN
[],TVB72_HUMAN
[],KDM4F_HUMAN
[],CPHXL_HUMAN
[],GSTT4_HUMAN
[],PERC1_HUMAN
[],H2BK1_HUMAN
[],O5BS1_HUMAN
[],FXO3B_HUMAN
[],PLGRF_HUMAN
[],O51C1_HUMAN
[],H2AL3_HUMAN
[],PNT87_HUMAN
[],TSPY9_HUMAN
[],TVB42_HUMAN
[],TVB31_HUMAN
[],TVB41_HUMAN
[],TVB51_HUMAN
[],TVBK2_HUMAN
[],TVB43_HUMAN
[],SMI45_HUMAN
[],TVB55_HUMAN
[],TVB56_HUMAN
[],TVB58_HUMAN
[],TVBK3_HUMAN
[],TVB14_HUMAN
[],TVB28_HUMAN
[],TVB29_HUMAN
[],MIAC_HUMAN
[],GBG5B_HUMAN
[],KAL1L_HUMAN
[],FR1L5_HUMAN
[],TV382_HUMAN
[],TRDV2_HUMAN
[],TRDV3_HUMAN
[],DHR12_HUMAN
[],S66AL_HUMAN
[],CF119_HUMAN
[],KR231_HUMAN
[],CT202_HUMAN
[],IGS23_HUMAN
[],MT1DP_HUMAN
[],PRS38_HUMAN
[],PIPSL_HUMAN
[],BCLA3_HUMAN
[],DYTN_HUMAN
[],WDR27_HUMAN
[],TM213_HUMAN
[],HEAT9_HUMAN
[],SMCO3_HUMAN
[],C144A_HUMAN
[],COLL1_HUMAN
[],OR2M5_HUMAN
[],CPED1_HUMAN
[],KLRG2_HUMAN
[],DEN11_HUMAN
[],CTGEF_HUMAN
[],GRD2I_HUMAN
[],SH321_HUMAN
[],PI4P2_HUMAN
[],KRBA1_HUMAN
[],RGSL_HUMAN
[],F149A_HUMAN
[],CDHR4_HUMAN
[],DPPA5_HUMAN
[],GOG8I_HUMAN
[],PINLY_HUMAN
[],GOG8O_HUMAN
[],VWA3A_HUMAN
[],KR87P_HUMAN
[],O6C74_HUMAN
[],U17L4_HUMAN
[],SYN1L_HUMAN
[],O5H15_HUMAN
[],TR49B_HUMAN
[],O6C68_HUMAN
[],GOG6B_HUMAN
[],ME3L1_HUMAN
[],TBC3B_HUMAN
[],ZN840_HUMAN
[],WDR97_HUMAN
[],PSAL_HUMAN
[],ARRD5_HUMAN
[],SWAHB_HUMAN
[],TBC3F_HUMAN
[],MRO2A_HUMAN
[],OR5K3_HUMAN
[],ANTRL_HUMAN
[],OR6C6_HUMAN
[],TM235_HUMAN
[],OR2W5_HUMAN
[],ZN316_HUMAN
[],DPRX_HUMAN
[],MGT4D_HUMAN
[],ZSA5C_HUMAN
[],URAD_HUMAN
[],TRI64_HUMAN
[],SERC4_HUMAN
[],TV23A_HUMAN
[],ARL5C_HUMAN
[],O4C46_HUMAN
[],O5H14_HUMAN
[],ZN860_HUMAN
[],MOXD2_HUMAN
[],MANS4_HUMAN
[],NCF1B_HUMAN
[],CBY3_HUMAN
[],PRS29_HUMAN
[],O6C70_HUMAN
[],S15A5_HUMAN
[],AGAP5_HUMAN
[],RP1BL_HUMAN
[],ARGFX_HUMAN
[],ZSA5B_HUMAN
[],CMI2C_HUMAN
[],LRR3C_HUMAN
[],T238L_HUMAN
[],O6C65_HUMAN
[],RIM3C_HUMAN
[],TRI75_HUMAN
[],ZN233_HUMAN
[],ASB14_HUMAN
[],ZNF98_HUMAN
[],TSPY2_HUMAN
[],RTL1_HUMAN
[],OR5H1_HUMAN
[],CGB1_HUMAN
[],RGPD3_HUMAN
[],S22AV_HUMAN
[],O6C75_HUMAN
[],O5B21_HUMAN
[],CF144_HUMAN
[],TTC36_HUMAN
[],RFPLA_HUMAN
[],O2AG2_HUMAN
[],L37A2_HUMAN
[],ZFP92_HUMAN
[],TCPQL_HUMAN
[],CLD24_HUMAN
[],O6C76_HUMAN
[],OR5K4_HUMAN
[],L37A1_HUMAN
[],DBX1_HUMAN
[],O52A4_HUMAN
[],I4E1B_HUMAN
[],SNTAN_HUMAN
[],O4C45_HUMAN
[],ZN729_HUMAN
[],CXE1_HUMAN
[],ZN726_HUMAN
[],RIM3B_HUMAN
[],CC169_HUMAN
[],ZN716_HUMAN
[],ZAR1L_HUMAN
[],KNCN_HUMAN
[],LRIQ3_HUMAN
[],AN36A_HUMAN
[],CFA96_HUMAN
[],ZN839_HUMAN
[],ME3L2_HUMAN
[],CO062_HUMAN
[],YDJC_HUMAN
[],PP2D1_HUMAN
[],ZBBX_HUMAN
[],PRS47_HUMAN
[],HMSD_HUMAN
[],KRA97_HUMAN
[],PDZ1P_HUMAN
[],LEG16_HUMAN
[],SERP3_HUMAN
[],KRA96_HUMAN
[],HIDE1_HUMAN
[],NCF1C_HUMAN
[],F1712_HUMAN
[],BTNLA_HUMAN
[],Z705E_HUMAN
[],RUXGL_HUMAN
[],FS2P1_HUMAN
[],CAN14_HUMAN
[],B3GT9_HUMAN
[],DB108_HUMAN
[],ZNF99_HUMAN
[],KRA91_HUMAN
[],DCD2C_HUMAN
[],FOXO6_HUMAN
[],EFCB9_HUMAN
[],FHAD1_HUMAN
[],ISM1_HUMAN
[],ZN487_HUMAN
[],KILIN_HUMAN
[],O11HC_HUMAN
[],HGB1A_HUMAN
[],BTBDI_HUMAN
[],TM114_HUMAN
[],NBPFP_HUMAN
[],ZN879_HUMAN
[],EIFCL_HUMAN
[],RBG10_HUMAN
[],PP13G_HUMAN
[],KIF28_HUMAN
[],IGLL5_HUMAN
[],HAS3P_HUMAN
[],RBRP_HUMAN
[],SHMOS_HUMAN
[],APDD1_HUMAN
[],AJM1_HUMAN
[],TR49D_HUMAN
[],U17LF_HUMAN
[],RAS4B_HUMAN
[],HSBPL_HUMAN
[],CLD25_HUMAN
[],PRRT4_HUMAN
[],U17LA_HUMAN
[],U17LD_HUMAN
[],ZFTA_HUMAN
[],UL17C_HUMAN
[],TM232_HUMAN
[],DSA2D_HUMAN
[],MEIOS_HUMAN
[],ADM5_HUMAN
[],U17LB_HUMAN
[],FREY_HUMAN
[],U17LL_HUMAN
[],U17LI_HUMAN
[],U17LM_HUMAN
[],U17LH_HUMAN
[],U17LJ_HUMAN
[],CD054_HUMAN
[],U17LK_HUMAN
[],MUC22_HUMAN
[],PBMU2_HUMAN
[],Z587B_HUMAN
[],PTG3L_HUMAN
[],NDUCR_HUMAN
[],APRIO_HUMAN
[],KR416_HUMAN
[],GOG8M_HUMAN
[],GFY_HUMAN
[],CCER2_HUMAN
[],S35U4_HUMAN
[],ASURF_HUMAN
[],OVOL3_HUMAN
[],HMGN4_HUMAN
[],NET3_HUMAN
[],ISLR_HUMAN
[],UBFD1_HUMAN
[],OR7AH_HUMAN
[],VCY1_HUMAN
[],TYB4Y_HUMAN
[],RGPD8_HUMAN
[],RGS13_HUMAN
[],IPP2C_HUMAN
[],KHNYN_HUMAN
[],TRNK1_HUMAN
[],CXX1_HUMAN
[],MPPD1_HUMAN
[],MAGB3_HUMAN
[],TEX28_HUMAN
[],CTR4_HUMAN
[],LYRM1_HUMAN
[],ZN749_HUMAN
[],AN32C_HUMAN
[],GTPB6_HUMAN
[],OR2T1_HUMAN
[],K0513_HUMAN
[],NPA1P_HUMAN
[],ZN862_HUMAN
[],L37A3_HUMAN
[],EREP2_HUMAN
[],TBC12_HUMAN
[],O10H2_HUMAN
[],O10H3_HUMAN
[],OR1I1_HUMAN
[],RNBP6_HUMAN
[],ISK4_HUMAN
[],TSN3_HUMAN
[],EIF1B_HUMAN
[],PRA10_HUMAN
[],PRAM4_HUMAN
[],Z780A_HUMAN
[],TBX10_HUMAN
[],ZN737_HUMAN
[],Z324A_HUMAN
[],FRAT2_HUMAN
[],RMXL2_HUMAN
[],NALF2_HUMAN
[],OR2B3_HUMAN
[],SEGN_HUMAN
[],GAGE7_HUMAN
[],OR7AA_HUMAN
[],KBTBB_HUMAN
[],OR2F2_HUMAN
[],O4F21_HUMAN
[],NXPH2_HUMAN
[],NXPH3_HUMAN
[],NXPH4_HUMAN
[],CDRT1_HUMAN
[],OR5F1_HUMAN
[],DEXI_HUMAN
[],NSA2_HUMAN
[],NPTXR_HUMAN
[],PRAM1_HUMAN
[],PRA12_HUMAN
[],PM2P2_HUMAN
[],TSN13_HUMAN
[],SG1D2_HUMAN
[],PPR17_HUMAN
[],TVA84_HUMAN
[],TRGC2_HUMAN
[],P3_HUMAN
[],NUD17_HUMAN
[],FREM3_HUMAN
[],NPS_HUMAN
[],SBK2_HUMAN
[],F86B2_HUMAN
[],KRA14_HUMAN
[],OR4A8_HUMAN
[],O5AL1_HUMAN
[],OR4Q2_HUMAN
[],OR5G3_HUMAN
[],O5AC1_HUMAN
[],O10J4_HUMAN
[],O52Z1_HUMAN
[],ZGLP1_HUMAN
[],LIGO3_HUMAN
[],F153B_HUMAN
[],U17L7_HUMAN
[],U17L8_HUMAN
[],CC159_HUMAN
[],OR8U8_HUMAN
[],UCRIL_HUMAN
[],ARMS2_HUMAN
[],S35G6_HUMAN
[],OR2T7_HUMAN
[],O56A5_HUMAN
[],HMSDV_HUMAN
[],ASA2B_HUMAN
[],SC11B_HUMAN
[],TBC3H_HUMAN
[],PIRT_HUMAN
[],MS3L2_HUMAN
[],R10B1_HUMAN
[],PAB4L_HUMAN
[],TRGC1_HUMAN
[],ZSA5D_HUMAN
[],GKN3_HUMAN
[],DERPC_HUMAN
[],DR4L1_HUMAN
[],Z286B_HUMAN
[],TB15A_HUMAN
[],TB15B_HUMAN
[],CFC1B_HUMAN
[],SP9_HUMAN
[],Z705D_HUMAN
[],TR49C_HUMAN
[],HMN5_HUMAN
[],ZN865_HUMAN
[],ZN888_HUMAN
[],S352B_HUMAN
[],S35E2_HUMAN
[],GG12I_HUMAN
[],TSPY3_HUMAN
[],TSPY4_HUMAN
[],TSPY8_HUMAN
[],TSPYA_HUMAN
[],LIMS4_HUMAN
[],RGPD1_HUMAN
[],RGPD2_HUMAN
[],TPBGL_HUMAN
[],MPC1L_HUMAN
[],S31C1_HUMAN
[],M1BL1_HUMAN
[],SRG2B_HUMAN
[],OR8G3_HUMAN
[],CT45A_HUMAN
[],PAL4G_HUMAN
[],OR5H8_HUMAN
[],O13C7_HUMAN
[],O12D1_HUMAN
[],IGA2_HUMAN
[],IGK_HUMAN
[],IGL1_HUMAN
[],HV108_HUMAN
[],HVC33_HUMAN
[],HVC05_HUMAN
[],HV43D_HUMAN
[],HVD34_HUMAN
[],HV431_HUMAN
[],HVD82_HUMAN
[],KV113_HUMAN
[],VSXL2_HUMAN
[],D130B_HUMAN
[],D130A_HUMAN
[],VSIG8_HUMAN
[],RPC22_HUMAN
[],NBPF9_HUMAN
[],TVA35_HUMAN
[],TVB63_HUMAN
[],GAL3A_HUMAN
[],NPY42_HUMAN
[],KVD37_HUMAN
[],SCGR9_HUMAN
[],HV383_HUMAN
[],HV511_HUMAN
[],TM276_HUMAN
[],GAGE1_HUMAN
[],HRURF_HUMAN
[],TPRX2_HUMAN
[],GOG8G_HUMAN
[],SRSP_HUMAN
[],GLI4_HUMAN
[],PSG2_HUMAN
[],CRGA_HUMAN
[],MYCP1_HUMAN
[],GLPE_HUMAN
[],ZN823_HUMAN
[],CRIS2_HUMAN
[],ZNF14_HUMAN
[],PTMS_HUMAN
[],S100G_HUMAN
[],HXC12_HUMAN
[],MAGA5_HUMAN
[],MAGA9_HUMAN
[],MAGB1_HUMAN
[],OR3A1_HUMAN
[],OR1D4_HUMAN
[],MT4_HUMAN
[],HSP77_HUMAN
[],ZNF84_HUMAN
[],ZN157_HUMAN
[],CDR1_HUMAN
[],ZN132_HUMAN
[],ZN137_HUMAN
[],CRIP2_HUMAN
[],SH3BG_HUMAN
[],CLD12_HUMAN
[],RWD2B_HUMAN
[],OR1D5_HUMAN
[],OR4D2_HUMAN
[],O10A3_HUMAN
[],NXPH1_HUMAN
[],SIM11_HUMAN
[],T2R41_HUMAN
[],T2R45_HUMAN
[],T2R30_HUMAN
[],T2R50_HUMAN
[],T2R60_HUMAN
[],FXYD4_HUMAN
[],D131A_HUMAN
[],OR2B8_HUMAN
[],PROF3_HUMAN
[],KTDAP_HUMAN
[],ZC3H6_HUMAN
[],YPEL3_HUMAN
[],ENK25_HUMAN
[],LCN6_HUMAN
[],GAK8_HUMAN
[],VPK21_HUMAN
[],VPK19_HUMAN
[],VP113_HUMAN
[],VPK04_HUMAN
[],VPK25_HUMAN
[],VPK9_HUMAN
[],SELW_HUMAN
[],F193A_HUMAN
[],RT10_HUMAN
[],KGD4_HUMAN
[],MXRA7_HUMAN
[],CCZ1B_HUMAN
[],ECT2L_HUMAN
[],PLGB_HUMAN
[],ZN117_HUMAN
[],ZNF90_HUMAN
[],EMAL5_HUMAN
[],FHI1A_HUMAN
[],WIT1_HUMAN
[],BSPH1_HUMAN
[],SLFN5_HUMAN
[],S38AB_HUMAN
[],ZN616_HUMAN
[],R51A2_HUMAN
[],ABD18_HUMAN
[],DIK1C_HUMAN
[],PLCX2_HUMAN
[],SYCN_HUMAN
[],ADIG_HUMAN
[],RDUR_HUMAN
[],ZN816_HUMAN
[],KRIP1_HUMAN
[],PSG7_HUMAN
[],GAG2B_HUMAN
[],GAGE5_HUMAN
[],BAGE1_HUMAN
[],SG2A2_HUMAN
[],CROC4_HUMAN
[],URB2_HUMAN
[],GGTL2_HUMAN
[],EP3A_HUMAN
[],GBX1_HUMAN
[],ZN267_HUMAN
[],ZN234_HUMAN
[],PTCA_HUMAN
[],ZN846_HUMAN
[],T132B_HUMAN
[],R3HD1_HUMAN
[],NKX11_HUMAN
[],RBMS2_HUMAN
[],GUSP1_HUMAN
[],SURF2_HUMAN
[],OR4D1_HUMAN
[],OR1C1_HUMAN
[],OR7A5_HUMAN
[],MCHL1_HUMAN
[],NNAT_HUMAN
[],TAL2_HUMAN
[],LPAL2_HUMAN
[],F187B_HUMAN
[],EX3L4_HUMAN
[],KCD19_HUMAN
[],KNOP1_HUMAN
[],HNRL2_HUMAN
[],ISK13_HUMAN
[],LRC36_HUMAN
[],SKDA1_HUMAN
[],IZUM4_HUMAN
[],QSER1_HUMAN
[],ZN630_HUMAN
[],MTHSD_HUMAN
[],CQ058_HUMAN
[],CF184_HUMAN
[],SWAHA_HUMAN
[],ZN181_HUMAN
[],RGS21_HUMAN
[],RPEL1_HUMAN
[],IAH1_HUMAN
[],TXIP1_HUMAN
[],SMTL2_HUMAN
[],ZN800_HUMAN
[],WSCD2_HUMAN
[],MST1L_HUMAN
[],LR75B_HUMAN
[],ZN284_HUMAN
[],TM249_HUMAN
[],FR1L6_HUMAN
[],GAB4_HUMAN
[],TR16L_HUMAN
[],DB133_HUMAN
[],DB116_HUMAN
[],DB115_HUMAN
[],DB112_HUMAN
[],DB109_HUMAN
[],RA1L2_HUMAN
[],GFOD2_HUMAN
[],BEAN1_HUMAN
[],PROX2_HUMAN
[],NBPF8_HUMAN
[],SNAI3_HUMAN
[],ZN791_HUMAN
[],UAP1L_HUMAN
[],S2535_HUMAN
[],KR202_HUMAN
[],KR194_HUMAN
[],KR271_HUMAN
[],KR241_HUMAN
[],ZN528_HUMAN
[],ADCK5_HUMAN
[],ZN718_HUMAN
[],AX2R_HUMAN
[],KBTBC_HUMAN
[],LEGL_HUMAN
[],AMZ1_HUMAN
[],CRFM7_HUMAN
[],ZN404_HUMAN
[],AKD1A_HUMAN
[],NRN1L_HUMAN
[],SLNL1_HUMAN
[],ZN672_HUMAN
[],CH034_HUMAN
[],ZFP69_HUMAN
[],ZBED5_HUMAN
[],CE022_HUMAN
[],UQCC4_HUMAN
[],CC152_HUMAN
[],IQCC_HUMAN
[],NKAI1_HUMAN
[],KHDC1_HUMAN
[],SIM43_HUMAN
[],CCD38_HUMAN
[],CD046_HUMAN
[],LRC24_HUMAN
[],LIN52_HUMAN
[],RFTN2_HUMAN
[],CN177_HUMAN
[],Z585B_HUMAN
[],TIGD5_HUMAN
[],CD017_HUMAN
[],KCP3_HUMAN
[],TM177_HUMAN
[],CB083_HUMAN
[],COBL1_HUMAN
[],SFT2C_HUMAN
[],PCOTH_HUMAN
[],ENPLL_HUMAN
[],H90B4_HUMAN
[],HS905_HUMAN
[],HS904_HUMAN
[],CC178_HUMAN
[],S45A4_HUMAN
[],NICOL_HUMAN
[],ZN805_HUMAN
[],ZN542_HUMAN
[],ARSH_HUMAN
[],XKR9_HUMAN
[],XKR6_HUMAN
[],XKR3_HUMAN
[],AR13A_HUMAN
[],ZMAT1_HUMAN
[],PWP3B_HUMAN
[],ARMX4_HUMAN
[],ZN766_HUMAN
[],ZN667_HUMAN
[],DMRTC_HUMAN
[],MDH1B_HUMAN
[],TTC32_HUMAN
[],ZN311_HUMAN
[],ZN831_HUMAN
[],AN36C_HUMAN
[],CC038_HUMAN
[],PAP1M_HUMAN
[],OR2BB_HUMAN
[],GSAML_HUMAN
[],FA47A_HUMAN
[],O10J3_HUMAN
[],T255A_HUMAN
[],NHLC3_HUMAN
[],PSMG4_HUMAN
[],MEIG1_HUMAN
[],LRC73_HUMAN
[],CF157_HUMAN
[],PAGE3_HUMAN
[],FRPD3_HUMAN
[],ZN484_HUMAN
[],ZN506_HUMAN
[],DOP1A_HUMAN
[],F209B_HUMAN
[],MET24_HUMAN
[],CD158_HUMAN
[],ZN569_HUMAN
[],NTCP5_HUMAN
[],PA2GC_HUMAN
[],CA167_HUMAN
[],TT39A_HUMAN
[],SAPC1_HUMAN
[],TM240_HUMAN
[],PERM1_HUMAN
[],ZBT41_HUMAN
[],ODR4_HUMAN
[],ZN678_HUMAN
[],S1A7B_HUMAN
[],NHSL1_HUMAN
[],CF141_HUMAN
[],GLYL3_HUMAN
[],LRAD2_HUMAN
[],ZN362_HUMAN
[],DCST2_HUMAN
[],CHCH9_HUMAN
[],AKND1_HUMAN
[],NCMAP_HUMAN
[],TM273_HUMAN
[],GPTC4_HUMAN
[],ZN684_HUMAN
[],SWT1_HUMAN
[],CCNJ_HUMAN
[],CC183_HUMAN
[],CJ062_HUMAN
[],GNTK_HUMAN
[],IFT1B_HUMAN
[],DIK1A_HUMAN
[],CCD18_HUMAN
[],NBPFC_HUMAN
[],GRTP1_HUMAN
[],DAAF9_HUMAN
[],MTCL3_HUMAN
[],MFS4B_HUMAN
[],NT5D1_HUMAN
[],ZC21B_HUMAN
[],RHG40_HUMAN
[],FAXC_HUMAN
[],SAMD5_HUMAN
[],HES3_HUMAN
[],TMCO4_HUMAN
[],PR14L_HUMAN
[],NBPFE_HUMAN
[],VW5B1_HUMAN
[],PRAM5_HUMAN
[],OR2G6_HUMAN
[],S31A1_HUMAN
[],TM164_HUMAN
[],GP157_HUMAN
[],ZN468_HUMAN
[],MANEL_HUMAN
[],AXA81_HUMAN
[],KLD7A_HUMAN
[],PR38B_HUMAN
[],AGAP9_HUMAN
[],AT5EL_HUMAN
[],CP141_HUMAN
[],DIK1B_HUMAN
[],AGAP7_HUMAN
[],LRCH2_HUMAN
[],ADCL3_HUMAN
[],CCD30_HUMAN
[],GARL3_HUMAN
[],AGAP6_HUMAN
[],TCRGL_HUMAN
[],NBPF6_HUMAN
[],RSBN1_HUMAN
[],SPAT1_HUMAN
[],CDCP2_HUMAN
[],CHIC1_HUMAN
[],S31G1_HUMAN
[],FOXB2_HUMAN
[],SLX4I_HUMAN
[],NXNL2_HUMAN
[],TDR10_HUMAN
[],K1614_HUMAN
[],JKIP3_HUMAN
[],IZUM3_HUMAN
[],TM268_HUMAN
[],ERI6B_HUMAN
[],TM236_HUMAN
[],FHI2A_HUMAN
[],CST9_HUMAN
[],RES18_HUMAN
[],LYSM4_HUMAN
[],F219B_HUMAN
[],VCF2_HUMAN
[],FBXW9_HUMAN
[],GGNB1_HUMAN
[],PCX4_HUMAN
[],PLCX3_HUMAN
[],S22AA_HUMAN
[],FRG2_HUMAN
[],EF1DL_HUMAN
[],SAXO2_HUMAN
[],WSCD1_HUMAN
[],GL8D1_HUMAN
[],SE1L3_HUMAN
[],ZN776_HUMAN
[],ZN772_HUMAN
[],C19L1_HUMAN
[],AN34A_HUMAN
[],Z518A_HUMAN
[],HEAT6_HUMAN
[],ANR40_HUMAN
[],Z324B_HUMAN
[],TIGD3_HUMAN
[],SP5_HUMAN
[],ZN787_HUMAN
[],C2D2B_HUMAN
[],RL7L_HUMAN
[],IL31_HUMAN
[],GL1AD_HUMAN
[],GTD2B_HUMAN
[],CTRB2_HUMAN
[],RTL6_HUMAN
[],K0930_HUMAN
[],ASPH2_HUMAN
[],SN12L_HUMAN
[],OR5MA_HUMAN
[],OR4CB_HUMAN
[],OR4F3_HUMAN
[],OR2T5_HUMAN
[],OR2T2_HUMAN
[],O8G2P_HUMAN
[],OR2A2_HUMAN
[],O52W1_HUMAN
[],O4A47_HUMAN
[],O10K2_HUMAN
[],O52E8_HUMAN
[],O7E24_HUMAN
[],FRP2L_HUMAN
[],GAR5A_HUMAN
[],TBC3C_HUMAN
[],TCAL6_HUMAN
[],ZN770_HUMAN
[],IF5AL_HUMAN
[],LCN10_HUMAN
[],LCN8_HUMAN
[],KR510_HUMAN
[],FA72D_HUMAN
[],CAN13_HUMAN
[],SANBR_HUMAN
[],PHLB3_HUMAN
[],DE10B_HUMAN
[],TIGD7_HUMAN
[],CGB2_HUMAN
[],TRNP1_HUMAN
[],JHY_HUMAN
[],GP153_HUMAN
[],NIPA3_HUMAN
[],ADAM5_HUMAN
[],RWDD4_HUMAN
[],ZN544_HUMAN
[],GAR1A_HUMAN
[],ANR54_HUMAN
[],STEAL_HUMAN
[],ADCL2_HUMAN
[],RM54_HUMAN
[],TATD1_HUMAN
[],ZN529_HUMAN
[],CP046_HUMAN
[],Z585A_HUMAN
[],PDXD2_HUMAN
[],TMM71_HUMAN
[],ERIC5_HUMAN
[],ANR16_HUMAN
[],F171B_HUMAN
[],ZN530_HUMAN
[],ZN549_HUMAN
[],CB5D1_HUMAN
[],RSBNL_HUMAN
[],SG11A_HUMAN
[],PRS54_HUMAN
[],KLH35_HUMAN
[],ZN790_HUMAN
[],CP087_HUMAN
[],KCD18_HUMAN
[],HOATZ_HUMAN
[],TTC33_HUMAN
[],HAGHL_HUMAN
[],S2534_HUMAN
[],POZP3_HUMAN
[],CC137_HUMAN
[],ZN773_HUMAN
[],XKR2_HUMAN
[],CRIP3_HUMAN
[],POTEH_HUMAN
[],POTEG_HUMAN
[],POTEA_HUMAN
[],S22AP_HUMAN
[],CC171_HUMAN
[],IG2AS_HUMAN
[],TM270_HUMAN
[],PLET1_HUMAN
[],SMIP8_HUMAN
[],CBLN3_HUMAN
[],CP20A_HUMAN
[],SFTA2_HUMAN
[],COLL2_HUMAN
[],NXPE4_HUMAN
[],SHSA2_HUMAN
[],C16L2_HUMAN
[],UD2A3_HUMAN
[],LYPD4_HUMAN
[],ISK6_HUMAN
[],SBSN_HUMAN
[],LYZL1_HUMAN
[],PT117_HUMAN
[],ENHO_HUMAN
[],GLB1L_HUMAN
[],SHL2A_HUMAN
[],HIPL2_HUMAN
[],OLFL1_HUMAN
[],XKR5_HUMAN
[],B3GN9_HUMAN
[],LYPD8_HUMAN
[],IGFL3_HUMAN
[],LYPD2_HUMAN
[],S49A3_HUMAN
[],BTNL3_HUMAN
[],CL18B_HUMAN
[],TO20L_HUMAN
[],CL19A_HUMAN
[],OR9H1_HUMAN
[],TMM92_HUMAN
[],IZUM2_HUMAN
[],TMC5_HUMAN
[],LRC31_HUMAN
[],LIGO4_HUMAN
[],PATE2_HUMAN
[],CF299_HUMAN
[],ZN562_HUMAN
[],SG1D4_HUMAN
[],T184A_HUMAN
[],PZRN4_HUMAN
[],CCNI2_HUMAN
[],ZN852_HUMAN
[],P4R3C_HUMAN
[],ZN782_HUMAN
[],EMAL6_HUMAN
[],WDR88_HUMAN
[],ZN517_HUMAN
[],MASTR_HUMAN
[],ZN813_HUMAN
[],ZN841_HUMAN
[],ETV3L_HUMAN
[],D19P2_HUMAN
[],Z705A_HUMAN
[],ZN836_HUMAN
[],FRRS1_HUMAN
[],ZN704_HUMAN
[],ACP7_HUMAN
[],ZN600_HUMAN
[],DBX2_HUMAN
[],GCNT7_HUMAN
[],SMI10_HUMAN
[],TMM91_HUMAN
[],RBM44_HUMAN
[],SDIM1_HUMAN
[],WDR87_HUMAN
[],ZN788_HUMAN
[],ZN493_HUMAN
[],RTL4_HUMAN
[],ZN818_HUMAN
[],CO039_HUMAN
[],TLCD5_HUMAN
[],ITPI1_HUMAN
[],RINL_HUMAN
[],NBEL1_HUMAN
[],CAN12_HUMAN
[],ZN621_HUMAN
[],TBCD9_HUMAN
[],ZN826_HUMAN
[],E400N_HUMAN
[],UBN2_HUMAN
[],BEND4_HUMAN
[],S31F1_HUMAN
[],CC062_HUMAN
[],TMM26_HUMAN
[],CC149_HUMAN
[],CCD9B_HUMAN
[],BACHL_HUMAN
[],RFX8_HUMAN
[],SH2D5_HUMAN
[],NYAP1_HUMAN
[],GRIN3_HUMAN
[],K154L_HUMAN
[],CF20D_HUMAN
[],ASB18_HUMAN
[],KCTD8_HUMAN
[],AHSA2_HUMAN
[],SMIM5_HUMAN
[],MIRH1_HUMAN
[],UTS2B_HUMAN
[],PDZD4_HUMAN
[],SPERI_HUMAN
[],ZN534_HUMAN
[],ERIP6_HUMAN
[],ABHDD_HUMAN
[],ARMX2_HUMAN
[],ZN627_HUMAN
[],LIGO2_HUMAN
[],SSX9_HUMAN
[],SSX8_HUMAN
[],SSX7_HUMAN
[],SSX6_HUMAN
[],TCF24_HUMAN
[],ASCL5_HUMAN
[],PXL2C_HUMAN
[],MOT14_HUMAN
[],PRS45_HUMAN
[],LRR70_HUMAN
[],GVIN1_HUMAN
[],MAMC2_HUMAN
[],PBIR2_HUMAN
[],D19L4_HUMAN
[],CC186_HUMAN
[],RGPD4_HUMAN
[],ZN571_HUMAN
[],SZRD1_HUMAN
[],COX8C_HUMAN
[],PPR42_HUMAN
[],CF120_HUMAN
[],LYZL2_HUMAN
[],AT5L2_HUMAN
[],SPT21_HUMAN
[],TAFA3_HUMAN
[],TAFA1_HUMAN
[],ANKAR_HUMAN
[],VMO1_HUMAN
[],C1QL2_HUMAN
[],SPT19_HUMAN
[],TMC3_HUMAN
[],TM144_HUMAN
[],KCD20_HUMAN
[],CEA19_HUMAN
[],FBX33_HUMAN
[],TMCO2_HUMAN
[],DNJB7_HUMAN
[],PKHH3_HUMAN
[],DB128_HUMAN
[],CK2N1_HUMAN
[],COXM1_HUMAN
[],ZN467_HUMAN
[],CEI_HUMAN
[],MRGRG_HUMAN
[],MRGRE_HUMAN
[],SIM29_HUMAN
[],ZN605_HUMAN
[],NBPFB_HUMAN
[],LUZP2_HUMAN
[],CTGE6_HUMAN
[],TRI73_HUMAN
[],CABP7_HUMAN
[],ZN429_HUMAN
[],GP180_HUMAN
[],FHI2B_HUMAN
[],MGDP1_HUMAN
[],SATL1_HUMAN
[],IFTAP_HUMAN
[],LRRT4_HUMAN
[],GLCI1_HUMAN
[],FJX1_HUMAN
[],T200A_HUMAN
[],NAL13_HUMAN
[],AMZ2_HUMAN
[],CHCT1_HUMAN
[],PRSR2_HUMAN
[],IT70A_HUMAN
[],ZN227_HUMAN
[],FA72B_HUMAN
[],HTR5A_HUMAN
[],ZFAN4_HUMAN
[],NBPF5_HUMAN
[],ZN761_HUMAN
[],ANGL5_HUMAN
[],ZN677_HUMAN
[],SPAS2_HUMAN
[],ECHD2_HUMAN
[],DOPP1_HUMAN
[],LATH_HUMAN
[],CPNE8_HUMAN
[],POTED_HUMAN
[],WFDC8_HUMAN
[],WFDC3_HUMAN
[],WF10B_HUMAN
[],WFD13_HUMAN
[],ZNG1B_HUMAN
[],CREG2_HUMAN
[],CBLN2_HUMAN
[],CILP2_HUMAN
[],EPHX4_HUMAN
[],LUR1L_HUMAN
[],K0825_HUMAN
[],CF337_HUMAN
[],ANKY2_HUMAN
[],PSTK_HUMAN
[],LYSM2_HUMAN
[],PCP2_HUMAN
[],ZN584_HUMAN
[],AN18A_HUMAN
[],SBSPO_HUMAN
[],IGDC3_HUMAN
[],CBCO1_HUMAN
[],NKAI4_HUMAN
[],CA210_HUMAN
[],F219A_HUMAN
[],T151B_HUMAN
[],GLBL2_HUMAN
[],S31A7_HUMAN
[],CTGE4_HUMAN
[],OR4N5_HUMAN
[],AQ12A_HUMAN
[],CMA1C_HUMAN
[],GPAM1_HUMAN
[],RB12B_HUMAN
[],S35F2_HUMAN
[],T183A_HUMAN
[],TIGD4_HUMAN
[],EFC13_HUMAN
[],MKX_HUMAN
[],ZN595_HUMAN
[],TEKL1_HUMAN
[],CA174_HUMAN
[],F186B_HUMAN
[],ZN100_HUMAN
[],PRS58_HUMAN
[],K2013_HUMAN
[],BD1L2_HUMAN
[],ENTD1_HUMAN
[],F200C_HUMAN
[],SACDR_HUMAN
[],RCOR2_HUMAN
[],ELMD2_HUMAN
[],SAM14_HUMAN
[],TDH_HUMAN
[],ZN654_HUMAN
[],D107A_HUMAN
[],ST134_HUMAN
[],WDR17_HUMAN
[],DSEL_HUMAN
[],BLID_HUMAN
[],CF218_HUMAN
[],LGI2_HUMAN
[],OR4N4_HUMAN
[],OR8I2_HUMAN
[],ABRA_HUMAN
[],VSI10_HUMAN
[],O5AS1_HUMAN
[],CNPY4_HUMAN
[],ZFP82_HUMAN
[],OR8H3_HUMAN
[],OR6V1_HUMAN
[],OR8H2_HUMAN
[],CD033_HUMAN
[],CF107_HUMAN
[],LYG1_HUMAN
[],CP4Z2_HUMAN
[],ZN710_HUMAN
[],SCML4_HUMAN
[],ANR35_HUMAN
[],VWDE_HUMAN
[],ZN619_HUMAN
[],EXAS1_HUMAN
[],NXPE1_HUMAN
[],PGBD3_HUMAN
[],ELMD1_HUMAN
[],OR2LD_HUMAN
[],G137C_HUMAN
[],TAFA2_HUMAN
[],TCAIM_HUMAN
[],PHTF2_HUMAN
[],T132C_HUMAN
[],PRS35_HUMAN
[],GTPB8_HUMAN
[],S2545_HUMAN
[],SVOPL_HUMAN
[],LRC18_HUMAN
[],MFD4A_HUMAN
[],FBX39_HUMAN
[],PDCL2_HUMAN
[],RN175_HUMAN
[],SPA6L_HUMAN
[],CCD82_HUMAN
[],SVOP_HUMAN
[],RAB42_HUMAN
[],ZCHC9_HUMAN
[],TT39C_HUMAN
[],ZN561_HUMAN
[],SRBD1_HUMAN
[],SPIC_HUMAN
[],TBC19_HUMAN
[],M4A15_HUMAN
[],RFLB_HUMAN
[],IF4E3_HUMAN
[],NBPFF_HUMAN
[],DB125_HUMAN
[],DB123_HUMAN
[],ALLC_HUMAN
[],IQCF1_HUMAN
[],ZFN2A_HUMAN
[],CA052_HUMAN
[],NATD1_HUMAN
[],ACBD7_HUMAN
[],TMC5A_HUMAN
[],LRC17_HUMAN
[],ZN525_HUMAN
[],RN148_HUMAN
[],UBL4B_HUMAN
[],PO5F2_HUMAN
[],DYLT5_HUMAN
[],F86B1_HUMAN
[],PLD5_HUMAN
[],ZN676_HUMAN
[],NANG2_HUMAN
[],DNJ5G_HUMAN
[],STPG3_HUMAN
[],ANR31_HUMAN
[],CNTD1_HUMAN
[],FRMD1_HUMAN
[],ZN781_HUMAN
[],PDCD7_HUMAN
[],LSME1_HUMAN
[],NAT16_HUMAN
[],CB069_HUMAN
[],RTL3_HUMAN
[],DCBD1_HUMAN
[],AMER3_HUMAN
[],ANKF1_HUMAN
[],ABTB2_HUMAN
[],LRTM2_HUMAN
[],ZN709_HUMAN
[],CCD89_HUMAN
[],RGF1A_HUMAN
[],ZN454_HUMAN
[],ZN565_HUMAN
[],CS047_HUMAN
[],LRC57_HUMAN
[],KRI1_HUMAN
[],TAC2N_HUMAN
[],TOPZ1_HUMAN
[],GAR2_HUMAN
[],F181A_HUMAN
[],FSIP1_HUMAN
[],WDR31_HUMAN
[],CCD63_HUMAN
[],SAXO5_HUMAN
[],LR75A_HUMAN
[],KBTB3_HUMAN
[],ZN527_HUMAN
[],ANR52_HUMAN
[],ZFP62_HUMAN
[],KLH23_HUMAN
[],T178A_HUMAN
[],MFSD9_HUMAN
[],RB8NL_HUMAN
[],GLBL3_HUMAN
[],APCDL_HUMAN
[],PDPR_HUMAN
[],FBX15_HUMAN
[],CLRN3_HUMAN
[],CC150_HUMAN
[],CC020_HUMAN
[],ZN248_HUMAN
[],ARHL1_HUMAN
[],BHE23_HUMAN
[],T161B_HUMAN
[],TM104_HUMAN
[],NSUN7_HUMAN
[],SETD9_HUMAN
[],ZN738_HUMAN
[],CS018_HUMAN
[],GSTCD_HUMAN
[],ZSWM2_HUMAN
[],DEN6B_HUMAN
[],ZN548_HUMAN
[],ZN680_HUMAN
[],SHCBP_HUMAN
[],KLDC9_HUMAN
[],DB124_HUMAN
[],TMIE_HUMAN
[],F10A5_HUMAN
[],BPIB6_HUMAN
[],BPIFC_HUMAN
[],CC148_HUMAN
[],FDSCP_HUMAN
[],SPDE1_HUMAN
[],VN1R2_HUMAN
[],D105A_HUMAN
[],NPB_HUMAN
[],OR5T1_HUMAN
[],O2T33_HUMAN
[],O2T12_HUMAN
[],OR8G5_HUMAN
[],OR2L5_HUMAN
[],OR2M7_HUMAN
[],OR2M3_HUMAN
[],OR2L3_HUMAN
[],O13H1_HUMAN
[],O11H1_HUMAN
[],OR7G3_HUMAN
[],OR2Z1_HUMAN
[],OR7G2_HUMAN
[],OR1M1_HUMAN
[],OR7A2_HUMAN
[],O10H4_HUMAN
[],O10H5_HUMAN
[],O4F17_HUMAN
[],OR4C5_HUMAN
[],OR4S1_HUMAN
[],OR4M2_HUMAN
[],O4F15_HUMAN
[],OR4F6_HUMAN
[],O5AU1_HUMAN
[],O11G2_HUMAN
[],OR4E2_HUMAN
[],O10G2_HUMAN
[],O10G3_HUMAN
[],OR6J1_HUMAN
[],OR4KH_HUMAN
[],O11H6_HUMAN
[],O11H4_HUMAN
[],OR4N2_HUMAN
[],OR4K2_HUMAN
[],OR4K5_HUMAN
[],OR4K1_HUMAN
[],OR4KE_HUMAN
[],O10AD_HUMAN
[],OR6C4_HUMAN
[],O2AP1_HUMAN
[],O10A7_HUMAN
[],OR9K2_HUMAN
[],OR4D9_HUMAN
[],OR9Q2_HUMAN
[],O52B6_HUMAN
[],O52R1_HUMAN
[],O51D1_HUMAN
[],O5AP2_HUMAN
[],O10W1_HUMAN
[],OR5BH_HUMAN
[],OR4B1_HUMAN
[],OR4X2_HUMAN
[],OR8J3_HUMAN
[],OR8J2_HUMAN
[],OR5T3_HUMAN
[],OR8H1_HUMAN
[],OR8K1_HUMAN
[],OR8BC_HUMAN
[],OR8A1_HUMAN
[],OR8B3_HUMAN
[],OR2D3_HUMAN
[],O56A1_HUMAN
[],O52L2_HUMAN
[],O56A4_HUMAN
[],O52E4_HUMAN
[],O52N2_HUMAN
[],O56B2_HUMAN
[],O56B1_HUMAN
[],OR4DB_HUMAN
[],OR4DA_HUMAN
[],O10V1_HUMAN
[],OR5A2_HUMAN
[],OR5A1_HUMAN
[],OR4D6_HUMAN
[],O52H1_HUMAN
[],O52E1_HUMAN
[],O52E2_HUMAN
[],O51L1_HUMAN
[],O51A4_HUMAN
[],O51A2_HUMAN
[],O51S1_HUMAN
[],O51T1_HUMAN
[],O51G2_HUMAN
[],O51G1_HUMAN
[],O52K2_HUMAN
[],O52K1_HUMAN
[],O52M1_HUMAN
[],O52I1_HUMAN
[],OR5DG_HUMAN
[],OR5L2_HUMAN
[],OR5DI_HUMAN
[],OR5L1_HUMAN
[],OR5DE_HUMAN
[],OR5DD_HUMAN
[],O4A15_HUMAN
[],OR4P4_HUMAN
[],OR4CG_HUMAN
[],OR4CF_HUMAN
[],OR6M1_HUMAN
[],OR4D5_HUMAN
[],OR6T1_HUMAN
[],O10S1_HUMAN
[],O10G9_HUMAN
[],O10G8_HUMAN
[],O10D4_HUMAN
[],OR4A4_HUMAN
[],OR4CD_HUMAN
[],OR8J1_HUMAN
[],OR5M9_HUMAN
[],OR5M3_HUMAN
[],OR5M8_HUMAN
[],OR5M1_HUMAN
[],O5AR1_HUMAN
[],OR6Q1_HUMAN
[],OR1S2_HUMAN
[],O10Q1_HUMAN
[],OR9Q1_HUMAN
[],OR9I1_HUMAN
[],O13A1_HUMAN
[],OR1K1_HUMAN
[],OR5C1_HUMAN
[],OR1L4_HUMAN
[],OR1L8_HUMAN
[],OR1N2_HUMAN
[],OR1N1_HUMAN
[],OR1J4_HUMAN
[],OR1J1_HUMAN
[],O13F1_HUMAN
[],O13C4_HUMAN
[],O13C3_HUMAN
[],O13C8_HUMAN
[],O13C2_HUMAN
[],OR2K2_HUMAN
[],O13J1_HUMAN
[],OR9A2_HUMAN
[],O2A12_HUMAN
[],OR2A1_HUMAN
[],OR9A1_HUMAN
[],OR9A4_HUMAN
[],OR2I1_HUMAN
[],GP150_HUMAN
[],OR2Y1_HUMAN
[],O13D1_HUMAN
[],OR5H2_HUMAN
[],O11L1_HUMAN
[],O2T34_HUMAN
[],O2T35_HUMAN
[],O10K1_HUMAN
[],O10R2_HUMAN
[],OR6Y1_HUMAN
[],OR6P1_HUMAN
[],O10Z1_HUMAN
[],OR6K2_HUMAN
[],OR6N1_HUMAN
[],OR6N2_HUMAN
[],O10J6_HUMAN
[],OR2L8_HUMAN
[],O2AJ1_HUMAN
[],O14K1_HUMAN
[],O13G1_HUMAN
[],OR2G3_HUMAN
[],OR2G2_HUMAN
[],OR6F1_HUMAN
[],O2T10_HUMAN
[],OR2T4_HUMAN
[],O2T11_HUMAN
[],O2T29_HUMAN
[],OR2T3_HUMAN
[],O2T27_HUMAN
[],OR4Q3_HUMAN
[],OR1P1_HUMAN
[],O11H2_HUMAN
[],O10AC_HUMAN
[],OR8S1_HUMAN
[],OR8U1_HUMAN
[],OR2L2_HUMAN
[],OR5J2_HUMAN
[],OR4C3_HUMAN
[],OR6S1_HUMAN
[],OR4KF_HUMAN
[],OR4KD_HUMAN
[],OR4X1_HUMAN
[],OR8K5_HUMAN
[],OR8K3_HUMAN
[],O52N1_HUMAN
[],O56A3_HUMAN
[],O52E5_HUMAN
[],O52N5_HUMAN
[],O52P1_HUMAN
[],O52J3_HUMAN
[],O51F2_HUMAN
[],O51H1_HUMAN
[],O51A7_HUMAN
[],O52I2_HUMAN
[],O4A16_HUMAN
[],OR4C6_HUMAN
[],OR4S2_HUMAN
[],O10A6_HUMAN
[],O56B4_HUMAN
[],OR6X1_HUMAN
[],O10D3_HUMAN
[],O10G6_HUMAN
[],OR4A5_HUMAN
[],O5AK3_HUMAN
[],O5AK2_HUMAN
[],OR1L3_HUMAN
[],O13C6_HUMAN
[],O2AE1_HUMAN
[],OR2W6_HUMAN
[],OR1FC_HUMAN
[],OR2V1_HUMAN
[],OR5K1_HUMAN
[],OR5K2_HUMAN
[],O14AG_HUMAN
[],O14L1_HUMAN
[],O14CZ_HUMAN
[],PROF4_HUMAN
[],AATC2_HUMAN
[],CLHC1_HUMAN
[],CT453_HUMAN
[],RLA0L_HUMAN
[],OTOSP_HUMAN
[],HUS1B_HUMAN
[],ZN563_HUMAN
[],RNS11_HUMAN
[],TYMOS_HUMAN
[],FA76A_HUMAN
[],KC5S1_HUMAN
[],ZN671_HUMAN
[],SPT20_HUMAN
[],ZN519_HUMAN
[],TLC3A_HUMAN
[],GRAPL_HUMAN
[],IFI44_HUMAN
[],ZN507_HUMAN
[],PKHO2_HUMAN
[],CALL6_HUMAN
[],VNRL4_HUMAN
[],DQX1_HUMAN
[],SAP25_HUMAN
[],SNX29_HUMAN
[],CX7B2_HUMAN
[],ZN721_HUMAN
[],AGA11_HUMAN
[],ZN431_HUMAN
[],C2C4C_HUMAN
[],FBX41_HUMAN
[],XAGE3_HUMAN
[],NET5_HUMAN
[],SRB4D_HUMAN
[],SCFD2_HUMAN
[],CCD12_HUMAN
[],TM263_HUMAN
[],CO040_HUMAN
[],D42E1_HUMAN
[],S2543_HUMAN
[],DEP1B_HUMAN
[],T255B_HUMAN
[],S35F5_HUMAN
[],DCAKD_HUMAN
[],TM171_HUMAN
[],UCMA_HUMAN
[],PPR1C_HUMAN
[],CQ050_HUMAN
[],HMGB4_HUMAN
[],GTSF1_HUMAN
[],ZCH13_HUMAN
[],F151A_HUMAN
[],TMED6_HUMAN
[],TMM40_HUMAN
[],ITLN2_HUMAN
[],ASB5_HUMAN
[],LCN9_HUMAN
[],CSKI2_HUMAN
[],CRGN_HUMAN
[],ASB17_HUMAN
[],FX4L4_HUMAN
[],CNTP5_HUMAN
[],MAFIP_HUMAN
[],TM158_HUMAN
[],OR5P2_HUMAN
[],LZIC_HUMAN
[],ANKR7_HUMAN
[],PHF3_HUMAN
[],ZN75C_HUMAN
[],MT1L_HUMAN
[],LEAP2_HUMAN
[],TM40L_HUMAN
[],VCF1_HUMAN
[],NXPE3_HUMAN
[],ISOC2_HUMAN
[],F131C_HUMAN
[],CLD23_HUMAN
[],ELMO3_HUMAN
[],I27L1_HUMAN
[],MOB3A_HUMAN
[],RUND1_HUMAN
[],CSTOS_HUMAN
[],PP14B_HUMAN
[],FBXL8_HUMAN
[],ZN689_HUMAN
[],KLH29_HUMAN
[],TMCO6_HUMAN
[],LRC39_HUMAN
[],NXPE2_HUMAN
[],M4A6E_HUMAN
[],SMI19_HUMAN
[],RMXL1_HUMAN
[],LRC51_HUMAN
[],RL39L_HUMAN
[],TCAL4_HUMAN
[],PF21B_HUMAN
[],RT24_HUMAN
[],MFSD3_HUMAN
[],TV23C_HUMAN
[],MYEOV_HUMAN
[],CCD97_HUMAN
[],MT25B_HUMAN
[],LRC46_HUMAN
[],ZN799_HUMAN
[],XAGE2_HUMAN
[],PAGE5_HUMAN
[],MSD3_HUMAN
[],ZN486_HUMAN
[],ZCCHL_HUMAN
[],CA159_HUMAN
[],OXND1_HUMAN
[],TM41A_HUMAN
[],REXO5_HUMAN
[],ZN594_HUMAN
[],LRIQ1_HUMAN
[],CLMN_HUMAN
[],BT3L4_HUMAN
[],S35E1_HUMAN
[],ZN514_HUMAN
[],CABS1_HUMAN
[],GAR1B_HUMAN
[],PRAC1_HUMAN
[],MSLNL_HUMAN
[],CXD4_HUMAN
[],S35G5_HUMAN
[],BT2A3_HUMAN
[],SPAC7_HUMAN
[],SPT17_HUMAN
[],LCFC1_HUMAN
[],MRGX3_HUMAN
[],SPT32_HUMAN
[],FA81B_HUMAN
[],PPR36_HUMAN
[],CA074_HUMAN
[],IMP1L_HUMAN
[],Z354B_HUMAN
[],CNBD2_HUMAN
[],TEX55_HUMAN
[],NBPF4_HUMAN
[],TBATA_HUMAN
[],ADAD1_HUMAN
[],MERB1_HUMAN
[],MF14A_HUMAN
[],ZN512_HUMAN
[],CQ10A_HUMAN
[],RIPR3_HUMAN
[],TEAN2_HUMAN
[],ZN560_HUMAN
[],GL1D1_HUMAN
[],ZN778_HUMAN
[],CCD43_HUMAN
[],NOL4L_HUMAN
[],ZN75A_HUMAN
[],ZN681_HUMAN
[],TTC14_HUMAN
[],TSNA1_HUMAN
[],ZN583_HUMAN
[],ZN582_HUMAN
[],ZN570_HUMAN
[],ZN285_HUMAN
[],KLH32_HUMAN
[],ZFP3_HUMAN
[],YPEL4_HUMAN
[],ASB16_HUMAN
[],NP1L5_HUMAN
[],AGAP4_HUMAN
[],GPR82_HUMAN
[],GNRR2_HUMAN
[],M4A10_HUMAN
[],SPRR4_HUMAN
[],DUX5_HUMAN
[],DUX3_HUMAN
[],CC85A_HUMAN
[],YPEL2_HUMAN
[],DEPD7_HUMAN
[],LR37B_HUMAN
[],LYZL5_HUMAN
[],SIM14_HUMAN
[],RET7_HUMAN
[],OR5BC_HUMAN
[],OR5B2_HUMAN
[],OR2M4_HUMAN
[],OR2M2_HUMAN
[],OR2V2_HUMAN
[],OR2A7_HUMAN
[],O2A14_HUMAN
[],O14A2_HUMAN
[],OR4CC_HUMAN
[],OR4F4_HUMAN
[],OR4K3_HUMAN
[],OR1F2_HUMAN
[],OR5MB_HUMAN
[],OR8B4_HUMAN
[],OR8B2_HUMAN
[],OR6C1_HUMAN
[],O52B2_HUMAN
[],O52E6_HUMAN
[],SPR2F_HUMAN
[],CTGE2_HUMAN
[],CRML_HUMAN
[],MTL26_HUMAN
[],HPLN3_HUMAN
[],CK2N2_HUMAN
[],TCPQM_HUMAN
[],FIZ1_HUMAN
[],ZIC5_HUMAN
[],DSCR8_HUMAN
[],PCDBI_HUMAN
[],NP1L3_HUMAN
[],NPY6R_HUMAN
[],SDF2_HUMAN
[],TRGV9_HUMAN
[],ZN184_HUMAN
[],GPR21_HUMAN
[],GPR22_HUMAN
[],RSLBB_HUMAN
[],KCD14_HUMAN
[],RM34_HUMAN
[],CMS1_HUMAN
[],MCHL2_HUMAN
[],LBHD1_HUMAN
[],BPIA3_HUMAN
[],WFDC6_HUMAN
[],NEUL2_HUMAN
[],SPT25_HUMAN
[],OCSTP_HUMAN
[],CCD77_HUMAN
[],ZN251_HUMAN
[],FDXA1_HUMAN
[],NOL10_HUMAN
[],TRI51_HUMAN
[],MALD1_HUMAN
[],CHCH5_HUMAN
[],NAT9_HUMAN
[],CABL2_HUMAN
[],HGH1_HUMAN
[],MYL10_HUMAN
[],ABHEA_HUMAN
[],CNPD1_HUMAN
[],ZN747_HUMAN
[],DPCD_HUMAN
[],F174C_HUMAN
[],HIG2A_HUMAN
[],RTL8A_HUMAN
[],ZN416_HUMAN
[],MND1_HUMAN
[],SPAT9_HUMAN
[],APOL5_HUMAN
[],GGTL1_HUMAN
[],CARD6_HUMAN
[],TM2D2_HUMAN
[],VN1R3_HUMAN
[],C1QT7_HUMAN
[],FSD1L_HUMAN
[],SPNXD_HUMAN
[],HDHD5_HUMAN
[],AN30B_HUMAN
[],AN30A_HUMAN
[],MAK16_HUMAN
[],CAYP2_HUMAN
[],M4A8_HUMAN
[],ZN717_HUMAN
[],GBRL3_HUMAN
[],LRRC3_HUMAN
[],K1671_HUMAN
[],ACTT3_HUMAN
[],SPR2G_HUMAN
[],MSTRO_HUMAN
[],FGFP2_HUMAN
[],KRA22_HUMAN
[],KRA21_HUMAN
[],BARH1_HUMAN
[],NACP4_HUMAN
[],TM6S1_HUMAN
[],NMES1_HUMAN
[],IPKB_HUMAN
[],TNG6_HUMAN
[],ZCHC2_HUMAN
[],Z518B_HUMAN
[],CCSE1_HUMAN
[],LRC27_HUMAN
[],ARP3C_HUMAN
[],LAT1L_HUMAN
[],OR2B2_HUMAN
[],O11A1_HUMAN
[],RPB1B_HUMAN
[],S6A16_HUMAN
[],ADSSP_HUMAN
[],IMUP_HUMAN
[],TM39B_HUMAN
[],SCND2_HUMAN
[],PBOV1_HUMAN
[],RSH6A_HUMAN
[],ZN700_HUMAN
[],HDHD2_HUMAN
[],CSTL1_HUMAN
[],MUC3B_HUMAN
[],GL8D2_HUMAN
[],CYTM1_HUMAN
[],GTSFL_HUMAN
[],TLRN1_HUMAN
[],N62CL_HUMAN
[],DB129_HUMAN
[],PED1A_HUMAN
[],WDR13_HUMAN
[],O52A5_HUMAN
[],O51V1_HUMAN
[],LRMDA_HUMAN
[],NKX24_HUMAN
[],VCX3B_HUMAN
[],VCX2_HUMAN
[],O51I1_HUMAN
[],O51I2_HUMAN
[],O52D1_HUMAN
[],TCAL2_HUMAN
[],MS4A5_HUMAN
[],LRRN3_HUMAN
[],CRSPL_HUMAN
[],PPDPF_HUMAN
[],CA198_HUMAN
[],RD21L_HUMAN
[],TRABD_HUMAN
[],ZBTB3_HUMAN
[],RERGL_HUMAN
[],Z385D_HUMAN
[],MAGIX_HUMAN
[],PPR3E_HUMAN
[],KI3X1_HUMAN
[],ZN665_HUMAN
[],RDD1_HUMAN
[],DIK2B_HUMAN
[],DJC18_HUMAN
[],NPAL2_HUMAN
[],ZN430_HUMAN
[],CAAP1_HUMAN
[],CQ10B_HUMAN
[],CCNP_HUMAN
[],ZFAN3_HUMAN
[],SP14L_HUMAN
[],PPIP2_HUMAN
[],ZN702_HUMAN
[],CN093_HUMAN
[],S61A2_HUMAN
[],CB39L_HUMAN
[],GPN2_HUMAN
[],EFCC1_HUMAN
[],ZN556_HUMAN
[],SEBOX_HUMAN
[],ST20_HUMAN
[],PLAC1_HUMAN
[],LRTM1_HUMAN
[],PLRKT_HUMAN
[],ZN287_HUMAN
[],GPBL1_HUMAN
[],WFDC1_HUMAN
[],ZN532_HUMAN
[],RAVR2_HUMAN
[],ZSWM6_HUMAN
[],VAT1L_HUMAN
[],ZDBF2_HUMAN
[],ZFP14_HUMAN
[],FBSL_HUMAN
[],E41LA_HUMAN
[],ZN334_HUMAN
[],TM9S3_HUMAN
[],ENK5_HUMAN
[],VCX3_HUMAN
[],DNJC4_HUMAN
[],PRM3_HUMAN
[],KRCC1_HUMAN
[],NRIP3_HUMAN
[],SERHL_HUMAN
[],OTOR_HUMAN
[],FBX8_HUMAN
[],COXM2_HUMAN
[],SDHF3_HUMAN
[],GPR27_HUMAN
[],CAH10_HUMAN
[],Z355P_HUMAN
[],STAR5_HUMAN
[],LYRM2_HUMAN
[],CCM2L_HUMAN
[],ACOXL_HUMAN
[],T184C_HUMAN
[],CCD87_HUMAN
[],EVA1B_HUMAN
[],DJC17_HUMAN
[],KLH11_HUMAN
[],ZN358_HUMAN
[],PKHJ1_HUMAN
[],WDR70_HUMAN
[],ASND1_HUMAN
[],CUED1_HUMAN
[],TM160_HUMAN
[],F120C_HUMAN
[],OSER1_HUMAN
[],ENK13_HUMAN
[],MTMRA_HUMAN
[],TOR4A_HUMAN
[],M4A12_HUMAN
[],GIN1_HUMAN
[],KLH28_HUMAN
[],ZN586_HUMAN
[],ARL15_HUMAN
[],SAGE1_HUMAN
[],SPNXC_HUMAN
[],FA53C_HUMAN
[],WSB2_HUMAN
[],PLEK2_HUMAN
[],ZN226_HUMAN
[],PLAC8_HUMAN
[],PTTG3_HUMAN
[],OR6C3_HUMAN
[],OR6C2_HUMAN
[],O5AC2_HUMAN
[],THYN1_HUMAN
[],PP4RL_HUMAN
[],TAAR3_HUMAN
[],TAAR2_HUMAN
[],OR1A1_HUMAN
[],SAM15_HUMAN
[],CC180_HUMAN
[],POGK_HUMAN
[],ZN492_HUMAN
[],BAHC1_HUMAN
[],CFA97_HUMAN
[],F135A_HUMAN
[],STOX2_HUMAN
[],PDP2_HUMAN
[],ANKY1_HUMAN
[],THA10_HUMAN
[],HDC_HUMAN
[],RBL2A_HUMAN
[],ZNF70_HUMAN
[],NKX12_HUMAN
[],S14L3_HUMAN
[],CCG5_HUMAN
[],DNJ5B_HUMAN
[],NPS3A_HUMAN
[],ABCF2_HUMAN
[],O14J1_HUMAN
[],OR5V1_HUMAN
[],O12D3_HUMAN
[],NDRG3_HUMAN
[],SRR1L_HUMAN
[],PS1C1_HUMAN
[],ZN107_HUMAN
[],ANX10_HUMAN
[],SH3L2_HUMAN
[],METRN_HUMAN
[],RUSD1_HUMAN
[],ZN391_HUMAN
[],TBE_HUMAN
[],ZN225_HUMAN
[],ZN222_HUMAN
[],TM59L_HUMAN
[],VPRE3_HUMAN
[],KLK9_HUMAN
[],CDV3_HUMAN
[],ZN214_HUMAN
[],ZN608_HUMAN
[],K1210_HUMAN
[],PKHG1_HUMAN
[],PKHH1_HUMAN
[],PHTF1_HUMAN
[],NPIA1_HUMAN
[],RL26L_HUMAN
[],ZFR2_HUMAN
[],PSG8_HUMAN
[],HHLA3_HUMAN
[],OSGI2_HUMAN
[],RT33_HUMAN
[],IPKG_HUMAN
[],DIP2C_HUMAN
[],ZFP30_HUMAN
[],PKHA6_HUMAN
[],TMA7_HUMAN
[],AAR2_HUMAN
[],SNX24_HUMAN
[],PLD3B_HUMAN
[],RRP15_HUMAN
[],NOP16_HUMAN
[],OR2W1_HUMAN
[],RHBD3_HUMAN
[],R3HC1_HUMAN
[],DMXL1_HUMAN
[],JERKL_HUMAN
[],O10H1_HUMAN
[],WDR7_HUMAN
[],T184B_HUMAN
[],CSDC2_HUMAN
[],PAL4A_HUMAN
[],INSL6_HUMAN
[],O51B4_HUMAN
[],CSAG2_HUMAN
[],ACL7B_HUMAN
[],LHPL6_HUMAN
[],CDY2_HUMAN
[],Z780B_HUMAN
[],RN215_HUMAN
[],F169A_HUMAN
[],KIAS1_HUMAN
[],TMA7B_HUMAN
[],TRGJ1_HUMAN
[],TJA3_HUMAN
[],TJA42_HUMAN
[],TJA31_HUMAN
[],TRDJ1_HUMAN
[],PAL4E_HUMAN
[],TM265_HUMAN
[],NBPFJ_HUMAN
[],ZN892_HUMAN
[],TBC3I_HUMAN
[],TBC3K_HUMAN
[],D131B_HUMAN
[],NT2NR_HUMAN
[],CC187_HUMAN
[],ORN4C_HUMAN
[],TJB26_HUMAN
[],LJ01_HUMAN
[],TJB27_HUMAN
[],TJB24_HUMAN
[],KJ01_HUMAN
[],TJB22_HUMAN
[],TJB25_HUMAN
[],TJB21_HUMAN
[],TJB23_HUMAN
[],PAL4C_HUMAN
[],HJ01_HUMAN
[],CC163_HUMAN
[],PRA33_HUMAN
[],TX13C_HUMAN
[],TJB13_HUMAN
[],TJB16_HUMAN
[],TJB12_HUMAN
[],MAB6B_HUMAN
[],TJB11_HUMAN
[],TJB14_HUMAN
[],TJB15_HUMAN
[],GREP1_HUMAN
[],TX13D_HUMAN
[],GLYLB_HUMAN
[],KLF18_HUMAN
[],CENL1_HUMAN
[],CENL3_HUMAN
[],LBHD2_HUMAN
[],MMPOS_HUMAN
[],ORM2B_HUMAN
[],LCE6A_HUMAN
[],SMI11_HUMAN
[],CS2IP_HUMAN
[],ZN475_HUMAN
[],TM272_HUMAN
[],CT204_HUMAN
[],EDD13_HUMAN
[],SPRR5_HUMAN
[],HSFX4_HUMAN
[],ZC11B_HUMAN
[],TEX50_HUMAN
[],CC196_HUMAN
[],TEX51_HUMAN
[],BRDOS_HUMAN
[],PNM8C_HUMAN
[],TEX48_HUMAN
[],SPEM3_HUMAN
[],SIM27_HUMAN
[],SMIP1_HUMAN
[],MRCOL_HUMAN
[],GG6L7_HUMAN
[],RELD1_HUMAN
[],CG078_HUMAN
[],CC194_HUMAN
[],PRS51_HUMAN
[],IQCM_HUMAN
[],F240A_HUMAN
[],CK097_HUMAN
[],CB092_HUMAN
[],MDFI2_HUMAN
[],SIM35_HUMAN
[],LITAD_HUMAN
[],SIM31_HUMAN
[],MB3LB_HUMAN
[],SIM33_HUMAN
[],PRT1B_HUMAN
[],SRTM2_HUMAN
[],HSFX3_HUMAN
[],LSP1N_HUMAN
[],PVLEF_HUMAN
[],TFKL5_HUMAN
[],TFKL4_HUMAN
[],DUXB_HUMAN
[],GBG14_HUMAN
[],TFLM_HUMAN
[],CPHL2_HUMAN
[],TFKLN_HUMAN
[],TFKLL_HUMAN
[],TFKLK_HUMAN
[],S72L1_HUMAN
[],S72L5_HUMAN
[],MSD7_HUMAN
[],ERFL_HUMAN
[],S72L4_HUMAN
[],S72L2_HUMAN
[],S72L3_HUMAN
[],ZN722_HUMAN
[],KANTR_HUMAN
[],TLE7_HUMAN
[],TFKL9_HUMAN
[],S72L6_HUMAN
[],IGB1C_HUMAN
[],FOXL3_HUMAN
[],TFKL3_HUMAN
[],PMIS2_HUMAN
[],SCGR4_HUMAN
[],SCGRX_HUMAN
[],SCGR1_HUMAN
[],SCGR7_HUMAN
[],SCGR5_HUMAN
[],TM271_HUMAN
[],SCGR3_HUMAN
[],SCGR6_HUMAN
[],SCGR2_HUMAN
[],SCGR8_HUMAN
[],RA1L3_HUMAN
[],OSP4B_HUMAN
[],TINCR_HUMAN
[],CIST1_HUMAN
[],SIM41_HUMAN
[],OSP4A_HUMAN
[],OOSP3_HUMAN
[],MCTS2_HUMAN
[],TR51G_HUMAN
[],RMACL_HUMAN
[],T217B_HUMAN
[],PWWP4_HUMAN
[],SPD21_HUMAN
[],SPD13_HUMAN
[],SPADH_HUMAN
[],SPD9_HUMAN
[],NFILZ_HUMAN
[],TUG1_HUMAN
[],RN228_HUMAN
[],CYL1B_HUMAN
[],F90AB_HUMAN
[],F90A3_HUMAN
[],PLS5_HUMAN
[],TLDC2_HUMAN
[],TMM82_HUMAN
[],A20A5_HUMAN
[],CC50C_HUMAN
[],LNP1_HUMAN
[],ARH37_HUMAN
[],TSN11_HUMAN
[],ERIC2_HUMAN
[],CA226_HUMAN
[],GG12C_HUMAN
[],NTM2F_HUMAN
[],AN18B_HUMAN
[],MAGBG_HUMAN
[],TTC24_HUMAN
[],CI170_HUMAN
[],F234B_HUMAN
[],CQ102_HUMAN
[],TMM89_HUMAN
[],PRA22_HUMAN
[],PRA27_HUMAN
[],Z804B_HUMAN
[],LRRD1_HUMAN
[],GRIFN_HUMAN
[],SMIP7_HUMAN
[],CTGE9_HUMAN
[],S35F4_HUMAN
[],LRP5L_HUMAN
[],AN34B_HUMAN
[],ARG35_HUMAN
[],YD286_HUMAN
[],ANR62_HUMAN
[],ARB2P_HUMAN
[],KLH33_HUMAN
[],MA13P_HUMAN
[],SIM16_HUMAN
[],CB078_HUMAN
[],TKTI1_HUMAN
[],TR43B_HUMAN
[],LRCL1_HUMAN
[],AN33B_HUMAN
[],IQCAL_HUMAN
[],TEX52_HUMAN
[],RN222_HUMAN
[],ASPDH_HUMAN
[],GG12H_HUMAN
[],GOG6C_HUMAN
[],MT21E_HUMAN
[],YO011_HUMAN
[],F90AA_HUMAN
[],MB3L4_HUMAN
[],F186A_HUMAN
[],BTBDH_HUMAN
[],MB3L3_HUMAN
[],PLHD1_HUMAN
[],GG6L4_HUMAN
[],TM247_HUMAN
[],ZNAS2_HUMAN
[],F86C2_HUMAN
[],CX065_HUMAN
[],F181B_HUMAN
[],GG12J_HUMAN
[],PR23A_HUMAN
[],PRXD1_HUMAN
[],P121B_HUMAN
[],S31F3_HUMAN
[],SMCO2_HUMAN
[],NP1L6_HUMAN
[],FBP12_HUMAN
[],ANKUB_HUMAN
[],CFA73_HUMAN
[],F187A_HUMAN
[],PGPIL_HUMAN
[],NEMP2_HUMAN
[],FA24A_HUMAN
[],TM202_HUMAN
[],T191C_HUMAN
[],TM221_HUMAN
[],DC8L1_HUMAN
[],CI092_HUMAN
[],CC160_HUMAN
[],ANR61_HUMAN
[],GAG10_HUMAN
[],PRA25_HUMAN
[],IGLO5_HUMAN
[],MROH6_HUMAN
[],ERIC4_HUMAN
[],CX028_HUMAN
[],STRCL_HUMAN
[],FRG2C_HUMAN
[],SMIM9_HUMAN
[],GLTD2_HUMAN
[],DAS1_HUMAN
[],DDTL_HUMAN
[],NPB15_HUMAN
[],SPE2B_HUMAN
[],AKD1B_HUMAN
[],LR14B_HUMAN
[],TR64B_HUMAN
[],POTEM_HUMAN
[],CC154_HUMAN
[],GG6LA_HUMAN
[],RN3P2_HUMAN
[],F90AK_HUMAN
[],LR10B_HUMAN
[],RN227_HUMAN
[],LRIQ4_HUMAN
[],SPDE5_HUMAN
[],MB3L5_HUMAN
[],NPIB2_HUMAN
[],IGIP_HUMAN
[],SGE2P_HUMAN
[],SWAHD_HUMAN
[],CS067_HUMAN
[],F90A8_HUMAN
[],SPDL3_HUMAN
[],NPB13_HUMAN
[],SL9P1_HUMAN
[],GLOD5_HUMAN
[],F90A7_HUMAN
[],SH2D7_HUMAN
[],TM278_HUMAN
[],RL37L_HUMAN
[],T200C_HUMAN
[],PC4L1_HUMAN
[],D42E2_HUMAN
[],SPDE3_HUMAN
[],SHL2B_HUMAN
[],CC070_HUMAN
[],TFKL2_HUMAN
[],SIM23_HUMAN
[],TR64C_HUMAN
[],VTM2B_HUMAN
[],TM210_HUMAN
[],LRC30_HUMAN
[],LRC53_HUMAN
[],TR5OS_HUMAN
[],IFM10_HUMAN
[],GOG8J_HUMAN
[],CPS4L_HUMAN
[],INY2B_HUMAN
[],GOG8C_HUMAN
[],CB081_HUMAN
[],SRRM3_HUMAN
[],P12LL_HUMAN
[],F90A9_HUMAN
[],NTM2B_HUMAN
[],CO061_HUMAN
[],CP096_HUMAN
[],SPD16_HUMAN
[],NCB2L_HUMAN
[],F177B_HUMAN
[],A30BL_HUMAN
[],CF176_HUMAN
[],PM2P5_HUMAN
[],ZN850_HUMAN
[],CQ051_HUMAN
[],NPIB5_HUMAN
[],LYRM9_HUMAN
[],RHN2P_HUMAN
[],SYC1L_HUMAN
[],ZN891_HUMAN
[],CEA18_HUMAN
[],CEBOS_HUMAN
[],YB043_HUMAN
[],ZN724_HUMAN
[],ADAS1_HUMAN
[],YQ048_HUMAN
[],GS1L2_HUMAN
[],FB5L3_HUMAN
[],ZN727_HUMAN
[],KR161_HUMAN
[],Z705G_HUMAN
[],MPTX_HUMAN
[],HPF1L_HUMAN
[],ARG33_HUMAN
[],F90AM_HUMAN
[],SNG2L_HUMAN
[],TM14D_HUMAN
[],SM34A_HUMAN
[],F90AC_HUMAN
[],KR291_HUMAN
[],F90A5_HUMAN
[],IQAK1_HUMAN
[],MAGBH_HUMAN
[],CD15L_HUMAN
[],F90AN_HUMAN
[],CX049_HUMAN
[],TMC5B_HUMAN
[],MIY4B_HUMAN
[],EVPLL_HUMAN
[],CB074_HUMAN
[],GG6L6_HUMAN
[],OOSP1_HUMAN
[],UPK3L_HUMAN
[],TSPOB_HUMAN
[],SNUFL_HUMAN
[],NTM2E_HUMAN
[],IBADT_HUMAN
[],WDR64_HUMAN
[],F220P_HUMAN
[],PRR32_HUMAN
[],MR1L2_HUMAN
[],CENP1_HUMAN
[],CF97D_HUMAN
[],T229A_HUMAN
[],PATE3_HUMAN
[],SRRM5_HUMAN
[],ZN736_HUMAN
[],ZN732_HUMAN
[],S31C2_HUMAN
[],T11X1_HUMAN
[],ANR66_HUMAN
[],TDR15_HUMAN
[],GGTL3_HUMAN
[],ERVV1_HUMAN
[],ERVV2_HUMAN
[],C2D4D_HUMAN
[],CJ142_HUMAN
[],ZN814_HUMAN
[],HNRC3_HUMAN
[],TBC3L_HUMAN
[],OSCRI_HUMAN
[],AG1L2_HUMAN
[],TEX22_HUMAN
[],UMAD1_HUMAN
[],KRBX1_HUMAN
[],NPIB4_HUMAN
[],TM238_HUMAN
[],BTBDJ_HUMAN
[],HHLA1_HUMAN
[],ZN878_HUMAN
[],ANR63_HUMAN
[],INAM1_HUMAN
[],PRAC2_HUMAN
[],U17LN_HUMAN
[],CFA99_HUMAN
[],GOG8K_HUMAN
[],F90AP_HUMAN
[],PRS46_HUMAN
[],NPB11_HUMAN
[],UPKL2_HUMAN
[],CH087_HUMAN
[],ANR65_HUMAN
[],FONG_HUMAN
[],RN223_HUMAN
[],PROB1_HUMAN
[],ANHX_HUMAN
[],P23D1_HUMAN
[],NPIB6_HUMAN
[],NPIA7_HUMAN
[],NPIA5_HUMAN
[],NPIB8_HUMAN
[],FND10_HUMAN
[],UBA1L_HUMAN
[],PAL4D_HUMAN
[],CC080_HUMAN
[],F227A_HUMAN
[],RFAL1_HUMAN
[],NPB12_HUMAN
[],NPIB9_HUMAN
[],GOG8N_HUMAN
[],INSR2_HUMAN
[],CL079_HUMAN
[],TSTD3_HUMAN
[],FA72C_HUMAN
[],PRA26_HUMAN
[],GG6LS_HUMAN
[],GG6LV_HUMAN
[],GOG8S_HUMAN
[],MKROS_HUMAN
[],STMD1_HUMAN
[],LY6L_HUMAN
[],GOG8T_HUMAN
[],F229A_HUMAN
[],SMLR1_HUMAN
[],T178B_HUMAN
[],TEX46_HUMAN
[],CC179_HUMAN
[],POTB2_HUMAN
[],GOG8Q_HUMAN
[],CRCC2_HUMAN
[],CLD34_HUMAN
[],CC188_HUMAN
[],TRI77_HUMAN
[],PYAS1_HUMAN
[],CS084_HUMAN
[],GOG8R_HUMAN
[],CS082_HUMAN
[],RN225_HUMAN
[],SMAP_HUMAN
[],PRY_HUMAN
[],XKRY_HUMAN
[],P5I11_HUMAN
[],PSPHL_HUMAN
[],PINL_HUMAN
[],LEU1_HUMAN
[],S14L5_HUMAN
[],COX7S_HUMAN
[],YPEL1_HUMAN
[],PRA11_HUMAN
[],EFC14_HUMAN
[],NPIB7_HUMAN
[],SIM24_HUMAN
[],SPAG7_HUMAN
[],ERIT1_HUMAN
[],GAAS1_HUMAN
[],PKHA9_HUMAN
[],SNG4_HUMAN
[],CA105_HUMAN
[],CV031_HUMAN
[],AN32D_HUMAN
[],CF047_HUMAN
[],CX001_HUMAN
[],GLEM_HUMAN
[],GLUR_HUMAN
[],IG2R_HUMAN
[],CC175_HUMAN
[],F163B_HUMAN
[],CTXN2_HUMAN
[],CT47B_HUMAN
[],NBPF7_HUMAN
[],BNIP5_HUMAN
[],TSN19_HUMAN
[],AN34C_HUMAN
[],BCL8_HUMAN
[],ISK8_HUMAN
[],IQCF3_HUMAN
[],CLC2L_HUMAN
[],T191B_HUMAN
[],OR8U9_HUMAN
[],OR9G9_HUMAN
[],RFL3S_HUMAN
[],S35G4_HUMAN
[],FMAS1_HUMAN
[],TM253_HUMAN
[],CF217_HUMAN
[],F90AF_HUMAN
[],SP202_HUMAN
[],DC8L2_HUMAN
[],ME15P_HUMAN
[],PRR29_HUMAN
[],F90AD_HUMAN
[],F90AE_HUMAN
[],F90AO_HUMAN
[],CCYL3_HUMAN
[],FHL19_HUMAN
[],BAAS2_HUMAN
[],CECR9_HUMAN
[],DANCR_HUMAN
[],F91A2_HUMAN
[],S31D3_HUMAN
[],TLXNB_HUMAN
[],ZN735_HUMAN
[],UBFL6_HUMAN
[],OCM2_HUMAN
[],EBLN1_HUMAN
[],ZN853_HUMAN
[],ZN883_HUMAN
[],ZCC18_HUMAN
[],GOG6D_HUMAN
[],CTGE8_HUMAN
[],Z705B_HUMAN
[],SPDE6_HUMAN
[],HMN1_HUMAN
[],HMN2_HUMAN
[],HMN3_HUMAN
[],HMN4_HUMAN
[],HMN6_HUMAN
[],HMN7_HUMAN
[],HMN8_HUMAN
[],HMN9_HUMAN
[],HMN10_HUMAN
[],DU4L2_HUMAN
[],DU4L3_HUMAN
[],DU4L4_HUMAN
[],DU4L5_HUMAN
[],DU4L6_HUMAN
[],DU4L7_HUMAN
[],GOG8H_HUMAN
[],GG12F_HUMAN
[],GG12G_HUMAN
[],ST3L1_HUMAN
[],ST3L2_HUMAN
[],ST3L3_HUMAN
[],LIMS3_HUMAN
[],SPGOS_HUMAN
[],PNM6A_HUMAN
[],CC166_HUMAN
[],ERLN_HUMAN
[],SIM13_HUMAN
[],SMA2L_HUMAN
[],RD3L_HUMAN
[],GIMD1_HUMAN
[],ZN728_HUMAN
[],SIM18_HUMAN
[],SIM17_HUMAN
[],P23D2_HUMAN
[],CH088_HUMAN
[],HMN12_HUMAN
[],INAM2_HUMAN
[],HNRC4_HUMAN
[],SG1C2_HUMAN
[],AT8OS_HUMAN
[],MLN_HUMAN
[],CT456_HUMAN
[],CT455_HUMAN
[],CT457_HUMAN
[],C1C1L_HUMAN
[],PAL4F_HUMAN
[],ENOL_HUMAN
[],CC192_HUMAN
[],HD101_HUMAN
[],T225B_HUMAN
[],M14OS_HUMAN
[],SNH28_HUMAN
[],ZN723_HUMAN
[],TMDD1_HUMAN
[],NBPFK_HUMAN
[],CB27B_HUMAN
[],CX05B_HUMAN
[],CENL2_HUMAN
[],TDB01_HUMAN
[],TRDD1_HUMAN
[],ZC11C_HUMAN
[],T2R33_HUMAN
[],F246C_HUMAN
[],GAGE4_HUMAN
[],SPD11_HUMAN
[],T2R36_HUMAN
[],PTIP2_HUMAN
[],LY6S_HUMAN
[],SPD8_HUMAN
[],SPD17_HUMAN
[],SPD14_HUMAN
[],SPD15_HUMAN
[],PRA15_HUMAN
[],SPD10_HUMAN
[],SPD12_HUMAN
[],F90AG_HUMAN
[],F90AH_HUMAN
[],F90AI_HUMAN
[],F90AJ_HUMAN
[],SPD18_HUMAN
[],TFKL6_HUMAN
[],TFKL7_HUMAN
[],TFKL8_HUMAN
[],TFKLJ_HUMAN
[],H2BN1_HUMAN
[],GG6LX_HUMAN
[],GG6LY_HUMAN
[],GG6LZ_HUMAN
[],TB15C_HUMAN
[],GOG8F_HUMAN
[],D109D_HUMAN
[],D109C_HUMAN
[],PNEU_HUMAN
[],SPIT3_HUMAN
[],DSCR4_HUMAN
[],CU058_HUMAN
[],CU067_HUMAN
[],FXYD8_HUMAN
[],CU082_HUMAN
[],CU084_HUMAN
[],B3AS1_HUMAN
[],CU093_HUMAN
[],STAR6_HUMAN
[],CTXN1_HUMAN
[],ENK11_HUMAN
[],REC21_HUMAN
[],REC19_HUMAN
[],REC9_HUMAN
[],RE113_HUMAN
[],RECK8_HUMAN
[],REC04_HUMAN
[],REC16_HUMAN
[],ERK25_HUMAN
[],NP10_HUMAN
[],NP24_HUMAN
[],NP7_HUMAN
[],NP5_HUMAN
[],AAS1_HUMAN
[],PR20E_HUMAN
[],PR20B_HUMAN
[],PR20A_HUMAN
[],LRC63_HUMAN
[],MB214_HUMAN
[],F27E3_HUMAN
[],KLH30_HUMAN
[],EGFEM_HUMAN
[],ZNFS1_HUMAN
[],CQ067_HUMAN
[],CB080_HUMAN
[],SPEM2_HUMAN
[],TMM62_HUMAN
[],LR74A_HUMAN
[],TM267_HUMAN
[],K2012_HUMAN
[],FABP9_HUMAN
[],HMGX3_HUMAN
[],GAGE6_HUMAN
[],RIG_HUMAN
[],PM2PB_HUMAN
[],EPAG_HUMAN
[],SMCO1_HUMAN
[],K0040_HUMAN
[],PLGA_HUMAN
[],ATX8_HUMAN
[],CLUL1_HUMAN
[],ZNF67_HUMAN
[],TENXA_HUMAN
[],CMAS1_HUMAN
[],CC142_HUMAN
[],TIGD6_HUMAN
[],NKPD1_HUMAN
[],IQCJ_HUMAN
[],WHAL1_HUMAN
[],T183B_HUMAN
[],CCB42_HUMAN
[],ESRG_HUMAN
[],RN3P1_HUMAN
[],CCD27_HUMAN
[],CE064_HUMAN
[],MRAS1_HUMAN
[],TUSC1_HUMAN
[],DB135_HUMAN
[],DB113_HUMAN
[],BTBDG_HUMAN
[],CO032_HUMAN
[],CR021_HUMAN
[],SMI21_HUMAN
[],M4A18_HUMAN
[],CK091_HUMAN
[],YK041_HUMAN
[],CB076_HUMAN
[],KR251_HUMAN
[],KR213_HUMAN
[],KR198_HUMAN
[],KR211_HUMAN
[],KR203_HUMAN
[],KR204_HUMAN
[],KR201_HUMAN
[],KR222_HUMAN
[],IPIL2_HUMAN
[],KR221_HUMAN
[],C144B_HUMAN
[],DC4L1_HUMAN
[],CA157_HUMAN
[],P12L1_HUMAN
[],TDRG1_HUMAN
[],GVQW3_HUMAN
[],CMAP2_HUMAN
[],SP201_HUMAN
[],FBAS1_HUMAN
[],SPDE7_HUMAN
[],SPDE2_HUMAN
[],ASAS1_HUMAN
[],Z876P_HUMAN
[],TTC31_HUMAN
[],L37A5_HUMAN
[],1A1L2_HUMAN
[],H1AS1_HUMAN
[],SC2B2_HUMAN
[],GGTA1_HUMAN
[],F229B_HUMAN
[],DB134_HUMAN
[],A20A4_HUMAN
[],GAG13_HUMAN
[],GAG2E_HUMAN
[],Z658B_HUMAN
[],MIX23_HUMAN
[],HIG2B_HUMAN
[],CF099_HUMAN
[],DRIP1_HUMAN
[],TIGD2_HUMAN
[],MORN2_HUMAN
[],VAS1L_HUMAN
[],SPT45_HUMAN
[],LUZP6_HUMAN
[],SWAHC_HUMAN
[],ANR39_HUMAN
[],PRR30_HUMAN
[],CE047_HUMAN
[],CC157_HUMAN
[],R39L5_HUMAN
[],OXLD1_HUMAN
[],LRC10_HUMAN
[],YV018_HUMAN
[],F133B_HUMAN
[],AN20B_HUMAN
[],CT452_HUMAN
[],TRI61_HUMAN
[],FBX48_HUMAN
[],RNS13_HUMAN
[],RNS12_HUMAN
[],XKR7_HUMAN
[],NMS_HUMAN
[],KKLC1_HUMAN
[],BM2KL_HUMAN
[],S2553_HUMAN
[],T11X2_HUMAN
[],TCAL5_HUMAN
[],FA47C_HUMAN
[],BRD10_HUMAN
[],RTL5_HUMAN
[],PEX39_HUMAN
[],RS26L_HUMAN
[],PYY3_HUMAN
[],GGEE3_HUMAN
[],INT6L_HUMAN
[],KHDCL_HUMAN
[],PLAC9_HUMAN
[],WDR38_HUMAN
[],CI152_HUMAN
[],FA78A_HUMAN
[],TEX30_HUMAN
[],CA141_HUMAN
[],ACL10_HUMAN
[],UE2NL_HUMAN
[],TMM31_HUMAN
[],K1755_HUMAN
[],CLU1O_HUMAN
[],CLLU1_HUMAN
[],SPXN5_HUMAN
[],SPXN4_HUMAN
[],FBX47_HUMAN
[],CATL3_HUMAN
[],PAPAS_HUMAN
[],TCHL1_HUMAN
[],TTC38_HUMAN
[],A20A2_HUMAN
[],CF136_HUMAN
[],SH24B_HUMAN
[],CJ120_HUMAN
[],CA200_HUMAN
[],TI23B_HUMAN
[],SMIP3_HUMAN
[],ZMYM1_HUMAN
[],TMM69_HUMAN
[],PRA14_HUMAN
[],PRA19_HUMAN
[],COAS1_HUMAN
[],CI050_HUMAN
[],CI129_HUMAN
[],F120S_HUMAN
[],MORN1_HUMAN
[],CC122_HUMAN
[],CF132_HUMAN
[],ATD3C_HUMAN
[],CCYL2_HUMAN
[],CSC10_HUMAN
[],CF052_HUMAN
[],A4AS1_HUMAN
[],CF118_HUMAN
[],AT7L2_HUMAN
[],CF122_HUMAN
[],TPT2L_HUMAN
[],F162B_HUMAN
[],ZFAS1_HUMAN
[],KPLCE_HUMAN
[],EEIG2_HUMAN
[],DOAS1_HUMAN
[],IER5L_HUMAN
[],TEDM1_HUMAN
[],TTC22_HUMAN
[],CI153_HUMAN
[],N42L1_HUMAN
[],ATAS1_HUMAN
[],OGRL1_HUMAN
[],IFFO2_HUMAN
[],SEAS1_HUMAN
[],HDGL1_HUMAN
[],PXDC1_HUMAN
[],MROH9_HUMAN
[],A20A1_HUMAN
[],GDAS1_HUMAN
[],ASPH1_HUMAN
[],F222A_HUMAN
[],CL060_HUMAN
[],LC1L1_HUMAN
[],SPXN1_HUMAN
[],NTM2D_HUMAN
[],FAM27_HUMAN
[],PRA20_HUMAN
[],PRA17_HUMAN
[],FNDC7_HUMAN
[],S31A5_HUMAN
[],DC121_HUMAN
[],A20A3_HUMAN
[],ADCL4_HUMAN
[],FX4L5_HUMAN
[],TM244_HUMAN
[],SPO16_HUMAN
[],FKB1C_HUMAN
[],S31A6_HUMAN
[],DC122_HUMAN
[],PRA18_HUMAN
[],PRAM8_HUMAN
[],PRA13_HUMAN
[],SAM13_HUMAN
[],PRAM7_HUMAN
[],S31A3_HUMAN
[],ANR22_HUMAN
[],SHE_HUMAN
[],TEX36_HUMAN
[],NTM2G_HUMAN
[],MF14C_HUMAN
[],LIPJ_HUMAN
[],CI057_HUMAN
[],YT011_HUMAN
[],CST9P_HUMAN
[],TRIQK_HUMAN
[],S31F2_HUMAN
[],F90A2_HUMAN
[],LRC66_HUMAN
[],PMS2L_HUMAN
[],TM215_HUMAN
[],NCAS2_HUMAN
[],STUM_HUMAN
[],T200B_HUMAN
[],IGFL4_HUMAN
[],AMERL_HUMAN
[],TM225_HUMAN
[],LHPL7_HUMAN
[],OVOS1_HUMAN
[],ISK14_HUMAN
[],CK071_HUMAN
[],LCN12_HUMAN
[],PRR27_HUMAN
[],HCP5_HUMAN
[],AR26L_HUMAN
[],FA53A_HUMAN
[],GAG2A_HUMAN
[],C144L_HUMAN
[],CRCDL_HUMAN
[],MKRN5_HUMAN
[],R13P3_HUMAN
[],D19P1_HUMAN
[],EFC12_HUMAN
[],NXRD1_HUMAN
[],CH074_HUMAN
[],F180B_HUMAN
[],ARMX5_HUMAN
[],MSD2_HUMAN
[],CH082_HUMAN
[],WDR93_HUMAN
[],EBLN2_HUMAN
[],TTC41_HUMAN
[],NBPFA_HUMAN
[],TTC27_HUMAN
[],PGBD2_HUMAN
[],BGP11_HUMAN
[],RL22L_HUMAN
[],ZN880_HUMAN
[],F199X_HUMAN
[],TEX38_HUMAN
[],DRIC1_HUMAN
[],ARMD1_HUMAN
[],DMP34_HUMAN
[],VBPC1_HUMAN
[],TM220_HUMAN
[],ARL9_HUMAN
[],SPIT4_HUMAN
[],F180A_HUMAN
[],TX261_HUMAN
[],LCN15_HUMAN
[],F131A_HUMAN
[],HRCT1_HUMAN
[],TM14E_HUMAN
[],F151B_HUMAN
[],YO002_HUMAN
[],SPA13_HUMAN
[],YI004_HUMAN
[],YS002_HUMAN
[],YB003_HUMAN
[],LEU7_HUMAN
[],HEPN1_HUMAN
[],ZY11A_HUMAN
[],CL054_HUMAN
[],CSC2A_HUMAN
[],CU024_HUMAN
[],DTHD1_HUMAN
[],C3P1_HUMAN
[],ZN730_HUMAN
[],CU136_HUMAN
[],ZNF66_HUMAN
[],DUTL_HUMAN
[],XNDC1_HUMAN
[],KRBA2_HUMAN
[],LRC69_HUMAN
[],ATPUN_HUMAN
[],FOXI2_HUMAN
[],S31D1_HUMAN
[],YD023_HUMAN
[],LR74B_HUMAN
[],CD050_HUMAN
[],CCD73_HUMAN
[],PR23C_HUMAN
[],LRRC9_HUMAN
[],PR23B_HUMAN
[],CC074_HUMAN
[],DMP46_HUMAN
[],COLC1_HUMAN
[],RBM43_HUMAN
[],CA122_HUMAN
[],YO027_HUMAN
[],YJ005_HUMAN
[],COLDT_HUMAN
[],LCNL1_HUMAN
[],C2G1P_HUMAN
[],FA43B_HUMAN
[],ZN833_HUMAN
[],YP015_HUMAN
[],MSD1_HUMAN
[],CL20A_HUMAN
[],MROH5_HUMAN
[],S31D4_HUMAN
[],NC336_HUMAN
[],CH086_HUMAN
[],CC121_HUMAN
[],FOXNB_HUMAN
[],LANC3_HUMAN
[],CI139_HUMAN
[],CB091_HUMAN
[],T179A_HUMAN
[],SEML_HUMAN
[],F183B_HUMAN
[],I17EL_HUMAN
[],CP086_HUMAN
[],RFPLB_HUMAN
[],YH006_HUMAN
[],FKB9L_HUMAN
[],ZN767_HUMAN
[],ARMX6_HUMAN
[],KRBX5_HUMAN
[],SSAS1_HUMAN
[],TNT_HUMAN
[],PAGE2_HUMAN
[],SIM15_HUMAN
[],CR020_HUMAN
[],SH2D6_HUMAN
[],NANGN_HUMAN
[],WDR53_HUMAN
[],CE024_HUMAN
[],PTAR1_HUMAN
[],CK096_HUMAN
[],DPCA2_HUMAN
[],PRNT_HUMAN
[],KTAS1_HUMAN
[],CROL1_HUMAN
[],WDR86_HUMAN
[],TTC6_HUMAN
[],CN165_HUMAN
[],SPA11_HUMAN
[],OAF_HUMAN
[],TBC26_HUMAN
[],CC190_HUMAN
[],LHPL3_HUMAN
[],PNM8A_HUMAN
[],WDR5B_HUMAN
[],HEAT4_HUMAN
[],LRC28_HUMAN
[],ERIC1_HUMAN
[],CQ082_HUMAN
[],ZSWM9_HUMAN
[],BAGE5_HUMAN
[],BAGE4_HUMAN
[],BAGE3_HUMAN
[],BAGE2_HUMAN
[],NT5D4_HUMAN
[],CASC2_HUMAN
[],S29P2_HUMAN
[],CCD71_HUMAN
[],PRR15_HUMAN
[],LIX1L_HUMAN
[],CROL2_HUMAN
[],NTM2A_HUMAN
[],APRG1_HUMAN
[],GLCM1_HUMAN
[],CCD60_HUMAN
[],MFS6L_HUMAN
[],U2D2L_HUMAN
[],CCD83_HUMAN
[],F223A_HUMAN
[],CTGE3_HUMAN
[],IQCF2_HUMAN
[],PDZD9_HUMAN
[],F178B_HUMAN
[],CL056_HUMAN
[],F217A_HUMAN
[],AMN1_HUMAN
[],C144C_HUMAN
[],KLD8A_HUMAN
[],UBAD2_HUMAN
[],THNS1_HUMAN
[],PRR22_HUMAN
[],R113B_HUMAN
[],SELH_HUMAN
[],LAT1N_HUMAN
[],F185A_HUMAN
[],CA087_HUMAN
[],ZNAS1_HUMAN
[],IQCK_HUMAN
[],FMR1N_HUMAN
[],CPXCR_HUMAN
[],CRBG2_HUMAN
[],CJ085_HUMAN
[],YI025_HUMAN
[],KLH34_HUMAN
[],DEPD4_HUMAN
[],ZCH24_HUMAN
[],FA43A_HUMAN
[],TM256_HUMAN
[],LRC43_HUMAN
[],CF223_HUMAN
[],CJ111_HUMAN
[],VW5B2_HUMAN
[],STPG2_HUMAN
[],RGF1C_HUMAN
[],ZN843_HUMAN
[],LIX1_HUMAN
[],PRR18_HUMAN
[],CQ078_HUMAN
[],RPRML_HUMAN
[],SPEM1_HUMAN
[],LRC71_HUMAN
[],DJC22_HUMAN
[],CB052_HUMAN
[],CC022_HUMAN
[],GAR5B_HUMAN
[],CMIP6_HUMAN
[],CK042_HUMAN
[],FA24B_HUMAN
[],TM156_HUMAN
[],PGSF1_HUMAN
[],TEX26_HUMAN
[],TM252_HUMAN
[],TTC9B_HUMAN
[],MET25_HUMAN
[],CJ053_HUMAN
[],S66A3_HUMAN
[],CN178_HUMAN
[],TM217_HUMAN
[],F216B_HUMAN
[],CEAS1_HUMAN
[],P1L12_HUMAN
[],ARI2O_HUMAN
[],CQ054_HUMAN
[],RMXL3_HUMAN
[],SIGL1_HUMAN
[],KIAS3_HUMAN
[],GG6L1_HUMAN
[],S35G3_HUMAN
[],PR23E_HUMAN
[],TMM99_HUMAN
[],BCOR2_HUMAN
[],F169B_HUMAN
[],NKAI3_HUMAN
[],MAAS1_HUMAN
[],ZN321_HUMAN
[],SAM12_HUMAN
[],CQ055_HUMAN
[],F241A_HUMAN
[],ARL10_HUMAN
[],PRR26_HUMAN
[],CO056_HUMAN
[],PRLD2_HUMAN
[],ANR42_HUMAN
[],IGS22_HUMAN
[],CP081_HUMAN
[],CDRT4_HUMAN
[],CX042_HUMAN
[],SPOT1_HUMAN
[],WSDU1_HUMAN
[],YO010_HUMAN
[],TMM75_HUMAN
[],CC71L_HUMAN
[],CL050_HUMAN
[],CNBD1_HUMAN
[],FA47B_HUMAN
[],DC4L2_HUMAN
[],THAP8_HUMAN
[],CO053_HUMAN
[],CI106_HUMAN
[],CAST3_HUMAN
[],CH058_HUMAN
[],STAS1_HUMAN
[],CT203_HUMAN
[],TTC13_HUMAN
[],TM145_HUMAN
[],NEAS1_HUMAN
[],CA213_HUMAN
[],KCT2_HUMAN
[],SPRY3_HUMAN
[],TM116_HUMAN
[],CNAS1_HUMAN
[],NC301_HUMAN
[],TM35B_HUMAN
[],CC191_HUMAN
[],RN214_HUMAN
[],LRN4L_HUMAN
[],MDS2_HUMAN
[],TMM52_HUMAN
[],FBX36_HUMAN
[],KLAS1_HUMAN
[],TTC16_HUMAN
[],CG057_HUMAN
[],CCD54_HUMAN
[],CA162_HUMAN
[],RTL9_HUMAN
[],WFDC9_HUMAN
[],WFD11_HUMAN
[],A2012_HUMAN
[],PXT1_HUMAN
[],OR4F5_HUMAN
[],SPTA3_HUMAN
[],R32DT_HUMAN
[],RFESD_HUMAN
[],OCC1_HUMAN
[],LQK1_HUMAN
[],CI043_HUMAN
[],YK045_HUMAN
[],F110D_HUMAN
[],UBAD1_HUMAN
[],ST3L4_HUMAN
[],CSAS1_HUMAN
[],TEX47_HUMAN
[],FNDC8_HUMAN
[],LRC20_HUMAN
[],F200A_HUMAN
[],CU074_HUMAN
[],SG1C1_HUMAN
[],LKAM1_HUMAN
[],RS4Y2_HUMAN
[],MAGE2_HUMAN
[],ACTT2_HUMAN
[],S3TC1_HUMAN
[],CJ105_HUMAN
[],CP078_HUMAN
[],CA5BL_HUMAN
[],CB015_HUMAN
[],F216A_HUMAN
[],THEM6_HUMAN
[],KCTD4_HUMAN
[],SPRY4_HUMAN
[],CA054_HUMAN
[],DNJB3_HUMAN
[],CAPSL_HUMAN
[],XAGE5_HUMAN
[],PDPFL_HUMAN
[],CCGL_HUMAN
[],CI130_HUMAN
[],TTC9A_HUMAN
[],K0232_HUMAN
[],TCAL3_HUMAN
[],DIRC1_HUMAN
[],C102A_HUMAN
[],CK052_HUMAN
[],CC74A_HUMAN
[],TM125_HUMAN
[],K1143_HUMAN
[],ZN428_HUMAN
[],LENG9_HUMAN
[],CC127_HUMAN
[],ISOC1_HUMAN
[],FWCH2_HUMAN
[],LRC58_HUMAN
[],R3HD4_HUMAN
[],EOLA2_HUMAN
[],PGBD4_HUMAN
[],CC126_HUMAN
[],KTI12_HUMAN
[],SIM12_HUMAN
[],CLBA1_HUMAN
[],ZB10P_HUMAN
[],MISP3_HUMAN
[],WDR89_HUMAN
[],CR018_HUMAN
[],FA89A_HUMAN
[],RBM18_HUMAN
[],SIM10_HUMAN
[],TM169_HUMAN
[],PED1B_HUMAN
[],URAS1_HUMAN
[],TM141_HUMAN
[],DYDC2_HUMAN
[],ZN845_HUMAN
[],SHD_HUMAN
[],CH076_HUMAN
[],SMIM8_HUMAN
[],FAAS1_HUMAN
[],P12L2_HUMAN
[],CX058_HUMAN
[],CT173_HUMAN
[],CL042_HUMAN
[],CMIP5_HUMAN
[],CB048_HUMAN
[],MAGBA_HUMAN
[],CL067_HUMAN
[],F227B_HUMAN
[],C295L_HUMAN
[],CA147_HUMAN
[],CI085_HUMAN
[],ZSWM3_HUMAN
[],OBAS1_HUMAN
[],CQ077_HUMAN
[],TIGD1_HUMAN
[],GD1L1_HUMAN
[],F218A_HUMAN
[],TMM83_HUMAN
[],CK037_HUMAN
[],WWAS2_HUMAN
[],CLUP3_HUMAN
[],M4A4E_HUMAN
[],TSG13_HUMAN
[],IPP2L_HUMAN
[],K1908_HUMAN
[],FRG2B_HUMAN
[],PRR25_HUMAN
[],CD006_HUMAN
[],CG025_HUMAN
[],SMIM7_HUMAN
[],CT144_HUMAN
[],ZSWM1_HUMAN
[],PDD2L_HUMAN
[],NPS3B_HUMAN
[],F167B_HUMAN
[],TTPAL_HUMAN
[],PR15L_HUMAN
[],PBDC1_HUMAN
[],HRC23_HUMAN
[],SMIM2_HUMAN
[],RHAS1_HUMAN
[],T121B_HUMAN
[],TX13B_HUMAN
[],SAM10_HUMAN
[],LRRC2_HUMAN
[],ANR60_HUMAN
[],FR8P1_HUMAN
[],MAGB5_HUMAN
[],TTY13_HUMAN
[],TXNG2_HUMAN
[],EVG1_HUMAN
[],CR002_HUMAN
[],F117A_HUMAN
[],BPEC1_HUMAN
[],CF062_HUMAN
[],F107B_HUMAN
[],C4F30_HUMAN
[],AGIT1_HUMAN
[],CYRIA_HUMAN
[],THAP2_HUMAN
[],SIRPD_HUMAN
[],WF10A_HUMAN
[],DJC25_HUMAN
[],CA021_HUMAN
[],CI037_HUMAN
[],TSY26_HUMAN
[],IFG15_HUMAN
[],DPH3B_HUMAN
[],CT191_HUMAN
[],ANR19_HUMAN
[],MROH8_HUMAN
[],PRORY_HUMAN
[],OCEL1_HUMAN
[],PRR36_HUMAN
[],MYH16_HUMAN
[],CG069_HUMAN
[],T185B_HUMAN
[],ZSWM4_HUMAN
[],CJ095_HUMAN
[],CF155_HUMAN
[],F204A_HUMAN
[],CF208_HUMAN
[],LRC40_HUMAN
[],DBND1_HUMAN
[],FBRS_HUMAN
[],TCTP8_HUMAN
[],CEP15_HUMAN
[],SNIT1_HUMAN
[],CTGE1_HUMAN
[],CF050_HUMAN
[],CN132_HUMAN
[],CK016_HUMAN
[],RS10L_HUMAN
[],CC177_HUMAN
[],PYY2_HUMAN
[],GSAS1_HUMAN
[],NUA4L_HUMAN
[],RRP7B_HUMAN
[],GINM1_HUMAN
[],CT141_HUMAN
[],SRTD4_HUMAN
[],CT096_HUMAN
[],PLCX1_HUMAN
[],TM74B_HUMAN
[],CS073_HUMAN
[],CB042_HUMAN
[],DJC28_HUMAN
[],FA30A_HUMAN
[],ABRAL_HUMAN
[],RBAS1_HUMAN
[],ZSWM5_HUMAN
[],HIG1B_HUMAN
[],CK021_HUMAN
[],DEC1_HUMAN
[],CI027_HUMAN
[],KAAG1_HUMAN
[],GGE2D_HUMAN
[],TBC29_HUMAN
[],NSGX_HUMAN
[],S18L2_HUMAN
[],F153A_HUMAN
[],TCAL9_HUMAN
[],RWD2A_HUMAN
[],SCP2D_HUMAN
[],CC018_HUMAN
[],F184B_HUMAN
[],CFA92_HUMAN
[],NWD2_HUMAN
[],PNM8B_HUMAN
[],L10K_HUMAN
[],CV024_HUMAN
[],CH071_HUMAN
[],LRC42_HUMAN
[],LENEP_HUMAN
[],F215A_HUMAN
[],ZN706_HUMAN
[],SNURF_HUMAN
[],SMA5O_HUMAN
[],HMN13_HUMAN
[],HMN11_HUMAN
[],CMIP3_HUMAN
[],ST15B_HUMAN
[],SPEGN_HUMAN
[],P3URF_HUMAN
[],GVQW2_HUMAN
[],NPIA9_HUMAN
[],SGSN1_HUMAN
[],PMA6F_HUMAN
[],PMA6E_HUMAN
[],CT47C_HUMAN
[],TM275_HUMAN
[],CA232_HUMAN
[],ZNOS_HUMAN
[],CC085_HUMAN
[],CC201_HUMAN
[],SAXO3_HUMAN
[],F236D_HUMAN
[],CX05A_HUMAN
[],CTXD1_HUMAN
[],SIM28_HUMAN
[],TEX53_HUMAN
[],C97D2_HUMAN
[],SIM32_HUMAN
[],CC195_HUMAN
[],CM046_HUMAN
[],MYCOS_HUMAN
[],F236A_HUMAN
[],CS085_HUMAN
[],CJ143_HUMAN
[],CQ113_HUMAN
[],CQ114_HUMAN
[],F236B_HUMAN
[],CTXD2_HUMAN
[],CHD9N_HUMAN
[],TEX54_HUMAN
[],CM042_HUMAN
[],ETDC_HUMAN
[],CC200_HUMAN
[],F240C_HUMAN
[],SIM36_HUMAN
[],F240B_HUMAN
[],TM269_HUMAN
[],EXC1L_HUMAN
[],SIM39_HUMAN
[],THSD8_HUMAN
[],CA202_HUMAN
[],SMI44_HUMAN
[],SIM38_HUMAN
[],CHO90_HUMAN
[],MSD5_HUMAN
[],SCPPQ_HUMAN
[],F246B_HUMAN
[],F246A_HUMAN
[],SIM42_HUMAN
[],CC92B_HUMAN
[],PL8L1_HUMAN
[],YK033_HUMAN
[],TARP_HUMAN
[],CG077_HUMAN
[],YG018_HUMAN
[],BLACE_HUMAN
[],CJ040_HUMAN
[],RAKDN_HUMAN
[],CB072_HUMAN
[],UBIML_HUMAN
[],CC182_HUMAN
[],EFC10_HUMAN
[],CE052_HUMAN
[],FA47D_HUMAN
[],YK042_HUMAN
[],CU037_HUMAN
[],CK086_HUMAN
[],LRC72_HUMAN
[],F223B_HUMAN
[],YF016_HUMAN
[],CU054_HUMAN
[],TM212_HUMAN
[],F90AR_HUMAN
[],RIAD1_HUMAN
[],ZN815_HUMAN
[],YU005_HUMAN
[],IQCF5_HUMAN
[],CL071_HUMAN
[],YQ047_HUMAN
[],CQ100_HUMAN
[],YB057_HUMAN
[],YA034_HUMAN
[],YV023_HUMAN
[],SPMA1_HUMAN
[],YH009_HUMAN
[],YD021_HUMAN
[],EFCB8_HUMAN
[],YU008_HUMAN
[],YM017_HUMAN
[],BLML_HUMAN
[],TTC34_HUMAN
[],IQCF6_HUMAN
[],YQ037_HUMAN
[],PRR33_HUMAN
[],CP090_HUMAN
[],CI107_HUMAN
[],FM25C_HUMAN
[],FM25G_HUMAN
[],S14L6_HUMAN
[],F243A_HUMAN
[],INS4G_HUMAN
[],CD051_HUMAN
[],CE058_HUMAN
[],CS081_HUMAN
[],F157A_HUMAN
[],PHGR1_HUMAN
[],SIM47_HUMAN
[],NPIA2_HUMAN
[],CK098_HUMAN
[],LMO7D_HUMAN
[],CE067_HUMAN
[],NPIA3_HUMAN
[],SMKR1_HUMAN
[],CMIP7_HUMAN
[],ARMD2_HUMAN
[],CR064_HUMAN
[],INE1_HUMAN
[],GR6_HUMAN
[],ZN861_HUMAN
[],BCE1_HUMAN
[],GAJU_HUMAN
[],TUFT_HUMAN
[],CT18_HUMAN
[],CT62_HUMAN
[],FA87A_HUMAN
[],FA66E_HUMAN
[],F228B_HUMAN
[],YJ018_HUMAN
[],YT014_HUMAN
[],CC079_HUMAN
[],F200B_HUMAN
[],F157B_HUMAN
[],F157C_HUMAN
[],F106C_HUMAN
[],D10OS_HUMAN
[],RN224_HUMAN
[],A14EL_HUMAN
[],NPIA8_HUMAN
[],CH089_HUMAN
[],F231L_HUMAN
[],CT458_HUMAN
[],CT459_HUMAN
[],SIML1_HUMAN
[],SIL2A_HUMAN
[],SIL2B_HUMAN
[],F236C_HUMAN
[],ETDB_HUMAN
[],PR20G_HUMAN
[],SIM46_HUMAN
[],LCE7A_HUMAN
[],NPIA6_HUMAN
[],HRES1_HUMAN
[],CU042_HUMAN
[],DSCR9_HUMAN
[],DSC10_HUMAN
[],F86JP_HUMAN
[],YA037_HUMAN
[],CQ091_HUMAN
[],YL016_HUMAN
[],CATR1_HUMAN
[],ID2B_HUMAN
[],K0087_HUMAN
[],N3AS1_HUMAN
[],TBC28_HUMAN
[],CNPY1_HUMAN
[],ETDA_HUMAN
[],CL036_HUMAN
[],YJ016_HUMAN
[],F106A_HUMAN
[],CE027_HUMAN
[],AK40L_HUMAN
[],TPT1L_HUMAN
[],CF100_HUMAN
[],YI024_HUMAN
[],SIM40_HUMAN
[],F201A_HUMAN
[],CA220_HUMAN
[],BVAS1_HUMAN
[],F27D1_HUMAN
[],TMM78_HUMAN
[],CA185_HUMAN
[],PRR9_HUMAN
[],CF164_HUMAN
[],CF163_HUMAN
[],YI029_HUMAN
[],CX031_HUMAN
[],FA78B_HUMAN
[],CA053_HUMAN
[],CA140_HUMAN
[],CR063_HUMAN
[],YK026_HUMAN
[],CV042_HUMAN
[],R216L_HUMAN
[],SMG1L_HUMAN
[],YF002_HUMAN
[],YO001_HUMAN
[],CB066_HUMAN
[],YS001_HUMAN
[],YV010_HUMAN
[],CD011_HUMAN
[],YA011_HUMAN
[],LEKR1_HUMAN
[],YS039_HUMAN
[],YJ013_HUMAN
[],YO026_HUMAN
[],YU004_HUMAN
[],YN009_HUMAN
[],CQ107_HUMAN
[],YQ015_HUMAN
[],YG024_HUMAN
[],YP029_HUMAN
[],YD019_HUMAN
[],YQ032_HUMAN
[],YL004_HUMAN
[],YF009_HUMAN
[],YQ050_HUMAN
[],YF013_HUMAN
[],YD022_HUMAN
[],YS025_HUMAN
[],CB046_HUMAN
[],NTAS1_HUMAN
[],YI023_HUMAN
[],YP007_HUMAN
[],YF010_HUMAN
[],YT009_HUMAN
[],YK032_HUMAN
[],ZNFDT_HUMAN
[],CG065_HUMAN
[],YC006_HUMAN
[],YL014_HUMAN
[],YL023_HUMAN
[],YK004_HUMAN
[],YP033_HUMAN
[],YS045_HUMAN
[],YK022_HUMAN
[],YS043_HUMAN
[],LCA10_HUMAN
[],YB049_HUMAN
[],CN070_HUMAN
[],CN023_HUMAN
[],GTSC1_HUMAN
[],CI040_HUMAN
[],YK038_HUMAN
[],CNG1O_HUMAN
[],CAAS1_HUMAN
[],CV037_HUMAN
[],YF001_HUMAN
[],CX062_HUMAN
[],YB035_HUMAN
[],UMAS1_HUMAN
[],YJ004_HUMAN
[],YS014_HUMAN
[],CJ126_HUMAN
[],TM148_HUMAN
[],YP021_HUMAN
[],CL033_HUMAN
[],CL061_HUMAN
[],YH007_HUMAN
[],CL076_HUMAN
[],YG045_HUMAN
[],CO054_HUMAN
[],PI4P1_HUMAN
[],YX004_HUMAN
[],TM105_HUMAN
[],YG039_HUMAN
[],YJ012_HUMAN
[],YV006_HUMAN
[],YF006_HUMAN
[],CI163_HUMAN
[],YA026_HUMAN
[],YE027_HUMAN
[],FEAS1_HUMAN
[],CA180_HUMAN
[],YP023_HUMAN
[],YG006_HUMAN
[],CK072_HUMAN
[],YI018_HUMAN
[],CX024_HUMAN
[],YV004_HUMAN
[],SMCR5_HUMAN
[],CG033_HUMAN
[],CN183_HUMAN
[],PLAC4_HUMAN
[],YS006_HUMAN
[],CK040_HUMAN
[],GC224_HUMAN
[],CC049_HUMAN
[],CH044_HUMAN
[],YV007_HUMAN
[],ARAS1_HUMAN
[],CH014_HUMAN
[],CD036_HUMAN
[],CL037_HUMAN
[],IFAS1_HUMAN
[],CU129_HUMAN
[],YP010_HUMAN
[],FEAS2_HUMAN
[],YV008_HUMAN
[],YO028_HUMAN
[],CC140_HUMAN
[],CE034_HUMAN
[],YJ006_HUMAN
[],CF195_HUMAN
[],CR015_HUMAN
[],YI001_HUMAN
[],FACOS_HUMAN
[],GAFA1_HUMAN
[],CDRTF_HUMAN
[],SCAS1_HUMAN
[],YK016_HUMAN
[],SHAS3_HUMAN
[],YX002_HUMAN
[],SNH12_HUMAN
[],TTY12_HUMAN
[],TTY10_HUMAN
[],OCR1_HUMAN
[],YG041_HUMAN
[],T191A_HUMAN
[],MI1HG_HUMAN
[],CO005_HUMAN
[],YJ001_HUMAN
[],YI012_HUMAN
[],KCQ1D_HUMAN
[],YM006_HUMAN
[],CP095_HUMAN
[],HEAS1_HUMAN
[],YD018_HUMAN
[],YG046_HUMAN
[],PPY2_HUMAN
[],IDAS1_HUMAN
[],YN010_HUMAN
[],YP008_HUMAN
[],DHAS1_HUMAN
[],YM012_HUMAN
[],YO007_HUMAN
[],YG001_HUMAN
[],YK039_HUMAN
[],YP002_HUMAN
[],YT001_HUMAN
[],YE014_HUMAN
[],TA6P_HUMAN
[],L3R2A_HUMAN
